Ticker,GOOGL,GOOGL,GOOGL,GOOGL,GOOGL,AAPL,AAPL,AAPL,AAPL,AAPL,AMZN,AMZN,AMZN,AMZN,AMZN,MSFT,MSFT,MSFT,MSFT,MSFT,META,META,META,META,META
Price,Open,High,Low,Close,Volume,Open,High,Low,Close,Volume,Open,High,Low,Close,Volume,Open,High,Low,Close,Volume,Open,High,Low,Close,Volume
Date,,,,,,,,,,,,,,,,,,,,,,,,,
2019-01-02,51.11562276391236,52.78713205227603,51.02007887673615,52.48308563232422,31868000,36.94446559968314,37.88900903303251,36.78704108753549,37.66718292236328,148158800,73.26000213623047,77.66799926757812,73.04650115966797,76.95649719238281,159662000,93.64297941413524,95.7124345886197,93.06917456384244,95.11981964111328,35329300,128.38491360201309,136.86493536205813,127.95692283391503,135.04351806640625,28146200
2019-01-03,52.283532471832274,53.05932246447255,50.87526450245742,51.02952575683594,41960000,34.3422107841645,34.7572381295252,33.86994079774523,33.915260314941406,365248800,76.00050354003906,76.9000015258789,74.85549926757812,75.01399993896484,139512000,94.16033074254226,94.24499411374003,91.43240759575788,91.62054443359375,42579100,134.05819890463425,136.5265614742296,130.50493776211317,131.12203979492188,22717900
2019-01-04,51.879965290383154,53.74305966556406,51.59632151623231,53.64701843261719,46022000,34.47340156263687,35.43225593708189,34.29928244503491,35.36308288574219,234428400,76.5,79.69999694824219,75.91549682617188,78.76950073242188,183652000,93.80289571345104,96.4273457908274,93.05977123906669,95.88175964355469,44060600,133.3813815117622,137.35267071952796,133.12260658504974,137.3029022216797,29002100
2019-01-07,53.7913247982574,53.87741148002804,52.879185626094,53.5400276184082,47446000,35.46802857200159,35.49903742871124,34.80016986131174,35.284366607666016,219111200,80.1155014038086,81.72799682617188,79.45950317382812,81.47550201416016,159864000,95.60897452141552,97.14225243176435,94.98814075267295,96.0040512084961,35656100,136.9147131326291,138.21856558335998,135.2724592432924,137.4024200439453,20089300
2019-01-08,54.04162487380255,54.40737651123098,53.16332435577261,54.010276794433594,35414000,35.67314533765117,36.21220429826707,35.42508548038979,35.95698547363281,164101200,83.2344970703125,83.83049774169922,80.83049774169922,82.8290023803711,177628000,96.92588368231493,97.80070026425463,95.67480059197456,96.70012664794922,31514400,139.23378900964045,142.4685435757686,138.88542475071125,141.8614044189453,26263800
2019-01-09,54.14065778009399,54.3222883445178,53.46289456461974,53.825164794921875,26998000,36.08578375398838,36.85859188920276,35.68984228254517,36.567596435546875,180396400,82.64900207519531,83.38999938964844,82.06999969482422,82.97100067138672,126976000,97.69722540904053,98.65669817399824,97.11401197045893,98.08289337158203,32280800,142.27942664268605,144.02121749221544,140.6073147169991,143.5534210205078,22205900
2019-01-10,53.4912628409432,53.73360397706268,52.98070330990318,53.684837341308594,26598000,36.37440495188372,36.725030654714004,35.98323116880231,36.68448257446289,143122800,82.05049896240234,83.1624984741211,81.08100128173828,82.81099700927734,130154000,97.0952255478401,97.59377573585917,96.30506498108868,97.45267486572266,30067600,142.40883345315282,143.88188672668684,140.17933551404312,143.52357482910156,16125000
2019-01-11,53.24046078386582,53.41313530260546,52.57016534871438,52.970252990722656,30864000,36.46503260152564,36.6606176122784,36.13825688574314,36.324302673339844,108092800,82.02749633789062,83.0145034790039,81.81099700927734,82.02799987792969,93724000,97.06698452005102,97.30215019071561,95.60895449125594,96.70012664794922,28314200,142.47849770856254,144.67813759639466,141.90123177051925,143.12545776367188,12908000
2019-01-14,52.416400414050074,52.67068548710364,52.1780418524101,52.32533645629883,28490000,35.98083924089946,36.08101747084215,35.592049441248335,35.77809524536133,129756800,80.75,82.41000366210938,79.75749969482422,80.8604965209961,120118000,95.85352806958649,96.76597201309896,95.2515045313964,95.99462890625,28437100,141.33388033662743,145.8824498316883,140.60730900703408,144.70797729492188,20520300
2019-01-15,52.64879016437061,54.15459149596521,52.47113837902906,54.06700897216797,37518000,35.8425058585296,36.58668926231533,35.79003101446399,36.5103645324707,114843600,81.5999984741211,83.75800323486328,81.30049896240234,83.72799682617188,119970000,96.42733495962857,98.81661906825462,95.83471286817226,98.77899169921875,31587600,145.3250706662286,149.9731621630156,145.3051754197818,148.25128173828125,24069000
2019-01-16,54.24067855123359,54.855738019122704,54.141653236576936,54.21629333496094,38280000,36.51274559172934,37.18060421377019,36.49366350086684,36.95639419555664,122278800,84.21099853515625,85.25,83.79399871826172,84.18900299072266,127338000,99.01416973322331,99.95483254648335,98.73196801857021,99.12704467773438,29853900,148.30105838333154,148.94800323428012,146.31044014999821,146.847900390625,18025700
2019-01-17,54.14065607414015,54.773130270646625,53.90527781326923,54.69450759887695,24896000,36.77988189121995,37.60516490547045,36.555671907714014,37.17582702636719,119284800,84.0,85.00849914550781,83.875,84.66100311279297,84178000,98.76959804264193,100.30287588579148,98.54384097087421,99.8231430053711,28393000,146.26065114685645,148.30103758734577,145.81276514460507,147.6043243408203,15787900
2019-01-18,55.16575450103173,55.634016697344215,54.70246957662322,55.1015625,44892000,37.56701565558301,37.657654699277074,37.20446312034432,37.404823303222656,135004000,85.5999984741211,85.80999755859375,84.5770034790039,84.80999755859375,120410000,101.08362092737381,101.49751484486087,99.62559793232268,101.31878662109375,37427600,149.04754866281684,151.7149699567033,147.85318069261078,149.336181640625,31029600
2019-01-22,54.53924821537352,54.68704395683312,53.289721383945334,53.67488098144531,39632000,37.30701542527696,37.38334014007424,36.403020131262494,36.565216064453125,121576000,84.05000305175781,84.09349822998047,80.51000213623047,81.6084976196289,128336000,100.4157495883715,100.74498011889754,98.6378975468435,99.40924072265625,32371300,148.5001206707254,150.81919278970582,145.6833939816774,146.87777709960938,22378700
2019-01-23,54.08442766974419,54.38747939744781,53.124520253618485,53.9625129699707,25194000,36.767955347001276,37.00409209177719,36.183580504575076,36.713096618652344,92522400,82.80000305175781,82.87149810791016,80.5999984741211,82.0009994506836,104504000,99.82314802334825,100.68855615586732,99.08942494401606,100.37813568115234,25874300,147.5844339238035,148.10199891450284,142.3889191437845,143.62310791015625,20098400
2019-01-24,53.867961605014024,54.14115728037731,53.246432806419705,53.942108154296875,29114000,36.758415034412614,36.84666650430049,36.193122296744185,36.42210006713867,101766000,82.05349731445312,82.86299896240234,81.58899688720703,82.74649810791016,81798000,100.51922497216353,100.65091718687117,99.08941353149852,99.89838409423828,23164800,143.96149960674987,145.753058924513,141.85144929205703,145.1459197998047,20955500
2019-01-25,54.45116819521487,54.90549706406526,54.33024820363071,54.813438415527344,23260000,37.08519007898912,37.71727199264311,36.8085088877834,37.6290168762207,134142000,83.5250015258789,84.17400360107422,83.08049774169922,83.52850341796875,98918000,100.87666763624381,101.47869120024069,99.89837755057714,100.81082153320312,31225600,146.78818291919956,149.1271653966697,145.8525899282115,148.31100463867188,22237200
2019-01-28,54.24416441555758,54.408376430470625,53.474839876729064,53.73609161376953,29334000,37.1591291211258,37.28793230561794,36.65108262984457,37.28077697753906,104768400,82.17949676513672,82.25,80.70449829101562,81.89450073242188,96754000,99.95482330753528,100.16177025559415,98.44976438077123,98.84484100341797,29476700,147.35550983886606,148.2612447312759,145.52414480757503,146.77822875976562,15508500
2019-01-29,53.794804400471754,53.978428140663084,53.047378404287095,53.248416900634766,19704000,37.268850186364794,37.7172701564587,36.75841615979378,36.894371032714844,166348800,81.5634994506836,81.61900329589844,79.53600311279297,79.69400024414062,92656000,98.65669055494827,98.74135392052516,96.10749577917993,96.8318099975586,31490500,147.39530996503288,147.40527277510418,142.75716626052758,143.51361083984375,17632100
2019-01-30,53.61168528344578,54.71441489809525,53.57585727722987,54.63827896118164,29452000,38.93849370266774,39.63020208904466,38.2181603651777,39.41553497314453,244439200,81.1500015258789,83.84750366210938,80.98400115966797,83.52149963378906,115676000,98.41214193316105,100.06770324707031,98.13934886768241,100.06770324707031,49471900,145.5340909995918,150.24189856964045,145.0165260394173,149.71438598632812,44613200
2019-01-31,55.347386564691384,56.11521524988086,54.99955080042458,56.02663803100586,40232000,39.62065529186557,40.30997965036435,39.25094765000544,39.69936752319336,162958400,84.64250183105469,86.82050323486328,83.9540023803711,85.9365005493164,218206000,97.64080631612524,98.97654583545942,97.0575927678145,98.2334213256836,55636400,164.82319774958563,170.87466388593916,164.22600619761857,165.9080810546875,77233600
2019-02-01,55.847492656859124,56.45011461843598,55.44740883516976,55.66486740112305,33116000,39.82341740201307,40.30522659226303,39.57773773431321,39.718467712402344,130672400,81.94400024414062,83.65299987792969,81.10050201416016,81.3115005493164,230124000,97.62198297831351,97.92299478336884,96.27683490457214,96.68132019042969,35535700,165.06205807880676,168.30677547601843,164.88290973003913,164.93267822265625,30806500
2019-02-04,55.68427522267019,56.84522484025042,55.60963133049794,56.799442291259766,78408000,39.93073847800575,40.94445112849973,39.899729632280334,40.846656799316406,125982000,81.1500015258789,82.48149871826172,80.67500305175781,81.66549682617188,98582000,96.76596305938854,99.52210473066945,96.67189105919286,99.46566009521484,31315100,164.9227195037694,168.50583844014102,162.85247469466714,168.45606994628906,20036000
2019-02-05,56.212749589752015,57.36424586392377,55.912685760336885,57.3194580078125,82296000,41.23069059267507,41.760206866671254,41.10904633928463,41.545536041259766,144406400,82.16699981689453,83.26300048828125,82.125,82.94049835205078,89062000,99.76668456385265,100.90488557989966,99.67261972834298,100.85785675048828,27325400,168.35652052074934,171.1732469679007,167.89868686044414,170.3571014404297,22557000
2019-02-06,57.190077838324605,57.425452310150845,55.651929943852764,55.87735366821289,48256000,41.65763568434292,41.877077914727295,41.22830136807492,41.559844970703125,112958400,83.5374984741211,83.61299896240234,81.66699981689453,82.01300048828125,78798000,100.65090831745765,100.65090831745765,99.26813300819092,99.73846435546875,20609800,170.39690750760775,171.66095426231777,168.4759683176095,169.69024658203125,13281200
2019-02-07,55.32648626408455,55.334944968920766,54.419324339315466,55.03239440917969,38298000,41.120969988273146,41.48829392910484,40.629617895571144,40.77273178100586,126966800,81.25,81.2770004272461,79.64550018310547,80.71849822998047,92532000,98.94831200836727,99.3245713481541,98.10171414047313,99.0235595703125,29760700,167.41098774748926,168.44611771734756,164.47482893703892,165.5995330810547,17517600
2019-02-08,54.483515745530745,54.99208587687791,54.45167031672024,54.85673141479492,21766000,40.480477618436844,40.88051502481208,40.343936000705995,40.82062911987305,95280000,79.30000305175781,79.42949676513672,78.33799743652344,79.41100311279297,113150000,98.19576386492955,99.50328424654043,98.07348031598465,99.39981079101562,21461100,163.69848981337972,166.58488014474156,163.43971491331934,166.54507446289062,12561400
2019-02-11,54.92490516819287,55.40660333890288,54.738297336364354,54.84379196166992,18498000,40.97394734273682,41.01227520891015,40.542767986153166,40.58588409423828,83973600,80.04900360107422,80.4645004272461,79.30000305175781,79.55000305175781,66346000,99.89837984266113,100.25583627595812,98.74136869458707,99.00475311279297,18914100,167.11240151436337,167.51053428979807,164.3056375868081,165.01229858398438,12811200
2019-02-12,55.28618016427025,56.37348444361386,55.28618016427025,56.110740661621094,35036000,40.746366266945294,40.96195403665914,40.650546637515156,40.935604095458984,89134000,80.19999694824219,81.97000122070312,79.94400024414062,81.90049743652344,97172000,99.84194252110234,100.78260525989297,99.22110884537786,100.54743957519531,25056600,166.07727796751814,167.55033119138346,163.72834787081916,164.26580810546875,16292300
2019-02-13,56.38243851238834,56.870606009244774,56.03211221654268,56.162986755371094,28042000,41.055375165954715,41.31647679814434,40.703245801200055,40.765525817871094,89960800,82.3499984741211,82.81900024414062,81.85549926757812,82.0,71206000,101.12123512478749,101.38461951916827,100.37811076824947,100.47217559814453,18394900,164.6042063566393,165.44026226701942,162.96193740352476,163.30035400390625,14205100
2019-02-14,55.98235297098439,56.536204533380364,55.58873464474973,56.19135284423828,21106000,40.65295317751181,41.02424289927531,40.573903336868185,40.91405487060547,87342800,81.2249984741211,81.8949966430664,80.3030014038086,81.13249969482422,82410000,100.00185946696915,100.92371216406113,99.39043439140377,100.55685424804688,21784700,162.42449401537604,164.09660600894796,161.48890103397727,163.18092346191406,12755200
2019-02-15,56.693947748810004,56.693947748810004,55.57031817739705,55.715126037597656,27826000,41.02183490029453,41.12962877192331,40.66251955810217,40.82301330566406,98507200,81.39299774169922,81.44550323486328,80.2249984741211,80.39749908447266,86878000,101.50691218859475,101.87377005584688,100.98954484929735,101.79851531982422,26606900,163.73829779657606,163.92740895925232,160.10542558495243,161.73773193359375,15504400
2019-02-19,55.56633972758992,56.21324460593688,55.56633972758992,56.057491302490234,21980000,40.652954354801764,41.06736384489284,40.60025445951318,40.945194244384766,75891200,80.05000305175781,81.69999694824219,80.02799987792969,81.37899780273438,73634000,101.39402326610434,102.21240231777207,101.38461463056255,101.75147247314453,18038500,159.74710523487713,163.37997725411918,159.5779045159722,161.52870178222656,14345400
2019-02-20,56.17543023019896,56.27744342918969,55.32300687639954,55.762901306152344,24090000,41.00747866611334,41.517707818195674,40.95957066639744,41.20869445800781,104457600,81.5,81.74649810791016,80.50599670410156,81.1050033569336,66752000,101.89319514394548,101.96877128095086,100.41004769006621,101.22247314453125,21607700,161.48888096454772,162.9519863706979,160.49357199096036,161.79742431640625,11770700
2019-02-21,55.672829879116854,55.691243127940275,54.637777502472005,54.94779586791992,33272000,41.15359339271642,41.29013135127921,40.794277973667924,40.9763298034668,68998800,80.99250030517578,81.1780014038086,80.04550170898438,80.97200012207031,69668000,100.98628843332557,103.4235644422162,100.9579491879048,103.35743713378906,29063200,161.170409885105,161.47896849133716,158.84139002488314,159.28927612304688,15607800
2019-02-22,55.22099240381193,55.59669482011608,54.76318208264405,55.56235885620117,29436000,41.100899072957226,41.4410506104486,41.052991074957,41.43386459350586,75652800,81.17500305175781,81.74700164794922,81.05850219726562,81.5780029296875,61924000,103.9620498906475,105.04842626070558,103.7447702922335,104.8311538696289,27763200,159.82673226519643,161.64814968555814,159.55799456390736,161.13058471679688,15858500
2019-02-25,55.82957882079961,56.00225332392317,55.44044045350796,55.60067367553711,26208000,41.71892491494741,42.12854252874818,41.66861913782732,41.73569107055664,87493600,82.07250213623047,82.7300033569336,81.51950073242188,81.6500015258789,63690000,105.57744832103522,105.97421222698704,105.10510827852009,105.4168472290039,23750600,162.30507648831508,165.29100405068314,162.13586056170018,163.84779357910156,18737100
2019-02-26,55.453378605458866,56.054007397676045,55.07170422466459,55.833560943603516,35026000,41.61111626288059,41.99198967210509,41.481760684749126,41.7596321105957,68280800,81.29900360107422,81.99949645996094,80.80650329589844,81.81999969482422,53316000,105.10510992346784,106.97557248499265,105.02008496666916,106.14425659179688,21536700,163.56909857528655,165.46019503225543,163.0316383281301,163.36009216308594,13784100
2019-02-27,55.43546606841291,56.018676302199374,55.164263590544046,55.87735366821289,22092000,41.49135645059792,41.92013796783325,41.3763728690382,41.88899612426758,111341600,81.40899658203125,82.09049987792969,80.75499725341797,82.05449676513672,62976000,105.51131743727996,106.14425134309728,104.74612169327851,105.96475982666016,21487100,162.13585408558868,163.1610212927436,159.65754402762937,162.04627990722656,12697500
2019-02-28,55.683780157079084,56.4297141687437,55.65442146515991,56.05948257446289,27422000,41.75725524812944,41.8985851393733,41.42189190949821,41.476985931396484,112861600,81.76249694824219,82.5885009765625,81.69149780273438,81.99150085449219,60518000,105.84196835111521,106.63549624368551,105.54911980133396,105.83251953125,29083900,161.60832471047328,162.73302879076954,160.10541352053545,160.69264221191406,11114200
2019-03-01,56.2809206887878,57.226401118754694,56.2809206887878,57.15275192260742,34086000,41.74766672099411,41.956068525306904,41.4147011961612,41.9129524230957,103544800,82.75650024414062,83.71299743652344,82.55000305175781,83.58650207519531,99498000,106.64493312097035,106.76773893611451,105.4924222759635,106.30484771728516,23501200,161.83728981859582,162.36480250512034,160.93155475787864,161.51878356933594,11097800
2019-03-04,57.45331917935409,57.99871201900657,56.641697336271235,57.39659118652344,35490000,42.08542092127852,42.57888021404128,41.67340558544547,42.123748779296875,109744800,84.25,85.47149658203125,83.71800231933594,84.80850219726562,123348000,106.76774111126231,106.98502070422992,104.67055735559426,106.04978942871094,26608000,163.1311607388662,166.71427969068517,163.0614969969428,166.5848846435547,18894700
2019-03-05,57.524977153952555,58.54460420322581,57.37668785214867,58.181339263916016,40094000,42.14531767259841,42.159689709266736,41.809954311368514,42.04710388183594,78949600,85.14749908447266,85.38999938964844,84.45050048828125,84.62149810791016,73630000,106.04033649728954,106.17259112880612,105.07676600947781,105.52075958251953,19538300,166.5848677377532,171.07372118951184,165.7687222292947,170.4566192626953,28187900
2019-03-06,58.30922567929079,58.457514970812255,57.87579679792525,57.9698486328125,23602000,41.841086791388626,42.03751432892731,41.66622095917077,41.80515670776367,83241600,84.79850006103516,84.88749694824219,83.41400146484375,83.44750213623047,79920000,105.68134208692663,106.42764006630503,105.26568062820054,105.56797790527344,17687000,172.0889298122832,172.7558002449548,170.46658637731895,171.7007598876953,21531700
2019-03-07,57.74890577884825,57.90217234471172,56.8138734237904,57.268699645996094,30086000,41.64945892331231,41.786000576862335,41.2063053035977,41.321285247802734,99185600,83.36849975585938,83.48750305175781,81.02549743652344,81.29750061035156,99140000,105.23736254315226,105.37906599687508,103.792003171321,104.28323364257812,25339000,170.6955172019317,170.93439686249698,166.82376526180786,168.33663940429688,18306500
2019-03-08,56.425232836085556,57.39808259449472,56.24111173864962,57.224910736083984,23694000,40.79908119177214,41.45782630950687,40.60265362037729,41.419498443603516,95997600,80.20050048828125,81.13600158691406,79.32849884033203,81.04000091552734,93340000,103.12125952667077,104.58550902147138,102.78117419207574,104.39657592773438,22818400,165.42038302790067,168.82433860822377,165.19146616843682,168.804443359375,13184800
2019-03-11,57.32592814197028,58.71478830408908,57.304530806999445,58.68244552612305,30032000,42.037521324569596,42.90706238931015,42.00398535589016,42.85436248779297,128044000,81.30599975585938,83.614501953125,81.30049896240234,83.53099822998047,77528000,104.85001919860014,106.70159092210298,104.84057758896145,106.5882339477539,26491600,170.79506661521688,173.4823984464158,170.77515617858498,171.2628631591797,18884000
2019-03-12,58.83372258184015,59.99865105075366,58.83372258184015,59.57766342163086,42220000,43.11785274066941,43.75743378437187,42.96693908643046,43.335838317871094,129870400,83.44999694824219,84.2135009765625,83.04900360107422,83.65499877929688,72290000,106.578817185128,107.68409126146429,106.4182232849433,107.33456420898438,26132700,171.2827261020489,172.98471121354194,170.41681211205287,171.113525390625,12155300
2019-03-13,60.00959600396819,60.06881073231713,59.61050308584033,59.667728424072266,25888000,43.6568253981783,43.90834693397059,43.33823194019415,43.52747344970703,124130000,84.1500015258789,85.0,83.96749877929688,84.54049682617188,71040000,107.81634404213477,108.6382183757932,107.48570742767598,108.16587829589844,35513800,171.51168494874824,173.21365513934023,171.31261096325505,172.55674743652344,11973300
2019-03-14,59.665741881149366,59.94839094963808,59.278095530788164,59.3427848815918,27302000,44.05207451978656,44.099986172540426,43.73108691515278,44.0113525390625,94318000,84.55999755859375,85.0999984741211,84.21700286865234,84.31099700927734,58932000,108.2036553309959,108.82714042504936,108.00527338255448,108.25088500976562,30763400,168.96366949681055,170.34714855591167,167.37118402889064,169.3717498779297,18037400
2019-03-15,59.61498555861463,59.80009755760555,59.06809687690819,59.231815338134766,51886000,44.27965587142425,44.873723243629456,44.013762209425046,44.5838737487793,156171600,85.1500015258789,85.94000244140625,84.65650177001953,85.61799621582031,151018000,108.95938924306255,110.76373152746648,108.25087923329198,109.49786376953125,54681100,166.3758733963894,166.79390139742011,161.74767695249813,165.20140075683594,37135400
2019-03-18,59.20146142157516,59.4632104995566,58.79291509003676,59.14473342895508,24442000,44.50720669034818,45.127623807917495,44.50480891478156,45.03899383544922,104879200,85.63500213623047,87.5,85.63150024414062,87.10749816894531,108582000,109.74349398458538,111.10383574026339,109.63013697650405,111.06604766845703,31207600,162.802718965027,163.1311576076952,158.5328343637987,159.71725463867188,37524200
2019-03-19,59.30247809378082,59.88420010085999,59.19001679989932,59.8369255065918,29788000,45.11804668584386,45.27135447137798,44.53595373184279,44.68207550048828,126585600,87.67549896240234,89.20800018310547,87.67549896240234,88.09249877929688,127284000,111.55724819655673,111.88789193413871,110.51810172692485,111.14159393310547,37588700,160.72251390758814,163.05154881186098,160.06562142469215,160.81210327148438,25611500
2019-03-20,59.78417598535212,61.20687474796459,59.694106721888026,61.029720306396484,41508000,44.61021907420678,45.39113382030039,44.25090354960564,45.072540283203125,124140800,88.49700164794922,89.9749984741211,88.35150146484375,89.8635025024414,125312000,110.89597015060966,112.18073535952452,110.25358754615222,111.0187759399414,28113300,160.7424052385311,165.34072800835764,160.4836303631279,164.66392517089844,20211500
2019-03-21,60.709747248568604,61.52783457665809,60.539559480419676,61.51240921020508,28150000,45.51807879023726,47.02959841754158,45.46777302277407,46.73256301879883,204136800,89.81300354003906,91.1875,89.36399841308594,90.96299743652344,115356000,110.6598114440692,114.13623403248229,110.61257456249179,113.56942749023438,29854400,164.11652875212837,165.6094925100241,162.98187690361615,165.3009490966797,16223000
2019-03-22,61.150149705295796,61.388010933036696,60.01308404564569,60.095191955566406,34422000,46.79245306146932,47.35538206911971,45.70013466420761,45.76481246948242,169630800,90.50849914550781,90.9489974975586,88.15550231933594,88.2385025024414,127260000,112.88925394756791,112.9742716834883,110.56534213704224,110.57479095458984,33624500,164.87294427156255,166.63464560887888,163.32026452499687,163.569091796875,16389200
2019-03-25,59.692615662804336,60.18426461498486,59.216889425899176,59.58413314819336,27576000,45.8750009912773,45.987586794024466,44.69884450164073,45.21146774291992,175381200,87.8895034790039,89.13400268554688,87.375,88.71299743652344,102076000,110.11190815467609,111.48169859926092,109.88518695283817,111.15106201171875,27067100,162.23538837147908,165.7587760132471,161.2400792403657,165.50994873046875,12631200
2019-03-26,59.97277328005129,60.09518911777566,58.80685012594542,59.208927154541016,30752000,45.91093424315701,46.203177772062595,44.21496485832889,44.744354248046875,199202000,89.6500015258789,90.28849792480469,88.66799926757812,89.18800354003906,97318000,112.05793655000727,112.14295428468584,110.3858490279693,111.38721466064453,26097700,166.56499395921668,168.6551340823663,165.56968479946568,166.8934326171875,15437900
2019-03-27,59.31242933340981,59.31242933340981,57.93451470016838,58.6202392578125,29428000,45.21385383599008,45.45579155258469,44.68685865475858,45.14678192138672,119393600,89.20649719238281,89.375,87.28399658203125,88.28500366210938,86496000,111.35888291915896,111.67062906883459,109.12943740015118,110.31028747558594,22733400,167.06262649761533,168.14750969367842,164.01696811334892,165.09190368652344,10620300
2019-03-28,58.49533672692745,58.58241810413766,57.89470795245112,58.33460235595703,22402000,45.261759039422934,45.40788077049232,44.921607591964424,45.2066650390625,83121600,88.5,88.89649963378906,87.67350006103516,88.6709976196289,60860000,110.94322223184933,111.0754768561273,109.70568652276783,110.46143341064453,18334800,163.79802358925264,165.93793204948196,162.56383485509318,164.77342224121094,10443000
2019-03-29,58.72822119188152,58.916822212716546,58.04150572903916,58.56450653076172,30890000,45.47257581418501,45.53246173234279,45.16356242960888,45.501319885253906,94256000,89.3290023803711,89.64299774169922,88.83149719238281,89.0374984741211,66416000,111.53837130047324,111.77454130891901,110.48977588638711,111.41556549072266,25399800,165.60948527870397,166.4057356189227,164.03689503325526,165.9080810546875,13455500
2019-04-01,59.094472785855174,59.724460284391434,59.03575540123112,59.663753509521484,27706000,45.906141613557615,45.91572175059921,45.12523068699291,45.810325622558594,111448000,90.00550079345703,90.78350067138672,89.9365005493164,90.70950317382812,84776000,112.36969421496568,112.52084648941533,111.56671757712907,112.43582153320312,22789100,167.04274673485327,168.10771969346527,166.49532363126147,167.90866088867188,10381500
2019-04-02,59.71699294078382,60.00362457513509,59.27859058118384,59.99018859863281,18288000,45.77438881230826,46.581653285633685,45.764808675909656,46.476253509521484,91062800,90.5510025024414,91.0,90.25599670410156,90.6989974975586,68962000,112.47361488688493,112.87038602229073,111.96348674765247,112.59642791748047,18142300,169.34187557891093,174.07954103338696,168.75464690369344,173.38282775878906,23946500
2019-04-03,60.346481813888616,60.73960276054902,59.96729798752325,60.25243377685547,22180000,46.29180631270182,47.07032310709396,46.26785048773917,46.79484939575195,93087200,91.33599853515625,91.5,90.48100280761719,91.03500366210938,78522000,113.22935182940513,113.76781917179834,112.55862985606177,113.33326721191406,22860700,173.6814403210659,177.12521653645277,172.1387081575625,172.72593688964844,27391100
2019-04-04,60.27632486830845,60.73712309729177,60.164360917751516,60.6823844909668,21022000,46.66069412962246,47.039173439156556,46.26544866952068,46.876285552978516,76457200,91.03250122070312,91.4375,90.20999908447266,90.94300079345703,72478000,113.45608798633681,113.57890102222711,111.83123692628664,112.75702667236328,20112800,175.19430541992188,177.16501311109815,174.70659851193915,175.19430541992188,17847700
2019-04-05,60.674916915917784,60.72915817147458,60.21362136645517,60.28428268432617,20012000,47.058340465679805,47.214046001998675,46.933776767653775,47.19009017944336,74106400,91.44999694824219,91.92900085449219,91.2594985961914,91.86399841308594,72810000,112.78533521032006,113.57887009190637,112.76644478312468,113.25767517089844,15826200,176.05029903011655,176.1697312761582,174.27864984016952,174.89573669433594,9594100
2019-04-08,60.267362604950094,60.40868523443229,59.94838819700883,60.12653732299805,21750000,47.05115957437345,47.963820223892334,47.03199564527109,47.932682037353516,103526800,91.6614990234375,92.51000213623047,91.25550079345703,92.49299621582031,75056000,113.18211462002344,113.38049656588117,112.07684068995742,113.29547882080078,15116200,174.3881213081322,174.6767542767004,173.4127074149852,174.1094207763672,7297400
2019-04-09,59.80855899762605,60.07030427675848,59.633891300295716,59.848365783691406,19668000,47.98539088647999,48.59143609378865,47.72428550196982,47.788963317871094,143072800,92.27449798583984,92.65450286865234,91.58899688720703,91.79199981689453,74288000,112.06739874835718,112.92706110716364,112.02016906730434,112.68144226074219,17612000,174.79618147569983,178.3494422971531,174.72651773517563,176.7469940185547,19751000
2019-04-10,59.96780324354017,60.159384572082274,59.747356772100325,60.03547668457031,15510000,47.59252055034829,48.08598343518573,47.472748750708625,48.05723571777344,86781200,92.05000305175781,92.4000015258789,91.44049835205078,92.36650085449219,59280000,113.13488683127478,113.69224461123034,112.92705606338053,113.54109954833984,16477200,177.34415176571775,177.95129086812088,175.71184559999284,176.98585510253906,11701500
2019-04-11,60.157386908217944,60.348474659436974,59.94042569628688,60.19172286987305,16998000,48.11233105466792,48.148261130767175,47.53503013103932,47.657196044921875,83603200,92.43499755859375,92.49749755859375,92.0155029296875,92.20349884033203,53096000,113.87172941060862,114.16457790772184,113.2860252090457,113.67334747314453,14209100,177.40387836153258,177.56311625632148,176.16968975685737,176.6772918701172,8071000
2019-04-12,60.49179240180631,60.8615266581311,60.37584967378406,60.845603942871094,24312000,47.71708464760253,47.942256217646225,47.00085161901344,47.63803482055664,111042800,92.41999816894531,92.57499694824219,92.06500244140625,92.15299987792969,62288000,113.96619234472254,114.28738728611536,113.71113192105035,114.25904083251953,19745100,177.1650263113996,178.78738506393435,177.1152578171281,178.25987243652344,12329800
2019-04-15,60.91327734204586,61.17253969342763,60.43904694515252,61.034698486328125,23796000,47.56858319976226,47.87280468904398,47.43204155117449,47.72428512573242,70146400,92.0999984741211,92.34249877929688,90.94499969482422,92.24349975585938,74488000,114.24962311694084,114.85421785471448,113.90008885618447,114.3535385131836,15792600,177.6626820543894,179.6533003407131,176.04032329112766,178.80728149414062,10834800
2019-04-16,61.207375029657406,61.50495213630069,60.9605539523926,61.30242156982422,22622000,47.779374527172074,48.236900087149166,47.563783064922795,47.729068756103516,102785600,92.56749725341797,93.4885025024414,92.4000015258789,93.1520004272461,60892000,114.91087105633542,114.92031987409632,113.45606303661539,114.08899688720703,14071800,178.1603398750975,179.32484977136866,177.46362649962063,178.03094482421875,11215200
2019-04-17,61.55570157899058,61.95877707502396,61.35167899159371,61.71195602416992,30366000,47.798539974770605,48.718390400666316,47.57576612699448,48.658504486083984,115627200,93.64949798583984,93.82350158691406,93.02200317382812,93.24099731445312,57870000,114.53298932308108,115.10924464000192,113.87171627448456,115.0336685180664,19300900,178.75752122912067,179.89217300067355,177.52333247224087,177.9413604736328,9973700
2019-04-18,61.953799613156086,62.0005768567149,61.67563048254083,61.778141021728516,24750000,48.65609898447572,48.90282862096692,48.51237500538665,48.8333625793457,96783200,93.43949890136719,93.54100036621094,92.9739990234375,93.08450317382812,54998000,115.43047363124744,116.68689279449333,114.58970884668248,116.54519653320312,27991000,177.96126002342217,178.0408865693711,176.50810213747266,177.44369506835938,11655600
2019-04-22,61.53928693683098,62.4185822622509,61.375071120153756,62.38972091674805,19084000,48.586634897548564,49.09207210290908,48.469257203029855,48.993858337402344,77758000,92.7699966430664,94.4209976196289,92.28199768066406,94.3655014038086,67476000,115.83665494016493,117.14031064137156,115.78941806100424,116.91358947753906,15648700,177.41384404162125,180.81779928295586,177.41384404162125,180.58888244628906,13389900
2019-04-23,62.53303153539711,63.41829875449602,62.30064115492105,63.227210998535156,31868000,48.96989560373288,49.76518209737605,48.84293779019211,49.700504302978516,93292000,94.55999755859375,96.46299743652344,94.47899627685547,96.1884994506836,92808000,117.23478878546338,118.63291838324955,116.9797283518464,118.50066375732422,24025500,181.88279291888955,183.35584615485925,180.62869371571574,182.91790771484375,19954800
2019-04-24,63.22720965351548,63.396900072309464,62.69077669030857,62.70271682739258,23396000,49.6717635822411,49.940051258313886,49.597505647267056,49.62385559082031,70162400,96.25,96.4844970703125,94.90799713134766,95.0875015258789,73516000,118.8312858163835,118.88796430419372,117.63153830393868,118.09443664550781,31257000,183.6245853271154,184.27153018132606,180.7978958792481,181.72354125976562,37289900
2019-04-25,63.212785331552226,63.337190562479954,62.60071372145374,63.06549072265625,31344000,49.54480867165891,49.76758248967233,49.135187462377075,49.17351531982422,74172800,95.8499984741211,96.12249755859375,95.0155029296875,95.11250305175781,121982000,122.8650791341199,124.10260763422319,121.7031267641713,122.00541687011719,38033900,196.0559905545706,197.54895426769116,191.21878751657155,192.3534393310547,54148800
2019-04-26,63.36605056598472,63.64123562953391,62.9490455163853,63.56708908081055,27228000,49.08249047068796,49.10644629679352,48.41655944258701,48.93876647949219,74596400,96.44999694824219,97.55000305175781,94.9000015258789,97.53150177001953,168652000,122.52498390997219,123.2996283708048,121.88260847728621,122.70447540283203,23654900,191.597007854264,191.99512543206336,188.20300007020043,190.5917510986328,22075000
2019-04-29,63.72085013253517,64.53993976800093,63.282945115415366,64.50161743164062,72368000,48.96272141555781,49.33880670680806,48.83336945066205,49.01302719116211,88818800,97.44999694824219,97.81700134277344,96.70449829101562,96.92150115966797,80426000,122.71391644711541,122.97842567284572,122.19435402029126,122.59111785888672,16324200,190.05428182843636,194.49336738225173,189.75568604179372,193.86631774902344,19641300
2019-04-30,59.24823578039427,59.76327140989139,58.86855081120868,59.66275405883789,133178000,48.64173064636029,48.72317460621088,47.695534005365545,48.06922149658203,186139600,96.50499725341797,96.7854995727539,95.34750366210938,96.32599639892578,70120000,122.62890835169401,123.46967297413381,122.23214448191406,123.37521362304688,24166500,193.27907000114422,196.4640559756378,191.3780260397144,192.49276733398438,23494700
2019-05-01,59.59010305651755,59.67718823304743,58.30524552217915,58.38685607910156,74340000,50.27542222183197,51.57614248143357,50.119716656894155,50.42873001098633,259309200,96.65450286865234,97.18199920654297,95.52749633789062,95.57599639892578,62340000,123.30908283561544,123.42243982621928,120.63563662804668,120.80567932128906,26821700,193.86630261982248,195.25972926579593,192.10460128460426,192.12451171875,15996600
2019-05-02,58.35102532514955,58.68841297962153,57.64091935901545,58.0479736328125,45098000,50.26582964959497,50.93894660089634,49.85621212822972,50.10054397583008,127985200,95.66649627685547,96.07749938964844,94.09349822998047,95.04100036621094,79258000,120.90015317669582,120.91904360603114,118.57623396493616,119.22806549072266,27350200,192.0946580685494,193.08996717771288,188.85990346376812,191.62686157226562,13209500
2019-05-03,58.59038212356581,59.28655480807638,58.39830345951256,59.194496154785156,41588000,50.51735810702997,50.74492383406222,50.35925842735228,50.723365783691406,83569600,97.44999694824219,98.22000122070312,96.80000305175781,98.12300109863281,127632000,120.31444053401853,122.269920559682,120.21052516161413,121.76924133300781,24911100,193.46818679944053,195.2398357740529,192.80133152807173,194.55307006835938,14575400
2019-05-06,58.32116847529378,59.48709540841769,58.27936850155967,59.38906478881836,31774000,48.93636743479356,50.02629170170755,48.747129571991984,49.94005584716797,129772400,95.89900207519531,97.94999694824219,95.5250015258789,97.52749633789062,108356000,119.39812102947833,121.44807518139439,119.13361174630688,121.06075286865234,24239800,190.342919833072,193.36865284778966,189.65615411660735,192.9705352783203,13994900
2019-05-07,59.00838682256858,59.45425322207631,57.97283705250618,58.662540435791016,36604000,49.31725690284394,49.68615258343272,48.107560516808554,48.593833923339844,155054800,96.99949645996094,97.45500183105469,95.16899871826172,96.05000305175781,118042000,119.46421906202657,120.14438974190732,117.34813810810307,118.57621765136719,36017700,191.63680170842514,191.99511358121268,186.96881492609154,188.8798065185547,16253000
2019-05-08,58.584407788051415,58.931749993201834,58.103708104973435,58.260459899902344,25520000,48.36385755349484,49.18788822753808,48.32792747096506,48.60340118408203,105358000,95.94349670410156,96.76850128173828,95.5,95.88849639892578,81572000,118.50066803377204,119.3792207704592,117.84883649151925,118.5667953491211,28419000,188.50158861710437,189.8253515339713,187.66553262346574,188.65087890625,12505700
2019-05-09,57.85340844737934,58.424177417791746,57.45729958834071,58.120628356933594,29556000,48.00455154406425,48.31116715907687,47.10866052885249,48.081207275390625,139634400,95.0,95.47000122070312,93.80000305175781,94.99349975585938,106166000,117.4142881256275,118.83130824704612,116.73411731417264,118.5573501586914,27235800,186.3218500889637,188.87980162313505,185.38625715720005,187.76504516601562,12967000
2019-05-10,58.16391814067382,58.534145905374594,57.04576324427722,58.10420227050781,31650000,47.47281709736525,47.81668552890856,46.35465119827149,47.415103912353516,164834800,94.9000015258789,95.18949890136719,92.80000305175781,94.4990005493164,114360000,117.99997688896755,120.8529071878936,116.97027198801776,120.09716033935547,30915100,187.36693827700608,189.10872920388397,183.72410332214784,187.45651245117188,12578500
2019-05-13,56.98953829727228,57.3244354394631,56.0072351039984,56.5590934753418,45626000,45.137907058112255,45.563529543517554,43.96924130771989,44.65937805175781,229722400,91.8280029296875,92.3270034790039,90.9000015258789,91.13400268554688,115668000,117.24425747633381,118.60459923909666,116.23344997409691,116.52629852294922,33944900,182.63922813420237,184.56016749447133,179.99170216318436,180.68841552734375,16833300
2019-05-14,56.84423093047899,56.971122891342574,55.90919857008982,55.97538375854492,40392000,44.82529938703794,45.61643146758638,44.58483321834299,45.36634826660156,146118800,91.9749984741211,92.62200164794922,90.7874984741211,92.00599670410156,92582000,117.01753056444882,118.91633244079364,116.85692946440633,117.8299560546875,25266300,181.66382928046454,182.62928036546785,177.26456468487194,179.88221740722656,17628100
2019-05-15,55.860436087261995,58.63467504779777,55.80321074338917,58.26145935058594,59302000,44.79162035499784,46.109373522683946,44.731503831500206,45.909786224365234,106178800,91.39749908447266,93.72149658203125,91.1500015258789,93.55750274658203,93852000,117.82046404161828,120.14349456133432,117.28948005658538,119.48925018310547,24722700,179.57364605364526,186.40146632874323,179.17552853275026,185.39620971679688,16746900
2019-05-16,58.313207847261616,59.42389884351859,58.144515907556034,58.94319534301758,35308000,45.66692301760151,46.28251571508548,45.40962250071928,45.707801818847656,132125600,94.2969970703125,95.87550354003906,94.114501953125,95.37850189208984,94156000,120.18140985751204,122.67511948077474,119.90643771638348,122.24842834472656,30112200,184.18195192070448,187.6953918273591,184.18195192070448,186.11285400390625,12953100
2019-05-17,58.51175809221284,59.032268366567536,58.04349588603903,58.16093444824219,25362000,44.95033059336452,45.90498139483426,44.90945179277733,45.448097229003906,131516400,94.65249633789062,95.52649688720703,93.36650085449219,93.44999694824219,94732000,121.66057474002949,123.69916373935858,121.29078633074188,121.43302154541016,25770500,183.97292202648697,186.70007430377083,183.41555138580668,184.43077087402344,10485400
2019-05-20,57.375689924386556,57.375689924386556,56.63622525419657,56.96067428588867,30602000,44.13034555149444,44.32993288126824,43.351233963256945,44.02694320678711,154449200,92.6344985961914,93.38899993896484,91.7770004272461,92.94850158691406,75964000,119.96333513588748,120.9778841035706,119.24272591881484,119.67888641357422,23706900,181.0268285014773,183.36579583272658,180.51921112794926,181.86288452148438,10352000
2019-05-21,57.449335123783,57.624500166337924,56.89349420338466,57.44734573364258,20562000,44.53913489044487,45.20763040826336,44.414091481082465,44.87097930908203,113459200,93.739501953125,93.94999694824219,92.30000305175781,92.8759994506836,80102000,120.82618679156104,120.92100303800294,120.02023784578108,120.32365417480469,15293300,183.70423665086938,184.82892578272805,183.02741845950777,183.95306396484375,7502800
2019-05-22,57.28860430923996,57.91212245725965,57.276163027822335,57.51750946044922,18826000,44.40447771902691,44.65696789660756,43.89709402341663,43.95240020751953,118994400,92.58899688720703,93.57450103759766,92.55000305175781,92.98400115966797,58732000,120.05814493061126,121.59419389853299,119.9633214666294,121.05372619628906,15396500,183.86342449170687,185.86400527077356,182.74868328874703,184.45066833496094,9213800
2019-05-23,57.03083980108679,57.22889042941582,56.38841103480094,56.994510650634766,25214000,43.23580973331932,43.41375231638336,42.757280826698924,43.202144622802734,146118800,91.82949829101562,92.19999694824219,90.20999908447266,90.77400207519531,88486000,119.65990578705245,119.74524545825878,118.2755685673865,119.64094543457031,23603800,181.5642928851887,183.03734617123723,178.82719272925158,180.0215606689453,12768800
2019-05-24,57.32592741365289,57.44336597899068,56.5650653750281,56.65961456298828,18554000,43.331981319494176,43.7984860418829,42.952044521561305,43.03620910644531,94858800,91.79450225830078,92.08799743652344,90.89250183105469,91.16400146484375,67394000,120.33311411686152,120.81667904806626,119.4418256621466,119.69783020019531,14123400,181.47472501440942,182.7686299887221,179.98176124109776,180.21067810058594,8807700
2019-05-28,56.802430169755226,57.549358845877215,56.66259578511911,56.706886291503906,20948000,43.02419475079899,43.425772702897646,42.781325307449706,42.858272552490234,111792800,91.63749694824219,92.4635009765625,91.36750030517578,91.82150268554688,64000000,120.39950641965397,121.36664367850013,119.51770160981675,119.62200164794922,23128400,180.68840882925286,183.8435520671503,180.59883465444122,183.44541931152344,14843300
2019-05-29,56.36551744326629,56.479971920281095,55.33295559858446,55.73055648803711,36230000,42.42303957396972,43.12760733187938,42.32204422691672,42.65388870239258,113924800,91.15599822998047,91.5,90.37650299072266,90.95950317382812,85580000,118.88241814018392,118.89190193478987,117.61186455558423,118.46522521972656,22763100,182.63922545587087,183.69425070429963,180.49931690007384,181.3353729248047,12797700
2019-05-30,55.7410071601103,56.0719255281491,55.52951675007428,55.803707122802734,18088000,42.790946015164984,43.09874236022646,42.48314967010351,42.8751106262207,84873600,91.27449798583984,91.47350311279297,90.3915023803711,90.81600189208984,62938000,118.7686500972138,119.24273858544503,118.31352196554467,119.21429443359375,16829600,182.22119870487322,182.61931628496413,180.04146926392696,182.15151977539062,8581500
2019-05-31,55.018957651669425,55.405108152292975,54.905000523859094,55.06175231933594,31582000,42.377337991615725,42.80056065810064,42.07916238847009,42.0984001159668,108174400,89.50050354003906,89.77950286865234,88.63500213623047,88.75350189208984,92376000,117.79201561342676,118.16180401359854,116.92917119034898,117.27051544189453,26646800,179.434328427484,179.6931033334349,176.328968807225,176.63751220703125,15226500
2019-06-03,53.09267007413435,53.096151507171506,51.107163634141074,51.689876556396484,96890000,42.22585188982359,42.783731376927086,40.94416703750115,41.67277908325195,161584400,88.00050354003906,88.31449890136719,83.5999984741211,84.6344985961914,181974000,117.43172377809955,117.92477988499829,112.84255042290611,113.62953186035156,37983600,174.17908362486003,174.22885211476645,160.25470455796818,163.37997436523438,56059600
2019-06-04,51.976008060258806,52.6701913941986,51.55502041300055,52.473628997802734,60512000,42.18736612791507,43.24301198390664,41.96613779315561,43.197322845458984,123872000,84.96199798583984,86.54100036621094,84.04450225830078,86.47799682617188,113582000,114.99488868961531,116.89124241400611,114.39753987067775,116.7774658203125,29382600,162.942049343214,167.49060375091634,160.08550207597662,166.71426391601562,46044300
2019-06-05,52.499003893062564,52.589073152659765,51.4042394537214,51.98346710205078,46988000,44.31308850460986,44.48382103423259,43.55802516740766,43.894676208496094,119093600,87.4800033569336,87.5999984741211,85.76249694824219,86.92500305175781,84796000,118.47471216673195,119.34704049656126,117.77306321870991,119.30911254882812,24926100,166.69436830575017,167.92855709039114,163.85774640666835,167.38113403320312,19758300
2019-06-06,52.06159846164433,52.25019569364751,51.52914423834235,52.138729095458984,29020000,44.02453762991812,44.59925150916613,43.800902230627514,44.53913497924805,90105200,86.885498046875,88.0,86.30650329589844,87.71800231933594,73786000,119.88748713652623,121.33819660686855,119.09101479487788,121.19596862792969,21459000,167.5105319553085,168.9039586818794,166.44554388147682,167.54039001464844,12446400
2019-06-07,52.46317576788188,53.41612022560861,52.30741866807551,53.16432189941406,43828000,44.849335713763274,46.15025833239398,44.67139312932352,45.724632263183594,122737600,88.18499755859375,90.3125,87.97450256347656,90.20149993896484,96164000,122.49495349314418,125.39637195854812,121.61314161497572,124.59041595458984,33885600,169.3717589308213,173.05439980703665,168.04799591777066,172.53684997558594,16917300
2019-06-10,53.59376996538879,54.48152775585917,53.508180627577765,53.880401611328125,28510000,46.12380004462165,46.979858736253505,46.07811090053658,46.3089599609375,104883600,91.0999984741211,94.24349975585938,90.9000015258789,93.03150177001953,107420000,125.53860928096786,127.13155391397021,125.15934432779284,125.72825622558594,26477100,173.93026004005935,177.02567185627217,172.98471946068867,173.99993896484375,14767900
2019-06-11,54.58850949886643,54.93784107395849,53.721655570116745,53.794803619384766,33508000,46.85723507063708,47.1313663403375,46.5542490365121,46.845211029052734,107731600,94.1624984741211,94.68499755859375,92.9000015258789,93.18499755859375,80854000,126.94191152551736,127.2832557439343,124.4766461182806,125.25415802001953,23913700,177.64276401567483,179.13572766651606,175.9606892057732,177.26455688476562,15266600
2019-06-12,53.7405662079469,53.86845285566363,53.22552679487723,53.69826889038086,23670000,46.63840421020281,47.12414681008803,46.50374376727745,46.69611740112305,73012800,92.6989974975586,93.25,92.21900177001953,92.76599884033203,53566000,124.59041146388824,125.1308791226447,123.93618169995989,124.6757583618164,17092500,177.5432310583008,178.42905549463214,172.06903134930224,174.21888732910156,17699800
2019-06-13,53.9774357234007,54.56860730391138,53.87094640226667,54.29093551635742,20814000,46.818750011804745,47.32132329173808,46.55423949726058,46.686492919921875,86698400,93.33599853515625,94.15450286865234,93.11100006103516,93.51499938964844,55916000,125.14038503767217,126.10752954083871,124.74215247002277,125.46277618408203,17200800,174.70661006825563,177.19488288890213,173.79092749272317,176.63751220703125,12253600
2019-06-14,54.227735344335954,54.47754047042509,53.816702304182144,54.05655288696289,24582000,46.06127976653175,46.551828970276844,45.76069715733906,46.347434997558594,75046000,93.19999694824219,93.80000305175781,92.94999694824219,93.4834976196289,57024000,125.40587312463828,126.85658264200059,124.81800806919331,125.58602905273438,17821700,179.6632246944326,180.9869875058471,179.15562256456207,180.47938537597656,16773700
2019-06-17,54.19589512945586,54.801994755428645,54.14115652563316,54.43425369262695,19770000,46.38590728177779,46.881270509200554,46.21036806350342,46.62397003173828,58676400,93.82499694824219,94.78450012207031,93.77249908447266,94.30149841308594,52686000,125.75668621371534,126.79967195152378,125.66186275208324,125.96528625488281,14517800,184.1421159782311,188.61105893706437,183.54493967967477,188.12335205078125,29459900
2019-06-18,55.31056053205645,55.672826946526534,54.777609004803445,54.99905014038086,34526000,47.14337995516395,48.162953877703266,46.941389310421805,47.720497131347656,106204000,95.06749725341797,96.08350372314453,94.989501953125,95.06849670410156,77914000,127.23583081878937,128.23141922494509,126.64796590781442,128.1555633544922,25934500,193.08998078786746,193.61749343792945,186.4015018878674,187.58592224121094,37571400
2019-06-19,55.09857458643435,55.20755444144689,54.5407404789025,54.96272277832031,26714000,48.01627490598919,48.06437106719529,47.446371354072,47.581031799316406,84496800,95.39199829101562,95.97899627685547,94.62349700927734,95.43949890136719,57906000,128.00386726911648,128.88566474342727,126.87553456867434,128.65811157226562,23744400,186.1228112797516,187.21765742098805,183.68430689668395,186.60055541992188,21417100
2019-06-20,55.8181338540102,55.86889367490056,55.08663054437137,55.39515686035156,24018000,48.18218881333447,48.239901995296194,47.619499048787546,47.9633674621582,86056000,96.66649627685547,96.76000213623047,95.29000091552734,95.90950012207031,64344000,130.32691744927348,130.5260409725157,128.68657539487913,129.8528289794922,33042600,190.0542672578422,190.2632888486311,186.7597966075269,188.64093017578125,14635700
2019-06-21,55.22895169977907,56.06047501600074,55.22198503774544,56.000762939453125,50774000,47.80466081318877,48.297617045839175,47.64835564861981,47.79985046386719,191202400,95.80500030517578,96.29750061035156,95.37899780273438,95.56500244140625,78672000,129.5019767985098,130.5923742278872,129.3882002230696,129.87176513671875,36727900,187.8645895825595,191.0993441051731,187.8645895825595,190.24337768554688,22751200
2019-06-24,55.73354030010638,55.91119208359062,55.4006325588121,55.5693244934082,24236000,47.742130248818576,48.13168776362541,47.65315898018992,47.75175094604492,72881600,95.63300323486328,95.84300231933594,95.06500244140625,95.69499969482422,45660000,129.90022426366764,131.22766602367557,129.90022426366764,130.63980102539062,20628800,191.51736967294505,193.07004939418573,190.67136607468504,191.696533203125,15509000
2019-06-25,55.48871196795118,55.51956270162058,53.97196142564332,54.12025451660156,31644000,47.71569132459254,47.91527864823954,46.9606278404111,47.02796173095703,84281200,95.59200286865234,95.81950378417969,93.62100219726562,93.91349792480469,60246000,130.1373021206093,130.45967885025573,125.85153773742755,126.5152587890625,33327400,191.9752197766105,192.23399466942982,187.24750165729102,187.95416259765625,16750300
2019-06-26,54.290439312244594,54.49546039823681,53.42905993564106,53.75897979736328,34698000,47.556985751524515,48.331286954258495,47.45599042106641,48.04513168334961,104270000,94.6240005493164,95.19000244140625,94.36599731445312,94.8915023803711,48838000,127.38755820405471,128.70552337047243,126.67642560775676,126.98931121826172,23657700,188.65087963810572,189.865157951906,186.43134460333138,186.7797088623047,12808600
2019-06-27,54.07895605639084,54.16404805085119,53.53654726878739,53.57536315917969,24078000,48.16294645432512,48.470746392632805,47.98981426353218,48.03069305419922,83598800,95.0999984741211,95.56199645996094,94.9020004272461,95.21399688720703,42834000,127.18844519268879,127.72891295506916,126.5910891328012,127.19792175292969,16557500,188.98929103201445,197.94707266014254,187.38684282216087,188.61106872558594,11159000
2019-06-28,53.60521842429651,53.88239288330078,53.43453329372117,53.88239288330078,33672000,47.77580483254112,47.97298880338543,47.383847569468884,47.59305191040039,124442400,95.45500183105469,95.64700317382812,94.19999694824219,94.68150329589844,60748000,127.5961726074151,127.6246167570238,126.2592397036802,127.01778411865234,30043000,189.6561460875619,192.29370904486225,189.04900694813657,192.0946502685547,16378900
2019-07-01,54.790051045623045,55.16575726399659,54.50590993006613,54.73830032348633,29196000,48.85550012954159,49.1729171624725,48.24952449254186,48.465946197509766,109012000,96.14900207519531,96.49099731445312,95.73300170898438,96.1094970703125,63842000,129.54941550080315,129.61578036095145,127.97543836203401,128.6486358642578,22613500,194.29428999286284,194.3639537303255,191.02966227513193,192.0946502685547,14181800
2019-07-02,54.978647595100306,55.37972989603064,54.72187580248718,55.365299224853516,20630000,48.43227387836645,48.845875828009284,48.420249840565674,48.74968719482422,67740800,95.96900177001953,96.739501953125,95.33149719238281,96.71549987792969,52918000,129.06584638175278,129.51149072150082,128.32626949196506,129.50201416015625,15237800,192.09464799929887,194.08526611328125,191.80601505514426,194.08526611328125,9050000
2019-07-03,55.658897510338235,56.13114230084747,55.477266942898034,55.88233184814453,20154000,48.881951013003054,49.16089258387397,48.74007688736449,49.15367889404297,45448000,96.79450225830078,97.07949829101562,96.5250015258789,96.94999694824219,33806000,129.7106254457318,130.60191420213036,129.22704588281601,130.33642578125,13629300,193.24921519032497,196.47400689926474,193.24921519032497,196.2749481201172,10246100
2019-07-05,55.702192183734496,56.462556902718234,55.60913883158253,56.36402893066406,29794000,48.8987782420149,49.3147835279823,48.790565571951745,49.11038589477539,69062000,96.43000030517578,97.29499816894531,96.26499938964844,97.14550018310547,52568000,128.8951844451129,130.21314990406273,128.68658434645613,129.95713806152344,18141100,195.25972951621904,196.14556918390923,193.25916371753186,195.47869873046875,11164100
2019-07-08,56.02564512740581,56.09232766660552,55.32350426173324,55.57380676269531,29888000,48.28800435337881,48.42987849350585,47.71088709263234,48.09803771972656,101354400,96.70600128173828,97.80000305175781,96.4124984741211,97.61599731445312,57668000,129.33132870724128,129.99506413904302,128.35470761740166,129.86231994628906,16779700,194.274387028616,195.7573878782559,192.73165487529718,194.84170532226562,9723900
2019-07-09,55.251843496614924,56.12467327228846,55.09409700060475,55.947021484375,29472000,47.900854035834996,48.4563302284681,47.8070723886271,48.39140701293945,82312000,97.38999938964844,99.50050354003906,97.17400360107422,99.41500091552734,86914000,128.95206161929445,129.87179439269815,128.76242912816653,129.3882293701172,19953100,194.0554269333392,198.52437050134316,193.9758003785689,198.27554321289062,14698600
2019-07-10,56.34661378745819,56.84522940834955,56.2640085315507,56.774070739746094,30710000,48.538081927488435,48.99015568341827,48.468344706346755,48.86992263793945,71588400,99.82550048828125,101.24700164794922,99.7699966430664,100.87049865722656,98638000,130.02348830911998,131.39834176594837,129.91918828312447,130.7061767578125,24204400,199.06180234956605,202.00792370671215,198.73334855322403,201.77899169921875,20571700
2019-07-11,57.03531370630974,57.387629382076696,56.705393855620095,56.93180847167969,26004000,48.88916078931046,49.14886461010248,48.504417241975965,48.514034271240234,80767200,101.28099822998047,101.79000091552734,99.76499938964844,100.05349731445312,86356000,131.03802866959757,132.00517304043214,130.72512859467963,131.2276611328125,22327900,202.30653288328784,202.84400833051276,199.2708521177297,200.2860565185547,13678500
2019-07-12,56.874585349717364,57.10199846624745,56.65712677728647,56.994510650634766,21878000,48.68236685000333,49.05509008201993,48.622250318040074,48.88676452636719,70380800,100.41349792480469,100.8499984741211,100.19349670410156,100.55000305175781,50186000,131.6543391901191,131.9198275058696,130.85785977483945,131.7017364501953,18936800,198.7433243890145,204.33697215639953,198.22577456422704,203.9089813232422,15366300
2019-07-15,56.994508520954916,57.260240168208966,56.72878067024691,57.25178146362305,21164000,49.076733321677594,49.50476275463342,49.05509224982773,49.3460578918457,67789600,101.06999969482422,101.1449966430664,100.07749938964844,101.04949951171875,59626000,132.21375996487708,132.30856895305763,131.2845508597503,131.7017364501953,16651500,203.29187739075684,204.3668130079934,200.873283642383,202.95347595214844,16030300
2019-07-16,57.063681517013435,57.65336488358519,57.063681517013435,57.398582458496094,25352000,49.19696455737143,49.56247410162017,48.934857356810625,49.175323486328125,67467200,100.52899932861328,101.31600189208984,100.06099700927734,100.49500274658203,52364000,131.75865118779035,131.843983625322,129.44509753895824,129.97607421875,22726100,202.93357281398212,204.50616302237094,202.14728530339357,202.88380432128906,12132700
2019-07-17,57.272187458339516,57.64639783763684,57.05821031421704,57.06418228149414,19538000,49.06710635174979,49.317189470654924,48.87954309526561,48.898780822753906,56430000,100.35250091552734,100.5999984741211,99.60150146484375,99.60150146484375,51176000,130.5639856934866,130.78206237863904,129.16068761593135,129.20809936523438,20211000,203.22218817461905,203.40135169535762,200.64434146078273,200.85336303710938,12083700
2019-07-18,56.8283035459738,57.135337818816325,56.373481124712285,57.08905792236328,25450000,49.05508715078808,49.50716461828943,48.982946582898464,49.454261779785156,74162400,99.00050354003906,99.375,97.57749938964844,98.8949966430664,69738000,128.52537155353826,129.53991323315873,127.69097131756618,129.35028076171875,30381800,199.2111156733508,201.5202401376113,198.44473858043352,199.83816528320312,11937900
2019-07-19,57.19256106711184,57.30502235034598,56.29336055566239,56.30828857421875,23184000,49.48552096706686,49.656253525850616,48.66072394091478,48.71603012084961,83717200,99.56050109863281,99.80000305175781,98.11150360107422,98.22599792480469,63712000,132.95332812754825,133.3800047171588,129.37869818377993,129.53988647460938,48992400,201.23159263293655,201.38089811477818,197.1408866879658,197.4295196533203,12098300
2019-07-22,56.503357897056986,56.72977631381159,55.99280217307661,56.68946838378906,28914000,48.970914391931,49.83178337521537,48.96129736344998,49.82938003540039,89111600,98.55699920654297,99.44999694824219,97.91300201416016,99.28150177001953,58000000,130.2890039185287,131.97675780652844,130.21314802301904,131.25613403320312,25074900,198.97224262477,201.61976843310612,197.87739655749976,201.37094116210938,13589000
2019-07-23,56.90045886953235,57.16967194187796,56.372981963321536,57.129364013671875,20648000,50.127562301827695,50.2357713075465,49.84621375004897,50.218936920166016,73420800,99.79949951171875,99.8895034790039,98.65650177001953,99.72450256347656,54070000,132.51722336410376,132.7353145092773,130.87688106834025,132.0715789794922,18034600,201.88851075632394,203.28195272292967,200.0173398221696,201.4107666015625,14583700
2019-07-24,56.3615357640153,57.00047926330069,56.15701203647571,56.7153434753418,27192000,49.93759253395956,50.29348132023345,49.81735948880555,50.17805862426758,59966400,98.46499633789062,100.06500244140625,98.29350280761719,100.04049682617188,52626000,131.70177074699927,133.44642730658364,131.6543734745802,133.42745971679688,20738300,196.702944590898,203.8492567225235,196.2948642101998,203.69996643066406,32532500
2019-07-25,56.67652999489157,56.90742833703165,55.91815851708061,56.52674865722656,54762000,50.23097008300407,50.31513469675261,49.711562358136355,49.78129959106445,55638400,100.05000305175781,100.05999755859375,98.63600158691406,98.69100189208984,82730000,133.15251053236514,133.32318994313118,132.10004778278767,132.92495727539062,18356900,205.73040108135845,207.68121372441342,197.32998931051097,199.7685089111328,39889900
2019-07-26,61.10784517221858,63.117732825431005,61.10784517221858,61.96474838256836,121216000,49.89190990122029,50.432958675026704,49.810152300458334,49.95443344116211,70475600,97.0999984741211,97.54499816894531,96.22550201416016,97.15249633789062,98542000,133.0955870720568,134.33769649849393,133.02922221230898,134.01531982421875,19037600,199.2509267054153,201.92831055452586,195.32940650911294,198.81298828125,24434000
2019-07-29,61.829398487256135,62.15235549269925,61.21732309332044,61.79655456542969,41382000,50.127567487848594,50.651781852516805,50.12275713821061,50.42093276977539,86693600,96.5,96.61150360107422,94.5270004272461,95.62249755859375,89864000,134.16703408001825,134.1765106407198,132.14741261215315,133.7213897705078,16605900,198.0665020445251,198.69355160939767,194.3838615766168,195.02085876464844,16530800
2019-07-30,61.05808018138462,61.55122493139731,60.974480238390925,61.107845306396484,28616000,50.19971082894387,50.536365631597164,49.85103565448546,50.20452117919922,135742800,94.55599975585938,95.49449920654297,94.17400360107422,94.92649841308594,58218000,132.87749089386116,133.90152353333843,132.5551142669968,133.0766143798828,16846500,194.47345338184786,197.7778870356209,192.59231970385682,196.11570739746094,11903600
2019-07-31,60.952091273681674,61.451701566649845,60.121562624790954,60.62017822265625,39960000,52.041669823797854,53.231976214097934,50.81048463923776,51.2288932800293,277125600,94.90550231933594,94.97750091552734,92.47200012207031,93.33899688720703,89414000,133.05769613287316,133.20940794342903,128.07976628478136,129.20809936523438,38598800,196.02613555632766,197.82764270167056,191.77616120085966,193.3188934326172,14593500
2019-08-01,60.59181272135604,61.520869314006525,60.0628399532582,60.30070495605469,35426000,51.435703722949825,52.42883001368494,49.713969021306184,50.12035369873047,216071600,93.58599853515625,94.89600372314453,92.20050048828125,92.76599884033203,94266000,129.9001933045237,133.63601139765484,129.83381399832845,130.90525817871094,40557500,193.2591907094444,197.53902342133327,189.98463003625372,191.82594299316406,17777000
2019-08-02,59.86379773665012,60.187248294938605,59.21688902698055,59.53138732910156,34910000,49.42300857925117,49.639426651218294,48.48519204176384,49.059906005859375,163448400,92.25350189208984,92.31800079345703,90.4010009765625,91.16200256347656,99124000,130.93372203530927,131.15181310162566,128.25038013558142,129.80538940429688,30791600,190.20359148660484,191.71645051427,187.1878058685232,188.1333465576172,15297000
2019-08-05,58.36943307101894,58.56400604846148,56.86562503605281,57.4627685546875,47840000,47.6098801276261,47.76858495057631,46.30895776439126,46.4917106628418,209572000,88.51100158691406,89.43350219726562,87.43900299072266,88.25650024414062,121164000,126.39200716043536,126.98934888022251,124.00259687718471,125.3584976196289,42749600,183.82363930569468,184.7990379670132,178.49872956907845,180.8775177001953,23086700
2019-08-06,57.99871351936014,58.78893425214037,57.800161742770406,58.275390625,36014000,47.205903960136595,47.62912668439035,46.660044834225765,47.371826171875,143299200,89.61150360107422,89.6884994506836,87.66999816894531,89.3915023803711,101406000,126.8660536802565,128.64861615499294,126.30663286286659,127.70993041992188,32696700,182.8283398694297,184.91847996839795,182.23114830560314,183.6444854736328,18035700
2019-08-07,57.61454570600148,58.71279536839512,57.268201993762915,58.51573944091797,30686000,46.989476369687395,47.98740910843495,46.60713619289486,47.86236572265625,133457600,88.69950103759766,89.94650268554688,87.8499984741211,89.66999816894531,90538000,126.85655959437956,128.6201689083289,124.99814128731052,128.26934814453125,33414500,182.73874675293004,185.49574187303037,180.3699063657146,184.28146362304688,15833200
2019-08-08,59.039235564994726,60.027013359402346,58.420694666761676,60.02253723144531,30116000,48.14131384354654,48.942066419431114,47.946536884130055,48.91801834106445,108038000,90.30000305175781,91.71299743652344,89.90550231933594,91.64450073242188,74024000,129.52097248846763,131.78711473856043,128.88568122299927,131.69229125976562,27496500,185.74458724432688,189.44713846802614,183.18665064640405,189.2679901123047,14828900
2019-08-09,59.71400966805008,59.93644550811867,58.962601058404324,59.162147521972656,20418000,48.589746417288495,48.94215880426404,48.104570742537604,48.51491928100586,98478800,91.44750213623047,91.55449676513672,90.11100006103516,90.37899780273438,57596000,131.42680928918358,132.15690960101506,129.38823460797795,130.57345581054688,23466700,189.1087348502608,190.08413354601643,186.2422396936753,186.9688262939453,11058800
2019-08-12,58.71926490700583,58.99842873751256,58.15794936421993,58.44557189941406,22064000,48.184232234665835,48.770787036366336,48.070783439340296,48.39181900024414,89927600,89.79949951171875,90.04900360107422,88.8499984741211,89.24600219726562,58110000,129.96660938109434,130.7156627359224,128.23144398797666,128.7529296875,20484300,185.97349552304885,186.7100144743161,183.59470758474592,184.50042724609375,10930900
2019-08-13,58.43810945225793,59.98471606717962,58.37043601640328,59.55178451538086,28434000,48.52215578886301,51.20629728712029,48.39180866824261,50.441123962402344,188874000,89.1500015258789,91.58699798583984,89.0,91.21700286865234,79880000,128.99944386708555,131.60692981105518,128.00385543123693,131.41729736328125,25154600,184.64974592990143,190.4822577827006,184.50044045464,187.5659942626953,13577000
2019-08-14,58.52370002875557,58.85809980264655,57.777268707852336,57.93551254272461,35430000,49.03872108811618,49.83044653804686,48.90113283409628,48.939754486083984,146189600,89.65049743652344,89.78250122070312,87.86100006103516,88.14800262451172,97872000,129.72397386102517,130.25671886196454,127.16488171645834,127.45979309082031,32527300,184.92844892249008,185.11756009689063,178.46888686847365,178.8670196533203,18903700
2019-08-15,58.143518465819966,58.54111555003821,57.87331068859195,58.18780517578125,28506000,49.111122997470645,49.516639188429856,48.196291730051655,48.69594955444336,108909600,89.09950256347656,89.4000015258789,88.0979995727539,88.80599975585938,75182000,127.8498159223584,128.0305717618473,125.81396110218503,127.17436218261719,28074400,180.10116850648257,182.34061385588203,179.18548600830454,181.7334747314453,12925900
2019-08-16,58.758577182340964,58.91035170288254,58.370930850202534,58.67995071411133,24916000,49.309050195608584,50.00422498598846,49.202842526726954,49.844913482666016,110481600,89.64450073242188,90.14550018310547,89.22750091552734,89.62850189208984,60360000,128.3159743432708,129.819084271181,128.16375737219423,129.50514221191406,24449100,182.8880405853893,184.2317138972276,181.50456159334746,182.83827209472656,12654600
2019-08-19,59.30795278121335,60.181777263462834,59.23679411422169,59.73640441894531,24450000,50.83940083646206,51.34871224697253,50.69698767052605,50.77423095703125,97654400,90.90399932861328,91.30000305175781,90.63050079345703,90.80599975585938,56326000,131.1414342114446,131.8073652935744,130.2281469300888,131.67417907714844,24355700,185.1374540405044,186.6204701775788,183.98290694062078,185.2967071533203,9691200
2019-08-20,59.48311546298672,59.6149846963423,58.871040092100735,58.89492416381836,20206000,50.902160340780014,51.49836858844209,50.76698827677221,50.776641845703125,107537200,90.7249984741211,90.84100341796875,89.99400329589844,90.06900024414062,38590000,131.48394907562647,131.95961633084855,130.56115343919856,130.58016967773438,21170800,184.58007553440595,185.12749859457426,181.53443201973948,182.94776916503906,10083400
2019-08-21,59.506502390396136,59.74237420930258,59.113381426703334,59.295509338378906,14152000,51.41147260322705,51.570780433832454,51.0759549089862,51.326988220214844,86141600,90.96949768066406,91.47899627685547,90.75,91.177001953125,40636000,131.80739458249099,132.70165131272472,131.28415771733165,132.03570556640625,14970300,184.13219057433318,185.02796272386396,182.28091496971896,182.68899536132812,8398200
2019-08-22,59.40598223201733,59.6537979892426,58.66502549465442,59.29252624511719,17352000,51.459741161351786,51.76146580000771,50.87077407738948,51.28353500366211,89014800,91.4000015258789,91.47049713134766,90.00499725341797,90.23300170898438,53070000,131.91200786949062,132.42572196676846,129.65733587244935,131.0748291015625,18697000,182.5695293689954,183.24634741151215,179.06605249350972,181.18605041503906,10821400
2019-08-23,58.9765351772291,59.49903863927373,57.22640332762706,57.4045524597168,36254000,50.552155700353445,51.18457310518978,48.51732631964166,48.91318893432617,187272000,89.65149688720703,90.24500274658203,87.2614974975586,87.48100280761719,105416000,130.51355656462042,131.61710785025102,126.3371995162689,126.89848327636719,38508600,179.99168478836646,182.27095101556822,175.83130025312713,176.9161834716797,17323400
2019-08-26,57.696653606161306,58.31419979070259,57.46774845366809,58.28036117553711,21166000,49.69043978909637,50.01147532640068,49.49733523572707,49.84251022338867,104174400,88.34549713134766,88.5,87.17549896240234,88.44349670410156,61600000,128.4206401401768,128.96289321772784,127.38367457747141,128.85824584960938,20312600,178.55842795509193,179.6532739264808,177.40388106105735,179.51393127441406,8773600
2019-08-27,58.86855458840032,58.96807725079584,57.95094075865251,58.262451171875,23460000,50.17319078091452,50.33974338377373,49.128016108956025,49.280086517333984,103493200,88.7864990234375,88.97000122070312,87.33399963378906,88.09149932861328,60394000,129.7525015841233,130.0664436861711,128.10669709418593,129.13414001464844,23102100,181.07657357746902,183.17667634309558,180.16089104662296,180.4495391845703,14399600
2019-08-28,57.96636890291104,58.64462571268449,57.73646903604306,58.40825653076172,16810000,49.265618904841375,49.656653004225895,49.077342954533016,49.61079025268555,63755200,87.75,88.39299774169922,87.20249938964844,88.2125015258789,48394000,128.31597501008775,129.15313932294075,127.05069864933095,128.96287536621094,17393300,179.6831531922032,181.09649031206425,178.08070491066854,180.90737915039062,9386100
2019-08-29,59.03873715266992,59.67419924580746,58.98200916053434,59.427879333496094,19636000,50.327684228474034,50.52561741637963,49.88354631636416,50.45078659057617,83962000,89.1500015258789,89.92749786376953,88.86250305175781,89.31999969482422,60302000,130.57062874123162,131.70271884671806,130.2471785728666,131.39828491210938,20168700,182.9079644409354,185.2071261184825,182.60936866225904,184.69952392578125,10128700
2019-08-30,59.7319242587331,59.7319242587331,59.003902389099586,59.24325942993164,18064000,50.72836362412277,50.798362123414535,50.01387802127554,50.38560485839844,84573600,89.87449645996094,89.98699951171875,88.22850036621094,88.81449890136719,61174000,132.37818553669263,132.40672440946176,129.6383521373729,131.15097045898438,23940100,185.90383547431205,185.92374590905166,182.59941710649227,184.79904174804688,10774500
2019-09-03,58.81132466122821,59.17110435815699,57.90864265985034,58.19925308227539,25908000,49.82802734858885,49.96078696723515,49.294580085250836,49.65182113647461,80092000,88.5,90.04000091552734,88.4000015258789,89.49199676513672,70860000,129.96177739852666,130.5230611434085,129.09605971432705,129.4195098876953,18869300,183.13687206619264,184.79903641954542,181.25573849865336,181.534423828125,9779400
2019-09-04,58.69189405201937,58.96210182314558,58.2977784094515,58.83222198486328,21312000,50.30112763465436,50.56423068697994,50.042853208775554,50.494232177734375,76752400,90.25,90.38150024414062,89.8115005493164,90.03099822998047,46482000,130.6181868823451,130.98920663492223,129.83808588060427,130.93212890625,17995900,183.78382084801504,186.869285159894,183.02739139279333,186.26214599609375,11308000
2019-09-05,59.399012254963516,60.41117521425962,59.350742969160045,60.32110595703125,26394000,51.1725100264582,51.64802845673445,51.054232616024436,51.481475830078125,95654800,91.09750366210938,92.0999984741211,90.77899932861328,92.03600311279297,66216000,132.34010325633494,133.54830177417006,132.00713047453368,133.23435974121094,26101800,187.6456236328548,190.46235021169514,187.058394908082,190.00450134277344,13876700
2019-09-06,60.169338722829714,60.358930659773705,59.87673509088189,60.02901077270508,18972000,51.66733466797025,51.75664399416829,51.29560780159514,51.47664260864258,77449200,91.91100311279297,92.03250122070312,91.31999969482422,91.67549896240234,49938000,133.21537687052327,133.35807124760413,131.4744328890702,132.3306427001953,20824500,189.31774605243214,189.31774605243214,185.47585241109465,186.61050415039062,15226800
2019-09-09,60.06682249448367,60.73711789420622,59.37463241341602,59.97675323486328,31854000,51.85802832340247,52.24423742435234,50.94802925254775,51.69630432128906,109237600,92.05000305175781,92.5,91.23049926757812,91.56749725341797,59990000,132.79672290124333,132.9489398404063,129.8190570534767,130.8274688720703,25773900,186.84937506745874,188.09351145562178,184.97820426696552,187.87454223632812,14722400
2019-09-10,59.51994071521409,60.212130832251965,59.51595813815071,59.99815368652344,27922000,51.62147019999855,52.32629858320283,51.102505243761776,52.30698776245117,127111600,91.13749694824219,91.29049682617188,90.26699829101562,91.02749633789062,52278000,130.1424964436534,130.22811302130395,127.96393341540062,129.45753479003906,28903400,186.56075405707602,187.21766175703215,183.68431115089413,185.2967071533203,15455900
2019-09-11,59.9080838113267,60.83266431419536,59.82796529568178,60.70975112915039,23522000,52.63768304051297,53.99906466223968,52.555611127572114,53.970096588134766,177158400,90.60700225830078,91.6709976196289,90.4540023803711,91.14949798583984,48656000,129.29584865291176,129.63832958276805,128.51574755637984,129.49562072753906,24726100,185.5853434228469,188.55136031966398,185.207121100956,187.60581970214844,11761700
2019-09-12,60.88242801150325,61.82541800380727,60.8371428059996,61.45469284057617,31644000,54.26216434253562,54.65319832869928,53.79388707442424,53.849403381347656,128906800,91.88150024414062,92.68299865722656,91.71399688720703,92.17749786376953,56470000,131.14141086551658,131.68366375150097,130.20909300029814,130.8274688720703,27010000,188.96937948597764,190.03435228703714,186.35171178792396,186.59059143066406,11419800
2019-09-13,61.312366282826474,61.75724175452217,61.06206379711294,61.70648193359375,23676000,53.10355119977679,53.29423960394785,52.38424049208367,52.80182647705078,159053200,92.10050201416016,92.30599975585938,91.75849914550781,91.96700286865234,39426000,131.07484321284176,131.34121566473092,129.92373679922292,130.63723754882812,23363100,186.451247567791,187.08824475711572,185.66494490751163,186.31190490722656,11441100
2019-09-16,61.22926795102008,61.65622755156206,60.968016208248464,61.28848648071289,28218000,52.5556093339984,53.13492291521213,52.51457522050967,53.079402923583984,84632400,91.20099639892578,91.28450012207031,90.01000213623047,90.39199829101562,73510000,129.21972171020732,130.04737779072505,129.0579966436813,129.6953887939453,16731400,186.05312703680875,186.9090934899129,184.8985799966315,185.34646606445312,8444800
2019-09-17,61.288482115709066,61.456179351814114,60.87645056469123,61.20139694213867,20806000,53.09388806740575,53.30147478658286,52.89112629104588,53.27250671386719,73274800,90.35399627685547,91.19950103759766,90.20500183105469,91.12750244140625,39648000,130.29476009801473,130.82750501606137,129.79053953320957,130.70382690429688,17814200,185.78440153813406,187.43661830051218,184.6696450111066,187.19773864746094,9671100
2019-09-18,61.219315725179236,61.5178875111905,60.53409228037131,61.33924102783203,17440000,53.359410003760594,53.79148184359405,52.968375964962206,53.77217102050781,101360000,90.85199737548828,91.10299682617188,89.7750015258789,90.87300109863281,50112000,130.67525751201248,131.9215029076786,129.8856484371248,131.77880859375,23982100,187.2076930532614,188.19305457218215,185.1374482134519,187.25746154785156,9681900
2019-09-19,61.322818823899055,61.92095707014921,61.32232147635889,61.64278793334961,16554000,53.58873104429388,54.011145717722584,53.192868297664376,53.33528518676758,88242400,91.0510025024414,91.62850189208984,90.8949966430664,91.07499694824219,40630000,133.47218057364287,135.44143466297538,133.25337778954074,134.2047119140625,35772100,187.7750241324273,190.20358083986184,187.2674067562529,189.24807739257812,10392700
2019-09-20,61.388507887029945,61.84432884313555,60.88790286937097,61.19941329956055,37692000,53.43664893268685,53.72147526283461,52.492853249204686,52.55561065673828,221652400,91.08550262451172,91.53150177001953,89.0459976196289,89.70800018310547,106838000,134.1476091264444,134.7564623376227,131.52193237502652,132.65402221679688,39167300,189.765649125556,192.1942059191559,187.2375553405282,189.0390625,19934200
2019-09-23,61.036687532769655,61.68907086187214,60.89785163131741,61.440757751464844,20798000,52.85009486276398,53.06492269024206,52.536300455068584,52.794578552246094,76662000,88.8499984741211,89.63500213623047,88.36599731445312,89.26499938964844,58446000,132.45423840852231,132.83478074597855,131.70269088088082,132.36862182617188,17139300,188.45181723443682,189.20826185373613,184.34120106849136,185.9436492919922,13327600
2019-09-24,61.70499236171319,62.058800097043886,60.24397886952391,60.62664794921875,35804000,53.35216457100263,53.70458061816006,52.42526723714453,52.543540954589844,124763200,89.53050231933594,89.7854995727539,86.77749633789062,87.08049774169922,92320000,133.52924627357805,133.84318824834307,130.21860788291895,130.69427490234375,29773200,187.09820999956568,187.1579261186867,179.54381718650876,180.4296417236328,18546600
2019-09-25,60.51119855388717,62.10408507320061,60.17231883953287,62.000579833984375,26798000,52.75354825236944,53.46561782079942,52.413201900566875,53.352169036865234,87613600,87.36799621582031,88.6500015258789,86.1500015258789,88.41649627685547,69864000,130.80844455062723,133.14873292753683,129.4099822003167,132.5779266357422,21382000,180.59883153499985,182.55959165936068,177.03562316654745,181.9425048828125,18068300
2019-09-26,61.81147901413591,61.93738007443879,61.29793541535028,61.81894302368164,23166000,53.10354395421572,53.33044150405339,52.82113009425691,53.07699203491211,75334000,88.1395034790039,88.16850280761719,86.57499694824219,86.99199676513672,70736000,132.6540665571342,133.35804469887051,131.70273218941662,132.7491912841797,17456600,180.47941513130485,180.54907887643816,176.83657989364033,179.26513671875,16083300
2019-09-27,61.845814686480516,61.95330249790836,60.47088794572688,61.00583267211914,34122000,53.233883887799145,53.33526661530435,52.44698729609294,52.8187141418457,101408000,87.4000015258789,87.45600128173828,85.69100189208984,86.27249908447266,78144000,133.32954127235845,133.52932792982136,129.99987010021465,131.02731323242188,22477700,179.64333845293348,179.9120609654577,174.83599385070116,176.2692413330078,14656200
2019-09-30,60.739603724612536,61.07848342422584,60.382314573246774,60.766475677490234,24470000,53.32079469698778,54.20907424874938,53.29424277248276,54.061832427978516,103909600,86.34950256347656,86.87300109863281,85.46099853515625,86.79550170898438,52894000,131.33170401184458,132.44476340932042,131.07483968436262,132.26400756835938,17280900,177.03560733344855,177.83185757252483,176.02040308615616,177.24462890625,10740000
2019-10-01,60.83365463798817,61.349688761144805,59.99068475401643,60.01307678222656,24504000,54.327347946053216,55.087692767101416,54.11734503640622,54.211483001708984,139223200,87.30000305175781,87.77999877929688,86.42050170898438,86.78250122070312,61690000,132.8633822384747,133.42466612007988,130.33282893726164,130.39942932128906,21466600,178.30961927805242,178.99638498734498,174.05966035374882,174.98529052734375,17073000
2019-10-02,59.54034128334951,59.65280257378493,58.35251968193036,58.615760803222656,33030000,53.84216325130935,53.967681745148056,52.60388402866276,52.852508544921875,138449200,86.38700103759766,86.44450378417969,85.25,85.6614990234375,66022000,129.619293337286,129.73344880366227,127.07923259695177,128.09715270996094,30521700,174.01982452677828,175.70189919197665,172.2780337506373,173.7809600830078,16151700
2019-10-03,58.88547063760738,59.26664766500783,57.88027810307407,59.18852233886719,28368000,52.72457064170894,53.33526472378757,51.92802050967,53.30147171020508,114426000,85.6500015258789,86.25,84.25299835205078,86.22100067138672,69364000,128.38256599587913,130.09497070733468,126.73676165585712,129.64784240722656,24132900,174.74641861977977,178.9963773630579,172.81551661711975,178.53854370117188,16086300
2019-10-04,59.430365213638524,60.33454303160639,59.26515471503386,60.2598991394043,24282000,54.464923276753645,54.91147725992179,54.04250874035877,54.79561233520508,138478800,86.3010025024414,87.02899932861328,85.96150207519531,86.98249816894531,49438000,130.09496160556228,131.52196301257027,129.78101955407544,131.39828491210938,22897700,178.707743551942,180.13102820825586,177.26454846214372,179.603515625,10430200
2019-10-07,60.06284316174378,60.65551061541909,59.93147127003151,60.12504577636719,17040000,54.61700127015362,55.500448423989305,54.51320605441516,54.80768966674805,122306000,86.58149719238281,87.3915023803711,86.18499755859375,86.63300323486328,43094000,130.46596067858468,131.45534177657552,130.35180522933368,130.44692993164062,15303700,179.15563388008397,180.33009130121425,177.25458989787018,178.83712768554688,9178300
2019-10-08,59.65329799245355,60.05636969243587,59.1910077673382,59.22335433959961,20086000,54.508369894441785,55.04905810759887,54.148712787312526,54.16560745239258,111820000,86.12449645996094,86.3499984741211,85.25,85.27549743652344,50840000,130.40890496149677,131.05580530469754,129.019950524317,129.06752014160156,25550500,177.423785619308,179.52388832032804,176.88632541518453,176.9161834716797,9466900
2019-10-09,59.7806958327471,60.135498274495816,59.62095614545092,59.83393859863281,15948000,54.800445556640625,54.98389284474855,54.464927844066246,54.800445556640625,74770400,85.98049926757812,86.49749755859375,85.71800231933594,86.09950256347656,40870000,130.77042679523225,131.95007210478525,130.30426773555422,131.51246643066406,19749900,178.31958194750192,179.87226171308285,177.1053036308888,179.00634765625,7556900
2019-10-10,59.64483996544831,60.49178865187307,59.608017264987346,60.185752868652344,12842000,55.017692723618254,55.62355834225525,54.865625963352564,55.5390739440918,113013600,86.26200103759766,86.91449737548828,85.6875,86.01300048828125,51504000,131.75032803971095,132.87289584931588,131.52200252016826,132.3306427001953,17654600,179.47414925059118,180.75809134333625,178.32953464106544,179.1855010986328,8605000
2019-10-11,60.91029017398665,61.14516729649289,60.39326133663835,60.49626922607422,22330000,56.22941507530571,57.36148675350635,56.07493217425429,57.01631546020508,166795600,87.14600372314453,87.27249908447266,86.49299621582031,86.59600067138672,65100000,133.30092880210756,134.1666463128101,132.71110630814627,132.88233947753906,25446000,181.2955496651338,185.61520277706444,181.28560204135576,183.32598876953125,14930500
2019-10-14,60.4057044302206,61.00235065423196,60.3056844195841,60.59878158569336,13296000,56.70009978999221,57.479759006706715,56.6445834807475,56.93423843383789,96427600,86.44550323486328,87.09449768066406,86.0999984741211,86.82150268554688,38204000,132.89192954642732,133.46272158359798,132.73020441008498,132.7587432861328,13304300,183.33594015270683,183.7539681681342,181.71359658533171,182.42025756835938,7006000
2019-10-15,60.78439513005125,62.059795491927765,60.75553378536166,61.81645965576172,27584000,57.059753733218436,57.363890864446056,56.69527167001342,56.80147933959961,87360000,87.10700225830078,88.82250213623047,87.03099822998047,88.36900329589844,62234000,133.2438805707064,134.88968485548526,133.00604699421544,134.68040466308594,19695700,182.93781705373354,189.48695280561785,182.79847438612796,188.00393676757812,15039100
2019-10-16,61.79506003803422,62.411114187695446,61.6318389271353,61.854278564453125,22986000,56.33079051000604,56.78217314249817,56.28975639489996,56.57217025756836,73903200,88.66649627685547,89.31199645996094,88.5260009765625,88.87149810791016,55268000,133.9383097994006,134.12858821566965,132.73963416441316,133.57681274414062,20751600,187.4366169552316,188.810133185586,186.02326466883702,188.6608428955078,10516900
2019-10-17,62.27227521559036,62.88683729225916,62.19613928341153,62.341941833496094,20958000,56.74596541300883,57.001827362623146,56.3670011149469,56.79182815551758,67585200,89.82450103759766,89.94249725341797,89.10099792480469,89.3740005493164,52948000,134.09052128951467,134.53764942044987,132.2544536798397,132.891845703125,21460600,189.40732829008516,189.94478853170787,187.8845065537403,189.4969024658203,9603000
2019-10-18,62.43599650689909,62.606180482721385,61.71195719870584,61.924442291259766,31624000,56.625266163079154,57.34699283310995,56.55285151232374,57.064579010009766,97433600,89.38999938964844,89.6989974975586,87.45999908447266,87.87550354003906,67250000,132.95845055499342,133.18677596820183,129.91418429324725,130.7228240966797,32273500,189.33765417173728,190.59175341273507,183.0572559043437,184.97821044921875,16874200
2019-10-21,62.13792549368344,62.37727875619499,61.70449658002862,61.91797637939453,18094000,57.33251433236794,58.17010228765901,57.28423912314232,58.054237365722656,87247200,88.48300170898438,89.29399871826172,88.25,89.28299713134766,42608000,131.7122527995967,131.75982242573644,130.34232885755833,131.69322204589844,20078200,186.1626157001383,189.01916327208448,185.8739827306141,188.86985778808594,8122600
2019-10-22,61.92792296968553,62.13941336458305,61.69752577540214,61.764705657958984,22862000,58.21112936027573,58.46216262778934,57.83940255954976,57.92147445678711,82293600,89.40750122070312,89.48899841308594,88.0999984741211,88.2864990234375,42234000,132.20691901670997,133.19630022812208,129.62879686798826,129.7334442138672,27431000,189.108720673442,189.75566548507203,180.64859369594592,181.48464965820312,19537600
2019-10-23,61.71544803167187,62.60270473414098,61.71544803167187,62.58230209350586,21282000,58.43803216609602,58.71320490183366,58.22561683213634,58.6987190246582,75828800,88.06500244140625,88.50250244140625,87.0999984741211,88.1084976196289,42764000,130.21866099345624,130.76091406833518,129.01046220680792,130.56114196777344,29844600,181.15620019092214,185.5057111980063,181.1462525675178,185.2767791748047,12300400
2019-10-24,62.65594482421875,62.84454204630071,62.31955186056283,62.65594482421875,20224000,59.01976951659409,59.089771716355514,58.3680448380092,58.7952880859375,69275200,88.55449676513672,89.41699981689453,88.01349639892578,89.03900146484375,88922000,132.60647823412518,133.58635133338677,131.92151642467127,133.1297149658203,37029300,183.7539682427725,185.85407113195666,181.94251350851803,185.50572204589844,11413500
2019-10-25,62.302135888568934,63.098332375099034,62.160315904617626,62.91421127319336,27104000,58.69389853918105,59.55562229686441,58.626312506545595,59.51941680908203,73477200,84.87750244140625,88.21050262451172,84.75,88.06649780273438,192528000,132.55893238007639,134.2713372106556,132.42574614415415,133.88128662109375,25959700,184.9582869543269,188.11341489491383,184.2217527725275,187.0086212158203,8061200
2019-10-28,63.44667002822979,64.6529011856017,63.31281139212287,64.14234161376953,65428000,59.722177118919156,60.163902502037004,59.553212031072555,60.11562728881836,96572800,87.40299987792969,88.93499755859375,87.125,88.85399627685547,74178000,137.3726846971497,138.58088347733715,136.52599764242257,137.17291259765625,35280100,186.32185868312075,188.6409306861893,184.21180827140668,188.51153564453125,13657900
2019-10-29,63.49642290986027,63.73528260041262,62.48177321649212,62.73307418823242,52654000,60.096323630873314,60.28459956308395,58.55149452474422,58.725284576416016,142839600,88.7405014038086,88.8499984741211,87.79049682617188,88.135498046875,45538000,137.0682111370127,137.46776969452617,135.70779590233548,135.87904357910156,20589500,190.79080711164804,191.62686312518983,187.58591053919255,188.42196655273438,13574900
2019-10-30,62.45889331015774,63.09933274921264,62.23496540100879,62.73507308959961,29204000,59.080110114785,59.21045725080775,58.223214893254514,58.718040466308594,124522000,88.01200103759766,89.11900329589844,87.95600128173828,88.99949645996094,48988000,136.53546757729208,137.94343791352705,135.8409832657835,137.57241821289062,18496600,188.67079588719415,189.5566204036889,185.10758738623434,187.366943359375,28734600
2019-10-31,62.70023024553159,63.024679268615046,62.17673211315313,62.6405143737793,31904000,59.67872163759159,60.14458271630656,57.26974944716811,60.045616149902344,139162000,88.79949951171875,89.5999984741211,88.5739974975586,88.83300018310547,55624000,137.84834746392224,137.87688633435837,136.03130980924124,136.39280700683594,24605100,195.7773060477515,197.16078515367641,187.36694679861597,190.75099182128906,42286500
2019-11-01,62.98885445767771,63.34714211326449,62.68580275238478,63.309818267822266,28812000,60.233895415689204,61.77631172288636,60.14217362403944,61.74976348876953,151125200,89.40049743652344,89.87249755859375,89.260498046875,89.5719985961914,55808000,137.23948318642448,137.39170016085936,136.01226830604102,136.72576904296875,33128400,191.94536913115044,193.1994531501472,189.01915789961282,192.7117462158203,21711800
2019-11-04,63.50190331257212,64.31750397085139,63.50190331257212,64.17369079589844,30632000,62.114235646863584,62.23975780669925,61.64354964645163,62.1552734375,103272000,90.05049896240234,90.75299835205078,90.05049896240234,90.23300170898438,55438000,137.78172273486075,137.9434477937776,137.144330614586,137.51535034179688,16912000,193.6373941191379,196.44415796607126,192.9008598961494,193.8065948486328,16371300
2019-11-05,64.25281131417994,64.55337629628117,64.16224849734684,64.26475524902344,25148000,62.04665305739092,62.32182946949374,61.870450579141114,62.06596755981445,79897600,90.45800018310547,90.51249694824219,89.69999694824219,90.08550262451172,37710000,137.91492376408723,137.96249337858046,136.90651180814737,137.42974853515625,18250200,194.45354022183406,194.83176255182977,192.69185399332287,193.40847778320312,9942000
2019-11-06,64.19756841963653,64.3418751225813,63.80843007608391,64.24334716796875,24626000,61.979080511017536,62.152874239005016,61.641150308354646,62.092529296875,75864400,90.05000305175781,90.125,89.42900085449219,89.78849792480469,40596000,137.3441514725847,137.4868603514444,136.2310918952963,137.0492401123047,16575800,193.11982102471376,193.45822246951911,190.45239996018483,190.65145874023438,10973000
2019-11-07,64.40607288727122,65.81782613405997,64.37970207831445,65.03606414794922,45140000,62.642109461163294,63.031901507679024,62.48958245985028,62.80916213989258,94940400,90.18800354003906,90.29499816894531,89.17400360107422,89.41000366210938,53022000,136.8398975846593,137.82929320755665,136.77331174407962,137.2394561767578,17786700,191.00977999653213,192.5326017601282,188.58122327395193,189.52676391601562,13473000
2019-11-08,64.76635171342497,65.5421455505762,64.76635171342497,65.1385726928711,30392000,62.630005593117765,63.053688413302446,62.18453425736521,62.98106002807617,69986400,89.39450073242188,89.49400329589844,88.7020034790039,89.29399871826172,42466000,136.97311331449566,138.88530461578722,136.76381859976513,138.8567657470703,16732700,189.10873766379973,191.4377574195703,188.81014188267758,189.94479370117188,10760800
2019-11-11,64.88976774009271,64.93455939558233,64.48520774611289,64.60513305664062,17234000,62.53557646830445,63.54515527553596,62.530737039144256,63.47978973388672,81821200,88.9000015258789,89.0,88.35649871826172,88.5824966430664,38920000,138.26693440998721,139.29437727567947,137.68661986129652,138.9994659423828,14362600,189.03905682191868,189.18836230457592,187.6555777310163,188.72056579589844,8631200
2019-11-12,64.6195571175952,65.15599392707894,64.40408792748764,64.5518798828125,28852000,63.322409120625274,63.62262363042443,63.1698895398465,63.42167282104492,87388800,88.73300170898438,89.31099700927734,88.59549713134766,88.9000015258789,40752000,139.16117279947264,140.38840210990983,138.95187810337032,139.91273498535156,18641600,189.10872179415176,194.14498321829487,188.84994690540836,193.55775451660156,17615500
2019-11-13,64.3513378178511,64.81611860553971,64.30008444318155,64.50062561035156,20538000,63.220737546082844,64.1044173295608,63.20621186985133,64.02936553955078,102734400,88.66950225830078,88.75,87.36599731445312,87.65550231933594,59790000,139.5987840482801,140.2837458253063,139.16116393443258,140.1410369873047,16919200,193.7866789756847,194.78198807693343,191.83588164207572,192.2837677001953,10860700
2019-11-14,64.44190403565649,65.47297759820854,64.38915482518563,65.14603424072266,28948000,63.855032219985205,64.12861136008277,63.45556145819264,63.586299896240234,89182800,87.57150268554688,88.32949829101562,87.47799682617188,87.7300033569336,45296000,139.86517194419966,141.18752603198232,139.84614119378435,140.85455322265625,19729800,192.0249730486965,193.119819108925,190.5519198662892,192.2439422607422,9040500
2019-11-15,65.43963310466411,66.35973358154297,65.28238017606306,66.35973358154297,39286000,63.83810102930176,64.34652186335124,63.67589518170433,64.34168243408203,100206400,88.00250244140625,88.08399963378906,86.64299774169922,86.97450256347656,78552000,141.6822197338482,142.69064635238755,141.05435008649928,142.67161560058594,23485700,193.34875844715597,194.38388851315625,192.47289668424767,194.18482971191406,11524300
2019-11-18,66.30001990062904,66.37864637202742,65.49487116594328,65.67799377441406,27984000,64.35134414830495,64.74597548763738,63.97124586979156,64.66608428955078,86703200,86.91500091552734,87.68499755859375,86.135498046875,87.62650299072266,56790000,142.76672505631623,143.2233613908086,141.7297597845337,143.02357482910156,21534000,193.64734002536312,197.6982554350498,192.14442872103075,196.47401428222656,16167200
2019-11-19,66.01587820331358,66.01587820331358,65.2764173172302,65.31722259521484,21864000,64.85977819443546,64.88399011619691,64.25210107233796,64.4699935913086,76167200,87.84950256347656,88.03399658203125,87.15149688720703,87.6395034790039,45416000,143.53731072367168,143.96540821634284,142.89039591030863,143.07115173339844,23935700,196.47401811135134,199.0618279495808,195.93655785826084,198.38502502441406,19056800
2019-11-20,65.25601777446926,65.34807642980218,64.1537892586793,64.78327941894531,28892000,64.28841406592034,64.41914514180829,63.04399371723399,63.71946716308594,106234400,87.45700073242188,88.1259994506836,86.70600128173828,87.27649688720703,55800000,143.48162412266808,143.98754579701912,141.71567578040987,142.82296752929688,25696800,197.64848412722168,198.6537408570649,194.51325133043508,196.58349609375,12355400
2019-11-21,64.65339473556163,65.24406896202287,64.2304139478195,64.69768524169922,25546000,63.84053351333404,63.91800872330465,63.232848879568735,63.433799743652344,121395200,87.1500015258789,87.34349822998047,86.51799774169922,86.7354965209961,53258000,142.61296359360495,142.99480089901772,141.75385514623295,142.6893310546875,18576100,196.49392369755765,198.15608809745288,195.93655302300738,197.00152587890625,12131000
2019-11-22,64.83999673694068,65.0340685601176,64.16124270330835,64.37571716308594,27776000,63.57421683785365,63.717057599656066,63.15053398238384,63.37811279296875,65325200,86.95099639892578,87.32150268554688,86.55000305175781,87.28600311279297,49582000,143.2525621394836,143.47210952165918,142.05934767999807,142.7943572998047,15901800,197.4494211916771,198.36510372764116,196.6929765670723,197.88735961914062,9959800
2019-11-25,64.50461192728618,65.20874217751695,64.47226535307868,64.97137451171875,23590000,63.6032614028735,64.50631370965866,63.55726096383039,64.48936462402344,84020400,87.6624984741211,88.87100219726562,87.66200256347656,88.69200134277344,69724000,143.1856988526597,144.47437596857466,143.10933139873265,144.3598175048828,22420900,198.58406070146282,200.0272557486795,198.3153230125902,198.852783203125,15272300
2019-11-26,65.18385588801307,65.38788227282132,64.89175722790185,65.3376235961914,21910000,64.62735789262125,64.68062116338305,63.55241361974907,63.985782623291016,105207600,88.99600219726562,89.85150146484375,88.9175033569336,89.84700012207031,63624000,144.48392828709726,145.49577164480587,144.4457518398042,145.1234893798828,24620100,199.06181876298055,199.21110905216818,197.11100625673026,198.03665161132812,11735500
2019-11-27,65.45804903163751,65.56852092694777,65.16196400271949,65.29432678222656,18808000,64.2980870213688,64.87914352574064,64.23272148942515,64.84524536132812,65235600,90.05000305175781,91.2249984741211,89.8655014038086,90.92549896240234,60512000,145.40985480089222,145.57213018174707,144.63665434157087,145.4003143310547,15184400,198.96230430822212,202.18711160473978,198.4845601415128,201.05245971679688,12736600
2019-11-29,65.01914770034297,65.18584644736278,64.85144666514758,64.89424133300781,12802000,64.54503382689174,64.88397850557618,64.37555779332959,64.70240020751953,46617600,90.88899993896484,91.2344970703125,90.03949737548828,90.04000091552734,38468000,145.19032913555853,145.38124052001717,144.40757352399163,144.50303649902344,11977300,200.65433188938263,202.84400899475708,200.26616192609904,200.6941375732422,7985200
2019-12-02,64.81810599777505,64.9614256151184,63.714381692746564,64.13636779785156,26538000,64.70724493258149,64.9445099213031,63.782411673986815,63.95430374145508,94487200,90.22000122070312,90.27749633789062,88.13400268554688,89.08000183105469,78512000,144.91347531428116,144.93257081978192,141.58203060174844,142.7561492919922,27418400,201.18183844298255,201.23159174949927,197.12097538755344,198.7632293701172,11503400
2019-12-03,63.62878751463754,64.552874371491,63.54867280377517,64.42896270751953,25270000,62.538000369149145,62.83336809595727,62.0489520362288,62.814002990722656,114430400,88.0,88.64350128173828,87.36150360107422,88.49800109863281,67618000,140.78974145388634,142.64159774035983,139.98789040561118,142.5270538330078,24066000,196.6730813201595,197.99682903879514,194.1648981729119,197.88735961914062,11595300
2019-12-04,64.99426569726276,65.89844353580985,64.84248737518483,65.63320922851562,35506000,63.206209989944824,63.74852158896931,63.11178570880677,63.36841583251953,67181600,88.70050048828125,89.45449829101562,88.01100158691406,88.03450012207031,53402000,143.31933024644187,143.3575066884707,142.4220309199464,143.04251098632812,17574700,199.06181986336279,199.09167792136535,197.12097015713732,197.7778778076172,8456300
2019-12-05,66.03429224665011,66.08306267903731,65.40331386257036,66.03230285644531,24408000,63.86472648524016,64.37314724066661,63.608096393266514,64.29808807373047,74424400,88.17500305175781,88.17500305175781,87.0,87.02400207519531,56476000,143.23342442576484,143.49116275144036,142.68931180107228,143.11886596679688,17869100,198.92247448917328,200.34575919196072,197.2802205725399,198.42481994628906,9740400
2019-12-06,66.32041976591512,66.80410732217412,66.24478497607045,66.65084075927734,32968000,64.75809983675708,65.61030482632285,64.71451542128803,65.54009246826172,106075600,87.55999755859375,87.72000122070312,87.00650024414062,87.58000183105469,62348000,144.13079292493484,144.97080615535992,143.44350010374504,144.85626220703125,16403500,199.55948001872795,200.62446807477446,199.12154157277283,200.10690307617188,12270600
2019-12-09,66.62447193689093,67.55452702974324,66.48563224473745,66.82998657226562,30842000,65.36819115445321,65.56187172842363,64.13588058559877,64.62251281738281,128042400,87.53299713134766,88.34449768066406,87.28050231933594,87.47550201416016,48856000,144.2071284183246,145.29533938284135,144.05439347736646,144.48394775390625,16687400,199.70877259445834,202.18709781708355,199.2708493307123,200.39553833007812,11954800
2019-12-10,66.67821495613366,67.07929727066904,66.38262347109809,66.82501220703125,17606000,65.02924971296446,65.38514351150229,64.36587856758632,65.00019836425781,90420400,87.37000274658203,87.53350067138672,86.75,86.96050262451172,50286000,144.41712467637416,144.9898734377157,143.91120291561845,144.264404296875,16476100,200.7140370700888,201.10220701221758,199.21111060688355,199.927734375,9475700
2019-12-11,67.09422842768504,67.17334845178318,66.73594076385635,66.89269256591797,20480000,65.0801037595027,65.63452507964419,65.00505196283702,65.55462646484375,78756800,87.08350372314453,87.5,86.7854995727539,87.43599700927734,41952000,144.6557215244063,144.9707317863208,143.50069846298777,144.80845642089844,18856600,199.34051044559442,201.67949296546794,199.34051044559442,201.31121826171875,8036800
2019-12-12,66.84093968464185,67.40673139482124,66.5916356717004,67.10368347167969,29114000,64.83072945357088,65.98798843132002,64.71936347511442,65.72167205810547,137310400,87.5,88.19999694824219,87.27200317382812,88.0165023803711,61918000,144.76076936382785,146.4694605907302,144.15939919346627,146.27854919433594,24612100,201.4008093696665,202.70466190544602,193.1895090129482,195.8270721435547,23734800
2019-12-13,67.07431703244114,67.24599684850061,66.7638051174506,67.02306365966797,33170000,65.72166249795971,66.65134256594871,65.59334745340905,66.61502838134766,133587600,88.25,88.44950103759766,87.75,88.0469970703125,54914000,146.04944023458228,147.8535797960323,145.8871648266387,147.5099334716797,23845400,195.47869876042452,195.87683150785384,192.26385465939134,193.19944763183594,18798000
2019-12-16,67.42763325956065,67.85210231614137,67.20917998851799,67.7112808227539,28128000,67.06292546975874,67.98050330577985,67.05808604111581,67.75534057617188,128186000,88.3499984741211,88.4749984741211,87.85250091552734,88.46050262451172,62904000,148.0635593290115,148.81766426957353,147.78674005264386,148.4644775390625,24144200,194.3539990284115,198.1859296912046,193.8961501910895,196.99156188964844,14911500
2019-12-17,67.79637532919698,67.89191922094004,67.217143807483,67.42216491699219,32948000,67.68514480049657,68.21777017270394,67.49871964004858,67.88851165771484,114158400,88.90049743652344,89.5999984741211,88.86949920654297,89.53299713134766,72888000,148.38812774369853,148.6363256406018,147.43355630171192,147.66265869140625,25425600,197.9072671823086,198.06652029078995,195.20998789826288,197.45938110351562,10175700
2019-12-18,67.52715512249516,67.6480751190235,67.20171518207414,67.27386474609375,23330000,67.7408211469,68.24924196202495,67.57619189657501,67.7262954711914,116028400,89.7509994506836,89.91000366210938,89.11799621582031,89.20149993896484,67028000,147.2903653125848,148.41675253776003,147.17580684356807,147.357177734375,24129200,199.15138092930027,203.34163864399594,199.15138092930027,201.55007934570312,23274400
2019-12-19,67.27386673237294,67.55353552004196,67.11662137714275,67.4992904663086,28922000,67.66818337738994,68.07491701766699,67.53502890572648,67.79407501220703,98369200,89.0250015258789,89.64949798583984,88.7030029296875,89.61399841308594,53056000,147.0039984865665,148.69359397611237,146.7653556318805,148.63632202148438,24958900,201.82875625039657,205.33224815582906,201.56001857004776,205.09336853027344,16514600
2019-12-20,67.8307002019316,67.8754842583036,67.21514342302943,67.2395248413086,50090000,68.32912936938088,68.43080908267822,67.44060294579238,67.65365600585938,275978000,89.98100280761719,90.14849853515625,89.12249755859375,89.32499694824219,103016000,150.201807029263,151.29001778042624,149.18994916800344,150.2590789794922,53477500,206.5067482135611,206.73568026396654,202.47574292295084,205.33229064941406,27306900
2019-12-23,67.61323860659286,67.76849455090249,67.07929240402754,67.21016693115234,19936000,67.91755722257518,68.81818602118693,67.87881962615262,68.75765991210938,98572000,89.41300201416016,89.6500015258789,89.22550201416016,89.6500015258789,42728000,150.93681647800815,150.93681647800815,150.12543957375644,150.2590789794922,17718200,205.73037929374087,207.6115128062618,204.71515980195167,205.2128143310547,13348900
2019-12-24,67.18926817770937,67.27884388622779,66.88871080971033,66.90164184570312,13468000,68.92473860522028,68.97316246615414,68.49621625088663,68.82305145263672,48478800,89.69049835205078,89.77850341796875,89.37899780273438,89.46050262451172,17626000,150.32593243002214,150.54549438663247,149.98228606924812,150.23048400878906,8989200,205.33227908167865,205.81997084156072,204.03837415932344,204.15780639648438,6046300
2019-12-26,67.00714441713126,67.83568750158221,66.95538989758711,67.79935455322266,23662000,68.95618123586748,70.20544090356042,68.92712988822538,70.18849182128906,93121200,90.05049896240234,93.52300262451172,89.9749984741211,93.4384994506836,120108000,150.4022629635619,151.51910972034838,150.24952804837662,151.4618377685547,14520600,204.60570480688463,206.84515034569526,204.34691471369524,206.81527709960938,9350700
2019-12-27,67.87548926268654,68.02726758903803,67.32811081612331,67.40972137451172,23212000,70.48145253927747,71.17145176052892,69.7551391250006,70.16187286376953,146266000,94.14600372314453,95.06999969482422,93.30049896240234,93.48999786376953,123732000,152.20642395398073,152.30188693097045,151.0323050781543,151.7386932373047,18412800,207.69114334998685,207.94991824270406,205.62089864661527,207.1238250732422,10284200
2019-12-30,67.51769834955634,67.52715174912666,66.57370996290571,66.66676330566406,19994000,70.07954307567853,70.86154300911814,69.05302270311626,70.57827758789062,144114400,93.69999694824219,94.19999694824219,92.03099822998047,92.34449768066406,73494000,151.76730155054256,151.79593752529817,149.60996101493558,150.43089294433594,16348400,206.88493927598088,206.92474495551875,202.9435087644576,203.4511260986328,10524300
2019-12-31,66.47169693869652,66.71403806435487,66.28956903294264,66.65084075927734,19514000,70.1933423903923,71.10123409050465,70.09407867790037,71.0939712524414,100805600,92.0999984741211,92.66300201416016,91.61150360107422,92.39199829101562,50130000,149.64817470627386,150.6027461844132,149.34270484177895,150.53591918945312,18369400,203.04306450308314,204.59574433109393,202.6449469220796,204.28720092773438,8953500
2020-01-02,67.09970156760528,68.1083755493164,67.00415768648521,68.1083755493164,27278000,71.72101143907315,72.77659055848162,71.4668047519516,72.716064453125,135480400,93.75,94.90049743652344,93.2074966430664,94.90049743652344,80580000,151.56683443806205,153.4282456163035,151.13728025317593,153.3232421875,22622100,205.78015882073373,208.8058918375868,205.302414699591,208.7959442138672,12077100
2020-01-03,67.07929686090621,68.36066912200879,67.04545444931702,67.7520751953125,23408000,71.9413662942785,72.77178313608746,71.78399981284987,72.0091552734375,146322800,93.2249984741211,94.30999755859375,93.2249984741211,93.74849700927734,75288000,151.12773328370503,152.6836745782892,150.87953542687913,151.41409301757812,21116200,206.2380192300166,209.41304271631276,205.9792291267133,207.691162109375,11188400
2020-01-06,67.25992638011208,69.58332136437583,67.22858209701914,69.55794525146484,46768000,71.12787343706493,72.62165386110323,70.87608272259153,72.58291625976562,118387200,93.0,95.18450164794922,93.0,95.14399719238281,81236000,149.9440697335836,151.87230794316667,149.39995707140503,151.80548095703125,20813700,205.7303744905394,211.78185524561292,205.55122615410616,211.6027069091797,17058900
2020-01-07,69.68981296449783,69.84109012983315,69.24693070667955,69.423583984375,34330000,72.59259363206662,72.84922374466596,72.02123070618616,72.24154663085938,108872000,95.2249984741211,95.69450378417969,94.60199737548828,95.34300231933594,80898000,152.0823156061593,152.4164068417858,150.1731728919405,150.42135620117188,21634100,211.82169766091124,213.57343627326793,210.75670959529046,212.06056213378906,14912400
2020-01-08,69.40916205306414,70.25661198119289,69.30018598173857,69.91773223876953,35314000,71.94375136900179,73.70627127642481,71.94375136900179,73.40364074707031,132079200,94.9020004272461,95.55000305175781,94.3219985961914,94.59850311279297,70160000,151.71004582761572,153.49510448810574,150.7745698093218,152.81735229492188,27746500,212.00083135656322,215.22563820234075,211.61266142776498,214.21041870117188,13475000
2020-01-09,70.75820366435225,71.09409928302898,70.17499344034695,70.65171813964844,33200000,74.38415834268419,75.15647202012606,74.13237506994084,74.9627914428711,170108400,95.49449920654297,95.89099884033203,94.79000091552734,95.05249786376953,63346000,154.48785857360957,154.8506004292795,153.71465793650782,154.72650146484375,21385000,216.51952585487996,217.35559700611174,215.2654419088488,217.27597045898438,12642800
2020-01-10,71.13341593357758,71.40561310051638,70.64226436176689,71.1080322265625,26258000,75.19765901523964,75.69881710238332,74.62871196378013,75.13228607177734,140644800,95.26850128173828,95.34700012207031,94.0,94.15799713134766,57074000,155.423335359617,155.8051581253616,153.85782414949148,154.01055908203125,20725900,218.17174585240141,218.848563919665,216.40009691672174,217.03709411621094,12119400
2020-01-13,71.42103622672836,71.73105459235768,70.92939109321708,71.65890502929688,30730000,75.44942165682815,76.76404682603398,75.3307854721379,76.73741149902344,121532000,94.56549835205078,94.9000015258789,94.04000091552734,94.56500244140625,55616000,154.41145894411306,155.89104747475955,153.93417326104023,155.86241149902344,21626500,218.56988744950831,220.9287651891354,218.18171750264293,220.86904907226562,14463400
2020-01-14,71.6573986602336,71.78827317993225,71.0488048085066,71.18914031982422,26076000,76.67448999643469,76.88511970700802,75.57775702296071,75.70122528076172,161954400,94.29399871826172,94.35549926757812,92.92749786376953,93.47200012207031,68818000,155.96741840076578,156.1678848009803,154.37328593172,154.76466369628906,23477400,220.5704509179999,221.33684317971068,217.60443404355067,218.03240966796875,13288900
2020-01-15,71.31007924880507,71.69623359683659,71.24240200906924,71.61760711669922,21550000,75.50028381601487,76.38396369325629,74.94343907710318,75.3768081665039,121923600,93.61250305175781,93.94300079345703,92.75450134277344,93.10099792480469,57932000,155.23241007287436,156.4924514232917,155.18469315115652,155.7669677734375,21417900,219.5751343894341,220.64010719625313,219.1073379118784,220.1125946044922,10036500
2020-01-16,71.92861081434542,72.18986633810621,71.65740833978604,72.16299438476562,26080000,75.92151312955643,76.43235722338372,75.55835655241987,76.32098388671875,108829200,94.14949798583984,94.27950286865234,93.3010025024414,93.89700317382812,53190000,156.88382702393884,158.6879665208014,156.57835716184766,158.6211395263672,23865400,221.52595613683127,221.58567225354054,219.35617437738657,220.72970581054688,10015300
2020-01-17,72.77904128791559,73.67525391932409,72.48096687413458,73.6240005493164,52424000,76.57035717765905,77.16835535095495,76.26288724448004,77.16593933105469,137816400,94.29450225830078,94.33200073242188,92.86250305175781,93.23600006103516,79946000,159.81438174136917,159.86211323634743,157.91477893985072,159.50892639160156,34371700,220.9884768180062,221.24725171492378,219.49551317773475,221.09796142578125,15905900
2020-01-21,73.59813193167503,74.13954981671559,73.16072423104607,73.7598648071289,48930000,76.79310129941813,77.23614913553814,76.5049964495613,76.64299774169922,110843200,93.25,94.7135009765625,93.0,94.5999984741211,74156000,159.10794255718054,160.5493545898603,158.86929972428416,158.93612670898438,29517200,221.11786886980354,221.32687527177663,218.0921207616,220.4012451171875,14275800
2020-01-22,74.13208207250838,74.67199649799004,73.78026373101446,73.84046936035156,28458000,77.12961824131806,77.47098633963294,76.82214830621916,76.91657257080078,101832400,94.80449676513672,95.125,94.16699981689453,94.37300109863281,64326000,159.79523847784247,159.88116096936955,158.1533745873671,158.17247009277344,24138800,221.26714552513977,221.70508392333707,220.241978450819,220.28179931640625,12212800
2020-01-23,74.02358863513173,74.31967363498386,73.66380519285875,73.88126373291016,26650000,76.96984634011159,77.3668937772688,76.42026453610515,77.28700256347656,104472000,94.25550079345703,94.4990005493164,93.63800048828125,94.22899627685547,49692000,158.64021178281828,159.22250087718146,157.76200790642838,159.14613342285156,19680800,219.71445681424444,220.4509909250943,218.24140377975453,218.72909545898438,11195000
2020-01-24,74.28583487962034,74.35450680018036,72.8108844266279,72.95967864990234,29786000,77.5339532626897,78.27963174807223,76.8730054274966,77.06427001953125,146537600,94.56849670410156,94.74949645996094,92.37200164794922,93.08200073242188,75324000,159.90025784938828,159.91935335669822,156.97927155195472,157.54246520996094,24918100,219.76426361280397,220.7396623285179,215.09626126392587,216.9176788330078,11905800
2020-01-27,71.23643435523881,71.4872342256204,70.63729373845622,71.24588775634766,34132000,75.06688907368486,75.48088552561684,73.8127900649216,74.79815673828125,161940000,91.0,92.05000305175781,90.76699829101562,91.41699981689453,70570000,153.82919693681342,155.95790194568534,152.92235689228698,154.90786743164062,32078100,212.10037438216526,215.04648080078783,211.5031828498223,213.862060546875,13810700
2020-01-28,71.74399693020122,72.39388973398827,71.17770407698895,72.17991638183594,29724000,75.68183593003438,77.08603847633346,75.58257224071698,76.91414642333984,162234000,92.0250015258789,92.90550231933594,91.5009994506836,92.6624984741211,56160000,156.33973257783853,158.22978023235012,155.66199491117118,157.94342041015625,24899900,215.1261024276998,217.7139120923478,212.51839751638414,216.7683563232422,13413800
2020-01-29,72.57601256289253,72.8586654186404,71.92562625371633,72.48843383789062,21566000,78.55078236199498,79.37393591584485,77.80752001617462,78.5241470336914,216229200,93.19999694824219,93.73750305175781,92.7509994506836,92.9000015258789,41760000,160.21521661483965,161.08387984783707,158.16289449042557,160.4061279296875,34754500,220.40124946328032,223.14829711100327,217.42526978783843,222.18284606933594,33181300
2020-01-30,71.56286322410585,72.41628127877416,71.40860195394337,72.36652374267578,27110000,77.60417282727558,78.46364078408652,77.17080373518314,78.4103775024414,126743200,92.9000015258789,93.64350128173828,92.53050231933594,93.53399658203125,126548000,166.14314156692402,166.14314156692402,163.03122973410018,164.9308319091797,51597500,205.56119177429653,210.43820039774826,203.7895427519186,208.547119140625,48775500
2020-01-31,73.04377812590472,73.13384738601565,71.01348397202851,71.29812622070312,43822000,77.69858276990855,78.1222655759737,74.63838622980492,74.93375396728516,199588400,102.57350158691406,102.78600311279297,100.1135025024414,100.43599700927734,311346000,164.38675074270793,164.56810707750614,161.87622324565402,162.49668884277344,36142700,207.45228012961394,207.71107023003282,200.1168565085857,200.96287536621094,31359900
2020-02-03,72.73475112590975,73.96139234126558,72.48395130082353,73.77726745605469,71636000,73.67237193822604,75.89731214570682,73.16879799630816,74.72795104980469,173788400,100.52999877929688,102.42500305175781,100.01249694824219,100.20999908447266,117834000,162.6876216573005,166.57273484253994,162.6589856761577,166.45819091796875,30107000,202.48569587200018,204.17771838927396,201.55010284120308,203.232177734375,15495600
2020-02-04,72.37846261578684,73.01789968192739,70.76318413051645,71.92662048339844,95880000,76.33797057002913,77.38628720994407,75.93123677650955,77.19502258300781,136616400,101.49400329589844,102.98999786376953,100.76850128173828,102.4834976196289,105786000,169.0927895461623,172.43378968983822,168.30049347850374,171.93740844726562,36433300,205.65075434101564,209.6120953581795,204.2374172898709,208.845703125,19628900
2020-02-05,72.83228620559221,72.88055549193162,71.14386347186732,71.95846557617188,36376000,78.32560570846216,78.6258201613122,77.21919431624794,77.82445526123047,118826800,103.5510025024414,103.5510025024414,101.5999984741211,101.99349975585938,87524000,175.66978656794012,175.8320619700683,170.30509956420224,171.72740173339844,39186300,211.5131253454738,211.73209455621011,207.73096302303483,209.1243896484375,12538200
2020-02-06,72.25356352243467,73.72553013530305,72.17892341944845,73.44735717773438,37822000,78.09563507421905,78.73721039613278,77.53637437960353,78.73478698730469,105425600,102.0510025024414,102.81500244140625,101.23999786376953,102.5114974975586,63660000,172.74881529653373,175.46935005173762,171.88015168662866,175.28797912597656,27751400,209.48270907571722,210.199332848112,208.35800492430647,209.86093139648438,10567500
2020-02-07,73.02038176738384,73.90913031714187,72.92185381552126,73.60359191894531,28360000,78.23244174012544,78.48240085764334,77.1719355094332,77.6645736694336,117684000,102.09950256347656,104.92649841308594,101.90499877929688,103.96399688720703,101906000,174.5434001454982,177.19710768250593,174.1901987949032,175.53614807128906,33529100,209.3135081040746,211.82169130451058,208.94523340741898,211.333984375,12242500
2020-02-10,73.51006368465248,75.08503066123686,73.40904517323618,75.07408142089844,38302000,76.24489635857795,78.03343963623047,76.1648155367922,78.03343963623047,109348800,104.25050354003906,106.77999877929688,104.24800109863281,106.69550323486328,101124000,175.24020864476424,180.26124865813412,174.9251983541532,180.1276092529297,35844300,210.52779274637848,212.7970963619907,209.67182628173794,212.06056213378906,11856400
2020-02-11,75.30348131760789,76.1300350378507,74.91434289980158,75.14374542236328,34852000,78.53092392160836,78.60372465740163,77.3442200863521,77.56262969970703,94323200,107.54499816894531,109.29750061035156,106.80000305175781,107.54000091552734,114920000,181.9890061167151,182.03673759315643,175.1638273880534,176.06112670898438,53159900,209.20402115778077,209.87087642912405,205.54127578995926,206.2180938720703,25030800
2020-02-12,75.4323606906229,75.65330449075212,75.07457418082535,75.57020568847656,31042000,78.01401820106558,79.409422447038,78.01401820106558,79.40457153320312,113730400,108.16000366210938,109.01249694824219,107.7645034790039,108.0,66686000,177.1493659071914,177.40710426901245,173.58881858824256,176.3188934326172,47062900,206.8749939679805,210.22918063657784,206.4270927417051,209.77133178710938,13813700
2020-02-13,75.14076012943136,75.93446611705389,74.84218453538855,75.30945587158203,22914000,78.67410664216737,79.16674472243865,78.47025716819051,78.83912658691406,94747600,107.24949645996094,108.51399993896484,107.0999984741211,107.49349975585938,60636000,174.76296461571766,177.76985923208883,174.56249817734334,175.36434936523438,35295800,208.53716838706288,213.32460276260556,208.19875174834357,212.1401824951172,15396600
2020-02-14,75.36618018532974,75.64086789608571,74.91931151125273,75.57518005371094,23198000,78.80757547409223,79.10850246780329,78.34891601878451,78.8585433959961,80113600,107.78399658203125,107.9520034790039,106.29450225830078,106.74349975585938,52124000,174.9251887775994,176.98706625838952,174.35244017773482,176.92979431152344,23149500,212.9961446229473,213.92177478401734,211.65247128058152,213.17529296875,10741700
2020-02-18,75.35672784883174,76.16386598952577,75.19101619789893,75.61051177978516,25642000,76.53127166279081,77.59663638650063,76.34926235148549,77.41462707519531,152531200,106.2509994506836,108.30349731445312,106.20549774169922,107.78350067138672,58912000,177.17800990105596,179.17306076378034,177.0730064574597,178.7244110107422,27792200,212.54825672930903,216.9574686567502,212.39895125522258,216.7783203125,15609200
2020-02-19,75.99666093125346,76.17282066551604,75.6871437222989,75.8807144165039,22746000,77.65728500864738,78.76632988761132,77.65728500864738,78.53578186035156,93984000,108.38999938964844,109.25499725341797,108.05599975585938,108.51100158691406,51224000,180.00700463143806,180.12186138936497,178.48509416736147,179.26040649414062,29997500,216.96744216138393,217.29589599590963,215.09625614186007,216.46978759765625,12135100
2020-02-20,75.58911904933706,75.99020140631765,74.8551251240808,75.48860168457031,25962000,78.29553354521413,78.78574250032466,77.22288901629881,77.73008728027344,100566000,108.65350341796875,108.8395004272461,106.37249755859375,107.65499877929688,62626000,178.94459544933736,179.23175204525444,173.34510755321432,176.52293395996094,36862400,215.50432734792386,217.7437727892913,211.951066624426,213.57342529296875,13109200
2020-02-21,74.8710512207004,75.18804008732626,73.57276134640311,73.82007598876953,42520000,77.32238890983989,77.76649566805042,75.35183643347615,75.97066497802734,129554000,107.10749816894531,107.22750091552734,104.4000015258789,104.79850006103516,92926000,175.3264154675454,175.6422861817176,169.659919486155,170.94253540039062,48572600,212.47858437706003,213.2350290198585,207.85040309421998,209.19406127929688,14092300
2020-02-24,70.81393833170006,71.47727087720753,70.00481082046124,70.65519714355469,49560000,72.13876947323553,73.81810418195764,70.19005719516358,72.36203002929688,222195200,100.15899658203125,101.96499633789062,99.39849853515625,100.4645004272461,130940000,160.58584282779552,167.0755119618359,156.240244210252,163.57223510742188,68311100,200.85336268493913,202.69467525421783,197.24038609301786,199.77842712402344,23080100
2020-02-25,71.20955452359632,71.50065850081133,68.692588654975,68.9861831665039,51580000,73.03426594239946,73.41769559790279,69.4377605020185,69.91098022460938,230673600,101.32099914550781,101.7300033569336,97.9209976196289,98.63700103759766,124382000,166.7405587643012,167.3531526661857,160.47103414954202,160.87306213378906,68073300,201.30127472961732,202.5454111618152,195.03082407389752,195.84698486328125,21433500
2020-02-26,69.41712466045571,70.3471798136507,68.50000813732794,69.19269561767578,49776000,69.53481752247102,72.28922581008212,69.52753744829661,71.02001190185547,198054800,98.51399993896484,100.7334976196289,98.02249908447266,98.97949981689453,104492000,162.44280838105968,165.8407811816889,161.00704028883158,162.8831024169922,56206100,196.2650004966838,200.2661472625583,194.57297809311262,196.2749481201172,16524500
2020-02-27,67.63364403136153,68.14420353278719,65.39932357908593,65.43465423583984,62290000,68.21709029357726,69.40621629434781,66.24167904417651,66.37757873535156,320605600,96.71900177001953,98.75,94.13800048828125,94.21499633789062,162880000,156.32642160207112,159.87754615716182,151.2150765935854,151.40650939941406,93174900,190.92017541397288,194.9611274339406,188.61105129558578,188.85987854003906,21682600
2020-02-28,63.41232362061609,66.80310984869047,63.10877459262059,66.64387512207031,80198000,62.43160376696,67.56426328843753,62.21561589566721,66.33872985839844,426510000,90.73149871826172,94.48799896240234,90.55650329589844,94.1875,189620000,145.88360337407545,156.6997251752608,145.49115661738037,155.072509765625,97012700,181.84297925151697,191.83589165444653,180.9671175240087,191.56715393066406,32568900
2020-03-02,67.24799522889303,69.04340471098438,65.94472443894038,68.9861831665039,55430000,68.50342446012388,73.15315476053108,67.39680886693866,72.51490783691406,341397200,95.32450103759766,97.72550201416016,93.5,97.69750213623047,135234000,158.2312217343884,165.51535283207693,155.35968539530575,165.3909149169922,71030800,193.1198255677862,195.6479192142432,187.9641316633237,195.51852416992188,24949000
2020-03-03,69.55147725951427,70.074474248836,66.14575530731636,66.56774139404297,56602000,73.69433636090781,73.77441717355254,69.35765634090362,70.2118911743164,319475600,98.76850128173828,99.81649780273438,94.40450286865234,95.44950103759766,150690000,166.3576519192017,167.50626337555664,155.31180214387678,157.4654541015625,71677000,195.29953394421347,196.314753380527,183.10699864743867,185.0179901123047,27984100
2020-03-04,67.6246871548153,68.81002200894605,66.53191209538853,68.75130462646484,47598000,71.93977581539738,73.62881987433597,71.13650877871662,73.4686508178711,219178400,97.32849884033203,98.9000015258789,96.0999984741211,98.79149627685547,95458000,161.27502536097947,163.39038185896317,158.52791288497758,163.24681091308594,49814400,188.28262662656724,190.93015256189528,185.51566845533966,190.8604736328125,23062500
2020-03-05,66.95738129290719,67.35946593346003,64.77233214000819,65.42520904541016,54380000,71.71648489537382,72.69448082569463,70.71907790652914,71.08552551269531,187572800,96.6500015258789,98.03600311279297,95.5,96.20149993896484,94964000,158.93955071049004,163.55314516534068,158.59496574082314,159.15013122558594,47817300,185.90382453273224,188.1034642320364,183.0273819642335,184.30137634277344,19333400
2020-03-06,63.195363838055194,64.827555889874,62.56139381615548,64.47872924804688,64640000,68.43548440571074,70.5759151634938,68.24862422437134,70.14151763916016,226176800,93.75,95.54350280761719,93.4749984741211,95.05449676513672,105472000,155.64684195080312,156.1254313406518,149.319889632788,154.65138244628906,72821100,177.49347659739217,182.9179082457758,175.43317943603327,180.2405242919922,24559600
2020-03-09,59.96132825146764,62.338463471328105,59.61697392511775,60.50025177001953,69252000,64.00660075736148,67.48661751740467,63.824591466108316,64.59388732910156,286744800,88.69300079345703,93.13849639892578,88.06449890136719,90.03050231933594,156264000,144.53397486706558,150.99493069721586,143.57679622556182,144.1702423095703,70419300,168.80444727372378,174.17911090682037,164.41513003394073,168.7049102783203,29949000
2020-03-10,62.421070002563646,63.48896251764609,60.436554559183975,63.45512390136719,54872000,67.25608395618609,69.51299644350358,65.37046275999084,69.24604797363281,285290000,93.54399871826172,94.7135009765625,90.90850067138672,94.59100341796875,142666000,151.38736719102417,154.13446503233638,146.0463089805732,154.0291748046875,65354400,173.8506487479301,177.45366303879118,168.70490222523648,177.35414123535156,24517800
2020-03-11,62.11652899829391,62.54746738339037,59.27361813002025,60.25691604614258,54732000,67.31673591637701,68.24619329059158,65.9747138459021,66.84107971191406,255598800,92.89250183105469,93.56600189208984,90.07499694824219,91.04299926757812,112496000,150.4014707619274,150.94705494253753,144.67753249700462,147.0513458251953,56371600,173.19374136381003,175.05497981923568,166.87353731380114,169.44143676757812,20373900
2020-03-12,55.863916764377194,59.15468318742386,55.1597827507668,55.31304931640625,94326000,62.111272274536645,65.52333888472222,60.18440016078189,60.24021530151367,418474000,86.0989990234375,88.25,83.75,83.83049774169922,226924000,139.0780389658794,146.89818555794096,132.64579827768898,133.10523986816406,93226400,158.79163240612482,165.81852852783743,153.616027299778,153.74542236328125,43266300
2020-03-13,58.46995836028194,60.431083267311,55.34987319346634,60.42461395263672,79400000,64.28324334840872,67.93070839286551,61.38565181622262,67.45748138427734,370732000,87.75,89.31549835205078,84.03099822998047,89.25,176194000,141.1839073624449,154.97686073277535,134.70380121975688,152.02874755859375,92727400,162.76290994388626,169.9888491656191,156.86073376177353,169.4812469482422,35028600
2020-03-16,54.22127189339046,57.00098160092461,53.10013278981946,53.39472579956055,96520000,58.716186517548486,62.873275496652674,58.242963182289955,58.7792854309082,322423600,82.07550048828125,87.97250366210938,81.30149841308594,84.4574966430664,178346000,134.00500400850265,142.95462976122505,129.21911100819898,129.62112426757812,87905900,151.60548629159945,158.38353869359048,142.42873536288815,145.3250732421875,39120400
2020-03-17,54.27252988977044,56.03211522774084,52.20541290761247,55.63700485229492,83194000,60.06549231026202,62.5165485741774,57.854685943845006,61.363826751708984,324056000,88.77349853515625,92.88899993896484,84.46199798583984,90.39199829101562,218342000,134.00501498499003,141.18385507347162,129.21912159266896,140.29368591308594,81059800,150.03291640465636,153.21790285241488,139.34328997755298,148.71910095214844,34255600
2020-03-18,52.744834644266916,54.986615573524475,51.60328906887955,54.29990005493164,93044000,58.18714213130372,60.66974714775329,57.544040589745045,59.86162567138672,300233600,87.5,92.08300018310547,87.25,91.5,192904000,132.09065546935233,139.7480847719235,129.23826714365302,134.38787841796875,81593200,139.09445920438958,147.48490838030915,136.45689592763517,146.27064514160156,37553100
2020-03-19,54.15209776679258,57.35628004585694,52.52637123041914,55.31901931762695,74064000,60.036365596883776,61.35896558109421,58.87636011980493,59.40297317504883,271857200,93.0,97.25,91.63249969482422,94.04650115966797,207998000,136.65638162150603,143.7203491794158,133.04781450548256,136.5989532470703,85922700,145.93222499984623,159.17978756398122,144.1207702158112,152.4116973876953,39862300
2020-03-20,56.275944586197916,56.6531428302749,52.85231423228287,53.1563606262207,82878000,59.98539501929856,61.11385462075303,55.330813454385684,55.631736755371094,401693200,96.31549835205078,97.8499984741211,91.0364990234375,92.30449676513672,196358000,139.7480799033925,140.80098223797003,130.0422891847285,131.46849060058594,84866200,155.2881366786974,158.5228913921021,147.30575310273773,149.0276336669922,32568400
2020-03-23,52.5671779570536,53.09167079517627,50.20347875276499,52.455711364746094,83672000,55.350234801464175,55.45215955190559,51.595989830091725,54.449893951416016,336752800,91.38749694824219,95.97000122070312,90.5999984741211,95.1415023803711,156170000,131.14305849558977,134.55062719768026,126.84533515014516,130.15716552734375,78975200,148.95796851406902,151.59553164206548,141.58272419240208,147.40528869628906,29830800
2020-03-24,54.936357041615146,56.39687326439122,54.06302987481948,56.23166275024414,72468000,57.35962428486816,60.10917855165599,56.859706000541046,59.9126091003418,287531200,97.57499694824219,97.75,95.01699829101562,97.00499725341797,142942000,137.59443780402628,143.1939390281192,135.22063872307237,141.98788452148438,82516700,154.4819309846351,160.55330733873305,151.85431558698232,160.224853515625,30440400
2020-03-25,55.9614527530944,57.035814603942825,53.89284377087498,54.81891632080078,90324000,60.8517718897151,62.671864767772384,59.286492755183524,59.58256149291992,303602000,96.03450012207031,97.51300048828125,94.28900146484375,94.29199981689453,129582000,142.53346802938663,147.72137425955265,138.25487854302744,140.62867736816406,75638200,158.17451291612159,162.22542805261037,152.3420012567321,155.47723388671875,35184300
2020-03-26,55.47079504467959,58.29529241748378,54.34169466002882,57.869327545166016,76562000,59.82523444541299,62.77620858330938,59.78640491258839,62.71796798706055,252087200,95.0999984741211,97.82450103759766,94.4645004272461,97.77449798583984,124426000,142.04531652432053,149.9516221166955,142.0166023310872,149.4251708984375,64568100,157.507671619343,163.23069918213113,156.28344562789644,162.57379150390625,26556800
2020-03-27,56.10526919592331,57.27866022817541,54.93735278371764,55.248863220214844,62794000,61.33711636840459,62.094273652565946,59.95384682888378,60.12129592895508,204216800,96.54299926757812,96.989501953125,94.99600219726562,95.00499725341797,107758000,145.2518924415378,148.257433486755,142.81108342012416,143.2896728515625,57042300,157.4578938460723,159.33902740489134,154.0240805481914,156.05450439453125,24879900
2020-03-30,56.36253564444081,57.276166921251175,54.663159753328635,57.042781829833984,58736000,60.849342024154396,62.0093475048291,60.52414930589501,61.83704376220703,167976400,96.1415023803711,98.68150329589844,95.61699676513672,98.19750213623047,122522000,145.91234252930232,153.72292525245413,143.5863903880051,153.36875915527344,63420300,158.43330719778598,165.96780494292827,157.31856578161563,165.1715545654297,22515200
2020-03-31,57.163206051055234,58.39083443927487,56.56556134705665,57.82106018066406,65228000,62.02876624051435,63.70082103256645,61.15512018524407,61.710853576660156,197002000,98.21749877929688,99.6510009765625,97.20050048828125,97.48600006103516,102472000,152.57430025836976,157.72392705769573,149.85591587579952,150.95668029785156,77927200,164.70374754892737,170.1281791701588,163.42975310094974,166.01756286621094,23676300
2020-04-01,55.932587259759686,56.20229768361806,54.41434472078375,54.842796325683594,51970000,59.82038494793416,60.3591327272743,58.031841560613465,58.463809967041016,176218400,96.64849853515625,97.24800109863281,94.6500015258789,95.38500213623047,82438000,146.4483546017773,150.99495384595014,144.36171185398587,145.59646606445312,57969900,160.86186245632155,163.37999342987356,157.29865382162922,158.85134887695312,19507600
2020-04-02,54.73829694635717,55.87137990575334,54.396433162480456,55.58574676513672,56410000,58.32546967140694,59.49275506292741,57.49065332322106,59.43936538696289,165934000,95.08200073242188,96.37650299072266,94.5,95.94149780273438,86720000,145.3571851773393,148.82216804626614,143.92141685856092,148.61158752441406,49630700,158.35368721548863,160.5931327375902,155.18859631356824,157.4479522705078,20886300
2020-04-03,55.47029994298398,55.6733278436525,53.49822958250269,54.37503433227539,51374000,58.92246773803886,59.62623542608821,57.99300663222972,58.58514404296875,129880000,95.55750274658203,96.31649780273438,94.4574966430664,95.32949829101562,72198000,148.45840347788032,150.640769470052,145.6730103070818,147.24278259277344,41243300,156.4128259656046,157.16927063515496,150.12248007042623,153.45675659179688,25983300
2020-04-06,56.3804517940451,59.25420957181764,55.98235353914818,58.87800979614258,63320000,60.88816303362977,63.851271716138356,60.51929359909339,63.695960998535156,201820400,96.80000305175781,99.9260025024414,96.5009994506836,99.87950134277344,115464000,153.45491515825577,159.37027324467843,150.83223993821088,158.1929473876953,67111700,159.3987440639469,165.42036707229104,157.76643777023222,164.77342224121094,28453600
2020-04-07,60.56095675968012,60.74856308077166,58.58241717885874,58.84665298461914,61620000,65.71748491139161,65.93590198494132,62.853875034378305,62.95822525024414,202887200,100.85549926757812,101.78600311279297,99.88099670410156,100.58000183105469,102280000,162.32793231073012,162.72037908322392,156.2689893839847,156.48915100097656,62769000,170.98414664464016,172.57664730782005,165.23126115940093,168.0380401611328,31411900
2020-04-08,59.86876766596092,60.45596046414816,58.91582321231339,60.06283950805664,40334000,63.76149282104844,64.88509803559353,63.395052482452144,64.56961822509766,168895200,101.05000305175781,102.19999694824219,100.55750274658203,102.1500015258789,79546000,158.57583015210966,159.53300907348805,156.49875364536553,158.0589599609375,48318200,170.4466931074715,174.17910244559133,166.95316343438785,173.4624786376953,21664200
2020-04-09,60.6191822762662,60.80877419619722,59.33730885263395,60.04144287109375,54028000,65.20786807728709,65.54033721316215,64.2371518120858,65.03556060791016,161834800,102.21499633789062,102.6500015258789,100.88300323486328,102.13800048828125,92930000,159.23627130806562,160.20301667185575,156.33602061130526,158.06851196289062,51385100,175.07485549944573,176.2493280736442,170.76518068558494,174.36819458007812,23534300
2020-04-13,59.7891490626969,60.43705241572804,58.83520993369254,60.23252868652344,38702000,65.11321477612952,66.42125839971293,64.51136807094039,66.31204986572266,131022800,102.0,109.0,101.9000015258789,108.44349670410156,134334000,157.31233692350142,158.48009619305355,155.3501175210317,158.4226531982422,41905300,172.8553209791983,174.17908383883875,168.65511557107914,173.97006225585938,19355400
2020-04-14,61.703500286214066,63.48398554877324,61.13471691802692,62.96049118041992,63358000,67.9501117046532,69.95221321023672,67.47688475003459,69.66099548339844,194994800,110.02349853515625,114.5999984741211,109.31050109863281,114.16600036621094,161744000,161.76321038251245,166.30980949089667,160.80603162285263,166.26194763183594,52874300,178.1404264930003,180.3798720689149,175.7914963036636,177.334228515625,21011800
2020-04-15,62.02894566560732,63.452141797794475,61.406422169235654,62.565879821777344,42236000,68.53256171861511,69.4862886004415,68.10302246952716,69.02519989013672,131154400,112.88400268554688,116.66850280761719,112.25,115.38400268554688,137332000,163.86900827959028,166.13753197612417,161.9929460032736,164.5198974609375,40940800,174.3681978774768,177.35412507847326,172.00932024859716,176.1398468017578,17423000
2020-04-16,63.0555359831681,63.365057016813374,61.61542243153011,62.57234573364258,57896000,69.74110330393147,69.94010189303526,68.52042803590564,69.57365417480469,157125200,117.30000305175781,123.05000305175781,116.75,120.40950012207031,240764000,166.83626285245634,169.68865150302491,165.49620380864962,169.45892333984375,50479600,177.11525550488224,177.21479249212575,171.7007714426145,175.42323303222656,23593200
2020-04-17,63.7800697785387,64.19309603629993,62.99880511817582,63.645713806152344,51050000,69.08829031254295,69.63674726381512,67.1881094519009,68.62962341308594,215250000,118.61650085449219,120.0,115.8010025024414,118.75,158600000,171.813572888909,172.29216222843243,168.33900961024494,170.95211791992188,52765600,178.35939482780842,179.4343305213368,175.83131629490424,178.3992156982422,20974800
2020-04-20,63.192382507258586,63.53723420122594,62.52308175937078,62.75746154785156,35292000,67.45263070247596,68.35781862849281,67.18568232250739,67.20509338378906,130015200,119.49749755859375,122.2490005493164,119.30249786376953,119.68049621582031,115414000,169.06649845044674,171.09571286072054,167.49672578100314,167.563720703125,36669600,176.5777917677822,179.65329325390158,175.94079454877485,177.40390014648438,16110700
2020-04-21,61.839850264512044,62.20261405697776,59.96331995092656,60.319618225097656,49648000,67.0473771763136,67.28277618454192,64.41430762802233,65.1277847290039,180991600,120.83049774169922,121.41549682617188,113.98300170898438,116.40599822998047,149534000,166.07051152310385,166.23323015638763,158.99696121305,160.6337432861328,56203700,174.4279169412668,174.55731198207238,167.55032752706842,169.99879455566406,24850500
2020-04-22,61.76022700362581,63.689502669146925,61.56565781052298,62.62111282348633,46296000,66.39940158614417,67.4404966317663,66.05723069304202,67.00367736816406,116862400,118.44999694824219,119.69999694824219,117.55000305175781,118.17449951171875,84244000,164.05086523508652,166.5491023546214,163.50528094286486,166.08966064453125,34620200,177.6129063309754,183.91321477323393,177.30436293910685,181.42494201660156,33242000
2020-04-23,62.98586521952871,64.10103609301092,62.72660667994224,63.256072998046875,34202000,66.94786806714389,68.37482206031547,66.70518901812768,66.7440185546875,124814400,119.9990005493164,121.21099853515625,119.10399627685547,119.97250366210938,101332000,166.65438768105864,167.56370454484113,163.59141869523893,164.07957458496094,32790800,183.2164886398873,186.17255768324173,182.2908433417327,184.26156616210938,21426600
2020-04-24,62.45142034269284,63.581519212126466,61.904038134854936,63.526283264160156,37402000,67.27062041354411,68.68058478279482,67.22208165212722,68.6708755493164,126161200,120.8499984741211,121.02149963378906,119.0999984741211,120.51100158691406,76498000,164.69218106687302,167.0851280534436,163.3999984573585,167.0755615234375,34277600,182.3704800533545,189.51680720691496,179.98174431557817,189.17840576171875,28792000
2020-04-27,64.29261999002367,64.39712372198137,62.95202913831528,63.24065017700195,44186000,68.38696009309551,69.05190579194252,67.93800973096258,68.71943664550781,117087600,122.16000366210938,122.24400329589844,118.1500015258789,118.80000305175781,112912000,169.02819727967727,169.3249203646585,165.879085519387,166.5969696044922,33194400,191.75626706778257,192.84115041097004,186.53089395987243,186.62046813964844,29197800
2020-04-28,63.854715732055425,63.93233991292163,61.22627956997814,61.33625411987305,80700000,69.18293587962397,69.36494515545422,67.51331034369456,67.60552215576172,112004800,118.6050033569336,118.67500305175781,115.30000305175781,115.7040023803711,105388000,168.07097336094168,168.14754939543366,162.13646943897155,162.53848266601562,34392700,187.77502961849112,188.31248988208242,181.70363767252206,182.052001953125,21731000
2020-04-29,66.93001606050674,67.68391147672108,66.02086467346707,66.78968811035156,108358000,69.0980126121264,70.29684778168853,68.89416308692655,69.8260498046875,137280800,116.50050354003906,119.59449768066406,115.5,118.635498046875,91832000,165.8025149944787,170.07152431727428,164.519898891604,169.8322296142578,51286600,190.03438075640602,195.98634078519575,189.10875047813857,193.2790985107422,45954500
2020-04-30,66.2512539359075,67.17881846187733,65.76059592377868,67.01460266113281,55842000,70.36720857906009,71.47625350962926,69.97649890054853,71.2990951538086,183064000,120.99199676513672,123.75,119.80049896240234,123.69999694824219,190692000,172.2921755306454,172.67504118966917,168.6836075425225,171.5360107421875,53875900,205.94936529373084,208.70637586217512,200.62447051048667,203.74974060058594,46230100
2020-05-01,65.88947971557204,67.24997954035189,65.171416205784,65.5525894165039,48872000,69.46685809785768,72.56101509610286,69.36978798695081,70.15121459960938,240616800,116.83999633789062,118.12200164794922,112.90950012207031,114.302001953125,195452000,168.27202178019542,170.99040583781405,166.55866369356815,167.09469604492188,39370500,200.6543269554362,206.30767553165344,198.11628563304635,201.32118225097656,30415600
2020-05-04,65.09528031161895,65.90839414561984,64.49216102586087,65.83026123046875,30806000,70.17551168453589,71.27241844220069,69.48387483655323,71.143798828125,133568000,112.81900024414062,116.3489990234375,112.81900024414062,115.79949951171875,97318000,167.01810542774493,171.3349758174979,166.35764983214517,171.18182373046875,30372900,199.26087293125784,204.94409440774302,197.82762543939134,204.29713439941406,19250700
2020-05-05,66.55679496980919,68.2243215628969,66.43388558474965,67.13005065917969,39666000,71.60487317175793,73.04638718577591,71.45926427424553,72.2115707397461,147751200,117.0,117.55000305175781,115.35649871826172,115.88999938964844,64850000,172.88558787016814,175.78583775592836,172.19641813440475,173.01959228515625,36839200,206.04889483746598,209.3931340323651,205.5313298512808,206.09866333007812,21071200
2020-05-06,67.57691974063604,68.1088766042414,66.93648036667742,66.95140838623047,31732000,72.91534530676655,73.58999276968885,72.5294865058915,72.95660400390625,142333600,116.47200012207031,117.87249755859375,116.0,117.56300354003906,62356000,174.28309466098733,176.3123087755195,173.85236717889725,174.723388671875,32139300,207.14371644303657,210.60740290220983,205.69057372212853,207.49208068847656,21857000
2020-05-07,67.74163456805904,68.47264440653437,67.3052215502205,68.13823699951172,30652000,73.58513616899319,74.05836324243135,73.28178737986006,73.7113265991211,115215200,118.73899841308594,118.80000305175781,117.15550231933594,118.38050079345703,67928000,176.28359082938823,176.6473233913739,174.76168027590157,175.73800659179688,28316000,210.16946014210447,210.60739854884713,208.05939465390895,210.26898193359375,15152000
2020-05-08,68.7622572406244,69.4997287699174,68.27408972188776,68.88765716552734,33326000,74.3732060857613,75.51931637355732,74.04470105585122,75.46578216552734,133838400,118.60700225830078,119.36199951171875,117.8499984741211,118.98049926757812,64132000,177.05888500318397,177.07803266379074,175.50826041790555,176.771728515625,30877800,211.2444124843552,212.20986354293584,209.86093341905072,211.35389709472656,12506000
2020-05-11,68.51194548372064,70.43972524742269,68.44775348367992,69.84556579589844,32718000,74.97182191133705,77.14967462162217,74.76254909308051,76.65327453613281,145946400,118.73500061035156,120.9834976196289,118.60549926757812,120.44999694824219,65184000,175.3072630945256,179.48056257343904,175.0201211851634,178.74354553222656,30892700,209.90074145440502,213.99146257910334,209.3831764552827,212.17999267578125,12911900
2020-05-12,70.07597118487982,70.38001377865767,68.39849009246208,68.43183135986328,33918000,77.33946490194451,77.79207364909227,75.65558421726155,75.77725219726562,162301200,120.59249877929688,120.94999694824219,117.75,117.84750366210938,61498000,178.80097625310097,179.0306897835958,174.49367229167643,174.69467163085938,32038200,212.28949506334484,214.2701658618588,209.01493443949988,209.11447143554688,14704600
2020-05-13,68.48059199835623,68.93691403950152,66.08454630529928,67.09571075439453,40368000,75.95733196137674,76.88201322973275,73.78190749732052,74.86231994628906,200622400,118.33999633789062,120.38500213623047,116.88999938964844,118.39600372314453,95658000,174.73297499108446,176.16874304424806,168.98032164396082,172.05287170410156,44711500,208.44758410998438,209.79125751232846,201.16192916511113,204.13790893554688,20684600
2020-05-14,66.358740454696,67.54556349090912,65.85017034843136,67.52018737792969,36660000,74.09824769573883,75.38306147799402,73.3731037427669,75.32222747802734,158929200,118.05049896240234,119.56849670410156,117.6604995727539,119.44249725341797,72962000,169.93752944441883,172.9526516355735,168.15717616943115,172.79949951171875,41873900,201.60981055709746,205.9593065006722,199.7485873843937,205.83987426757812,17178900
2020-05-15,67.09223444201076,68.40196688173432,66.63143246758034,68.32633209228516,41544000,73.08595077247826,74.92313414173562,73.05188017652294,74.87689971923828,166348400,118.4260025024414,120.55000305175781,117.81849670410156,120.48899841308594,84700000,171.39245511622596,179.04988647791873,169.42066887745267,175.31689453125,46610400,204.3071080557419,210.34862653870135,203.1624934512638,209.8907928466797,19383200
2020-05-18,67.75506542085085,69.30664542495049,67.38781793513687,68.92945098876953,47094000,76.20552437986748,77.01582984347145,75.51201542213853,76.6410903930664,135178400,120.21749877929688,121.6500015258789,119.20050048828125,121.31300354003906,87144000,177.79595475407282,178.22668227519873,176.08261119923372,176.99192810058594,35264500,211.154826661047,213.63315187160842,209.9505111139863,212.18995666503906,20151900
2020-05-19,68.9443854610412,69.29321213831301,68.36117519922374,68.39302062988281,31586000,76.65814338759236,77.50738369119736,76.1666073178484,76.1982421875,101729600,121.49150085449219,124.25,121.44850158691406,122.46649932861328,86410000,177.1067833021555,178.60956095328046,175.63273445054617,175.76673889160156,26799100,212.26957395711014,219.45570680460858,211.83163552739043,215.86264038085938,31843200
2020-05-20,69.12750749452235,70.2655678074449,69.04092345953289,70.12274932861328,38262000,77.0596416459209,77.75071498536498,77.0207069953293,77.6801528930664,111504800,123.89350128173828,125.00050354003906,123.3635025024414,124.89700317382812,79962000,177.38882314000728,178.38706941605494,176.55376328386225,178.20469665527344,31261300,222.45156941856564,230.2547886114049,222.1430260475361,228.89122009277344,50162900
2020-05-21,70.21381213676726,70.48600931605345,69.38775960567644,70.00282287597656,30894000,77.54143540411926,78.08407725078851,76.86252601832638,77.10099792480469,102688800,125.0,126.27249908447266,122.12699890136719,122.33699798583984,102288000,177.9551340153388,179.1741404228149,175.9298618807712,176.06423950195312,29119500,233.6189464600002,236.0873087047166,230.11545427616284,230.3045654296875,47782600
2020-05-22,69.86100197282914,70.51288417543044,69.46539424513811,70.3257827758789,28544000,76.83819763463005,77.68014544919457,76.73600068439247,77.597412109375,81803200,122.75050354003906,123.49250030517578,121.50650024414062,121.84400177001953,57342000,175.83390963368913,177.05291620338292,175.21000194469843,176.14105224609375,20826900,230.4240147450587,234.88301065048694,227.66701934756136,233.80807495117188,33925600
2020-05-26,71.75494334516371,71.9116951445939,70.63231222745613,70.73033905029297,44590000,78.71918198527375,78.89924821688763,77.01583028852903,77.0718002319336,125522000,122.9000015258789,123.0999984741211,120.7030029296875,121.09300231933594,71364000,178.85745557270067,179.0110342377732,173.82787878314946,174.2790069580078,36073600,238.64527627319504,239.7699652718426,230.58326618042517,231.11077880859375,33178300
2020-05-27,70.66217598789508,70.9284050225862,69.39822209639657,70.67610931396484,31684000,76.9282205155957,77.5535881797336,76.18604151167783,77.40758514404297,112945200,120.24949645996094,120.67900085449219,116.5,120.51950073242188,101138000,172.96394266922994,174.68207219522668,169.50851192215904,174.50929260253906,39517100,227.99547602682463,229.4784769518686,220.09271888533493,228.0651397705078,34697600
2020-05-28,69.66692194094234,71.87934390822512,69.6211431898544,70.5745849609375,35170000,77.08152577208277,78.70457981685169,76.80412665218442,77.44166564941406,133560800,119.21649932861328,121.84850311279297,118.9114990234375,120.05500030517578,63804000,173.4823278689673,176.75538700493465,173.1367832080184,174.11581420898438,33810200,223.24782736063887,230.54344466366163,222.9492316023007,224.4023895263672,29377200
2020-05-29,70.68355713928611,71.4946815443302,70.46211981224069,71.33494567871094,37044000,77.68498800975172,78.1473247460618,77.00851448794498,77.36621856689453,153532400,120.7969970703125,122.11849975585938,119.91000366210938,122.11849975585938,70198000,175.39238675358726,176.87055553063638,173.16555506136842,175.89151000976562,42130400,224.14360325935553,226.42286957245176,221.83449407585033,224.03411865234375,23241500
2020-06-01,70.94580806681581,71.73602869916792,70.77561651245831,71.4021224975586,25162000,77.3199863713913,78.43933305662227,77.18858289905835,78.31766510009766,80791200,122.4000015258789,123.84649658203125,122.20850372314453,123.552001953125,58578000,175.21004016334763,175.65157515719272,174.1734208050576,175.4884033203125,22622400,223.5364586695916,231.3496408839702,222.45157543655426,230.82212829589844,18223800
2020-06-02,71.4085918879412,71.80669008607417,70.74227532304845,71.77235412597656,23442000,78.04999766403765,78.70457189402366,77.60712449987925,78.68023681640625,87642800,123.3499984741211,123.67649841308594,122.2655029296875,123.62049865722656,50598000,176.85134714449978,177.57123051143805,174.06780398409765,177.48484802246094,30794600,229.85667749839604,231.90701173875053,225.4972189414253,231.62832641601562,20919000
2020-06-03,71.7917588332799,72.10575593499136,71.24039410656898,71.62007904052734,27732000,79.00144035927285,79.37617975384588,78.42716372886015,79.11337280273438,104491200,123.40049743652344,124.4000015258789,123.05850219726562,123.91999816894531,53420000,177.3984689744724,178.47349013654497,176.20825651213138,177.91677856445312,27311000,231.02118715930845,231.55864737081342,227.45797889224568,229.08033752441406,15380300
2020-06-04,71.4971694316438,71.72309429138843,69.96599205492319,70.3785171508789,26982000,78.9357828939185,79.23508147544307,78.05733591336357,78.43207550048828,87560400,123.87149810791016,125.37699890136719,122.50050354003906,123.02999877929688,58974000,176.89931214617343,178.37746596340432,174.97962349487705,175.57472229003906,28761800,228.48315005254787,230.54344713870998,223.55637314231467,225.22848510742188,17041500
2020-06-05,70.44520002096422,71.9709103787135,70.0461071028752,71.65840148925781,42642000,78.68267663769132,80.72669702130025,78.65347751344345,80.66586303710938,137250400,122.22550201416016,124.43250274658203,121.85649871826172,124.1500015258789,66128000,175.2868319420799,180.19163887538335,174.70132609753838,179.68292236328125,39893600,225.64653223428178,230.2647658403739,224.25309038509863,229.68748474121094,16750400
2020-06-08,70.974667107052,72.10525562528537,70.88509140875318,72.05748748779297,33878000,80.36169309987528,81.17686997307266,79.64872058754821,81.1427993774414,95654400,125.01000213623047,126.5,124.36699676513672,126.2030029296875,79414000,178.47350355740667,180.97869849717333,177.0337366873354,180.79632568359375,33211600,227.95563650944567,230.46381963391454,226.34324066589275,230.31451416015625,15466500
2020-06-09,71.91816171630913,73.04079279119881,71.77484210279437,72.25852966308594,33624000,80.82160644800746,84.09933458379527,80.7899715861673,83.70513153076172,147712400,126.47200012207031,131.32150268554688,126.25,130.04299926757812,103520000,180.45077420666559,183.04235154531418,179.7404839717792,182.17849731445312,29783900,230.43396122975577,238.64526109613027,229.32916754933692,237.5504150390625,27462900
2020-06-10,72.72778683921254,73.28810385800969,72.37198974644225,72.88652801513672,31762000,84.65657009743241,86.32828677869298,84.2161326502249,85.85865020751953,166651600,132.25,136.11749267578125,131.31300354003906,132.37249755859375,98920000,183.4550870310254,190.5483374184694,183.33989572978047,188.935791015625,43872300,239.82967504654457,240.07850230870858,234.17631175282833,235.6195068359375,20720700
2020-06-11,71.70866238072514,72.23465106938366,69.58780540266814,69.761474609375,47144000,84.99966970000351,85.42550756039871,81.63433719073035,81.73653411865234,201662400,130.1750030517578,133.56900024414062,126.8115005493164,127.89800262451172,116002000,185.37478704113605,187.89916830840505,178.59828670019016,178.79025268554688,52854700,228.8613753484341,231.79753413629194,222.50135084959444,223.37721252441406,26708200
2020-06-12,70.95376958003494,71.38421437179544,68.96030198853704,70.30985260009766,36676000,83.88275149824271,84.6322228005878,81.32772455576006,82.44219970703125,200146000,130.0605010986328,131.07400512695312,125.1675033569336,127.2509994506836,108722000,182.88878610959796,184.02141036884822,177.7440183982765,180.20123291015625,43373600,228.82156690078384,230.573320719935,223.44690357998104,227.5077667236328,22091400
2020-06-15,69.14392465309821,70.91097380700297,69.02996753030666,70.69898986816406,30468000,81.09172454239201,84.11638933497538,80.92868614982926,83.4618148803711,138808800,126.33000183105469,129.1999969482422,125.4000015258789,128.63400268554688,77302000,177.1681195252707,183.1575551525556,176.62100106852748,181.35304260253906,32770200,224.03411881128147,232.67340958623558,223.74548585834282,231.40936279296875,15340300
2020-06-16,72.10526358516627,72.51182051857924,71.10952825884952,71.9793701171875,30648000,85.52286943873968,85.94627913317997,83.8827871566956,85.67373657226562,165428800,131.0,131.0,128.8000030517578,130.7635040283203,71712000,185.14438681128263,187.7263706057299,183.77181634137804,185.79708862304688,42556700,236.0275868707339,237.34140210303943,231.90700802237413,234.54457092285156,15236700
2020-06-17,72.30133456430534,72.76212896872691,71.415068821233,72.28142547607422,30610000,86.42075685110076,86.48159083556952,85.43281353741015,85.55448150634766,114406400,132.375,132.75,131.59100341796875,132.0489959716797,59186000,187.19847151579805,188.43667912161857,185.9122834018671,186.44020080566406,25687800,233.89762779697497,236.47547460308337,230.64296293648738,234.42514038085938,19578100
2020-06-18,72.14757151661824,72.30282748663723,70.9726846629474,71.36481475830078,34862000,85.51067747543081,86.00708483695735,84.97777121070888,85.58854675292969,96820400,132.35049438476562,132.98199462890625,131.8054962158203,132.69900512695312,49756000,186.20982979362395,188.5998478300532,186.20982979362395,188.43667602539062,23061600,233.88771126314955,235.03231075303358,231.06102163048115,234.833251953125,15782500
2020-06-19,71.65740986390969,71.88133775111594,70.61240293282405,70.89306640625,52784000,86.2966575684398,86.76385839432308,83.98739454869698,85.09944152832031,264476000,133.9040069580078,134.8715057373047,132.9499969482422,133.75050354003906,115540000,190.61554281919862,191.28743113543558,186.56499728208425,187.3136749267578,44441100,236.6745517082963,239.70029997303934,234.44506897344573,237.66986083984375,30081300
2020-06-22,70.91148255316699,72.2023083095252,70.62186681199631,72.18787384033203,29442000,85.49364658624263,87.4695331919999,85.44741216447049,87.32596588134766,135445200,134.22500610351562,135.75,133.4499969482422,135.6909942626953,64176000,187.9279663598332,192.69839515722148,187.3904557312936,192.5160369873047,32818900,237.44094693436523,239.5709078947827,235.79869292184603,238.0978546142578,18917800
2020-06-23,72.25455152562985,73.40903563217812,71.90621842213413,72.85070037841797,37752000,88.57428648623221,90.61344295119446,88.1533126161021,89.18992614746094,212155600,136.30099487304688,139.15550231933594,135.90199279785156,138.2205047607422,84634000,193.97498056414278,195.76029200350268,193.3414796494519,193.80221557617188,30917400,240.14818004688533,244.03984229896915,238.7348429378527,241.1036834716797,24017900
2020-06-24,72.81587541071586,73.43839511149096,71.15979153173976,71.29415130615234,31592000,88.81763517839552,89.7398806476171,87.24081531062652,87.61555480957031,192623200,139.0,139.8000030517578,136.0500030517578,136.72000122070312,90532000,193.5046700779073,195.08840775103926,188.66704527062345,189.89564514160156,36740600,240.06853757436343,242.07906608895428,231.58850029535827,232.92222595214844,20834900
2020-06-25,71.22049025097112,71.77284971319233,70.63926944685834,71.71214294433594,23958000,87.77127201576967,88.81761353356403,87.00962937456471,88.77867889404297,137522400,136.9774932861328,137.81149291992188,135.60699462890625,137.72900390625,59374000,189.8572588057207,192.55441970306296,187.6208192009114,192.29525756835938,27803900,233.51942238775302,236.18685874398884,231.6482515573315,234.57444763183594,18704300
2020-06-26,71.29065960372779,71.5091128593862,67.42762851107032,67.8028335571289,97640000,88.67404128728082,88.89547786008215,85.90244166309822,86.0508804321289,205256800,138.7530059814453,139.1284942626953,134.39999389648438,134.64349365234375,130016000,191.70975479189462,191.863333440495,187.054517343966,188.4462890625,54675800,231.54869074021755,231.99657676358387,214.38955769873974,215.06637573242188,76343900
2020-06-29,67.69336296671155,69.56740658298106,67.2609287443365,69.5261001586914,45074000,85.95844002880014,88.12900036647599,85.47906782275209,88.03409576416016,130646000,134.50050354003906,134.83999633789062,131.50399780273438,134.0189971923828,84468000,187.91836756197677,190.55794011288884,185.77791828522643,190.4715576171875,26701600,208.76609491390064,219.71449560068444,206.13847935656102,219.60501098632812,58514300
2020-06-30,69.51167404146442,70.86121720110151,69.0165360541645,70.56513214111328,40286000,87.62040543722048,89.0560934802323,87.60094182870904,88.76895141601562,140223200,134.2534942626953,138.48150634765625,133.75149536132812,137.9409942626953,75394000,189.9340518454055,196.19222801680598,189.79967418886784,195.3379669189453,34310300,219.55523817330223,226.43282793258098,217.44518766961858,226.00485229492188,33927100
2020-07-01,70.62087929232952,72.07940624191117,70.37256235703924,71.75694274902344,42182000,88.84681537177396,89.39188548967921,88.55238096980085,88.60104370117188,110737200,137.89950561523438,144.75,137.6999969482422,143.93499755859375,127268000,194.9827630902481,198.06386962017146,193.6677811360689,196.48011779785156,32061200,227.42811896421117,237.87886403696487,226.49252602298233,236.4356689453125,43399700
2020-07-02,72.24659051474603,74.07186348298605,72.20826818037254,73.14678192138672,57218000,89.51112514748854,90.14866410882917,88.48668294073944,88.60104370117188,114041600,145.60049438476562,147.7779998779297,143.55499267578125,144.51499938964844,131868000,197.42082744501693,199.6668749075703,196.76814015656055,197.9775390625,29315800,237.8788691918039,238.87417826792023,231.51884480290894,232.32504272460938,30633600
2020-07-06,74.05345615982517,75.14075662187608,73.49761142237459,74.62571716308594,44712000,90.03429319420877,91.44077455841791,90.00265833546331,90.97113800048828,118655600,146.74850463867188,152.99400329589844,146.5,152.8520050048828,137612000,200.44430769589064,202.6519527438517,199.73401756771054,202.2392120361328,31897600,232.66345799323958,239.27231004394164,231.18045710150358,239.1528778076172,26206200
2020-07-07,74.45055656016098,75.70406216918913,74.13058365914364,74.14153289794922,42364000,91.35073198359613,92.13183815077863,90.57692559644255,90.68885803222656,112424400,152.92750549316406,153.4774932861328,149.5,150.00599670410156,105150000,201.99927400934564,206.04981900940203,199.63806471877396,199.8876190185547,33600700,238.2869531706229,246.4882903623472,237.69972445174196,239.7301483154297,27887800
2020-07-08,74.68294002022051,75.19897413072191,74.25995924949038,74.82227325439453,31766000,91.66953737441453,92.83268314668187,91.58193255368658,92.8010482788086,117092000,151.1304931640625,154.19850158691406,150.6215057373047,154.0554962158203,100752000,201.63457123980288,204.696463349107,200.30998094536224,204.2837371826172,33600000,236.9930511788035,245.83140087543913,235.48017708946685,242.43739318847656,29791300
2020-07-09,75.13726983285122,76.09320218311657,74.42368620829713,75.57169342041016,41836000,93.69652675671874,93.75006097543219,92.14891331286267,93.20012664794922,125642800,155.79949951171875,159.69400024414062,153.6999969482422,159.13150024414062,127774000,207.64316463911499,207.69115979383565,202.97831973392456,205.71388244628906,33121700,243.8507429563682,245.37356474842485,238.11776769140272,243.35308837890625,22174900
2020-07-10,75.30248471212418,76.70030474090636,74.67897031172721,76.58435821533203,35918000,92.79372347201921,93.42153433551938,92.18051959638903,93.36312866210938,90257200,159.58799743652344,160.75,156.78500366210938,160.0,109720000,205.04198592289438,205.48352085550894,202.60398723586235,205.08998107910156,26177600,242.54687872860399,244.3384381587484,238.19738279067388,243.92041015625,22982700
2020-07-13,77.12825841563946,78.44297203416643,74.96958014308842,75.2517318725586,42954000,94.67227687695217,97.29057387515883,92.71828964483974,92.93242645263672,191649200,162.55299377441406,167.21449279785156,153.41949462890625,155.1999969482422,154408000,205.8674413979546,207.13444315045686,198.20788649530527,198.7550048828125,38135600,245.85129618392398,248.97656616137195,237.30159462993635,237.87887573242188,24674900
2020-07-14,74.28434999897787,75.77770617369718,73.94297977071558,75.68116760253906,38108000,92.31191801469724,94.6625440704525,91.37508059280022,94.4703140258789,170989200,154.4499969482422,156.36900329589844,147.5,154.1999969482422,144638000,197.85277114576334,200.4635496170583,193.91740244601345,199.98362731933594,37591800,235.64936909027702,239.20262974713822,230.9415614586879,238.60543823242188,23378100
2020-07-15,75.79911032958475,76.45099251906724,74.53515653534063,75.48312377929688,31026000,96.35130500289155,96.60194074558854,93.91794539378512,95.12002563476562,153198000,154.01150512695312,154.91749572753906,148.65899658203125,150.44349670410156,115778000,201.1450182076608,202.84394713378967,196.7969236401965,199.68605041503906,32179400,240.41692466182906,243.67158978658026,236.93334268838524,239.1528778076172,19133600
2020-07-16,74.71778467158745,75.43486121845835,74.05943310844663,75.3855972290039,26484000,93.98850434264295,94.80854525062085,93.34852964918174,93.94956970214844,110577600,148.55299377441406,151.60000610351562,145.9114990234375,149.9949951171875,127884000,197.15205686543402,197.4400131481872,194.18614083902548,195.7314910888672,29940700,236.88357150294232,240.62592834164292,235.22140708839132,239.79981994628906,18880700
2020-07-17,75.48461250339587,75.80906535403365,74.5485891882386,75.48162841796875,34264000,94.40219140138757,94.55792255878987,93.28527277756179,93.75978088378906,92186800,150.4499969482422,151.1999969482422,147.42250061035156,148.09849548339844,95226000,196.2594411384903,196.80654498524902,193.30311779296517,194.73329162597656,31635300,239.86950138566678,243.01468189523962,236.74423131120093,240.89466857910156,18152400
2020-07-20,75.38956453557115,78.07721543774436,74.77749296936797,77.8199462890625,30166000,93.8473823794661,95.87436764626261,93.50184205095535,95.73566436767578,90318000,150.00999450683594,160.0679931640625,149.7010040283203,159.8419952392578,151964000,196.7681092471576,203.7749765544399,194.8580135482242,203.10308837890625,36884800,238.9338957654093,244.89580263324785,234.53463144597885,244.2687530517578,20872200
2020-07-21,78.87441455255636,78.97493191676237,77.26161883496677,77.42583465576172,27486000,96.52894250206293,96.60437605553066,94.16371667540041,94.41435241699219,103433200,161.62449645996094,162.0290069580078,155.28599548339844,156.9145050048828,122426000,205.08039405818826,205.34914936573205,199.67646444980613,200.3675537109375,37990400,245.06498399763458,245.75174963983756,238.95378732510707,240.61595153808594,19364200
2020-07-22,77.41538249759988,77.97620071888103,76.79435105254424,77.87020874023438,24482000,94.11504710524962,95.36336177523553,94.02744972364847,94.6795883178711,89001600,156.25,157.5,153.26300048828125,154.99549865722656,82084000,200.799463939146,203.77498771005708,200.0219922473186,203.2470703125,49605700,239.13296670711628,240.76527307692822,237.0030057710542,238.7447967529297,15427900
2020-07-23,77.92395335639043,78.14390246974544,75.0705906466516,75.47665405273438,33910000,94.4119242394898,94.4897935351177,89.5573759076989,90.3701171875,197004400,154.9134979248047,154.9134979248047,148.5,149.32749938964844,113138000,198.87017640461835,202.45039214661074,194.03255211484185,194.40689086914062,67457000,238.5059331446508,241.28283895200926,230.66289229223875,231.5089111328125,21771800
2020-07-24,74.6028386333552,75.41097153590187,74.02559650691151,75.05168914794922,29902000,88.56212064394785,90.4917729162458,86.76872848149942,90.14623260498047,185438800,146.5,151.57899475097656,144.39999389648438,150.44549560546875,112648000,192.37200707149725,194.71402968002457,189.57885643693083,193.2166748046875,39827000,229.1101968728605,232.39471983584943,225.83562153315907,229.6277618408203,18325800
2020-07-27,75.30298784991724,76.51220308106483,75.25670794866738,76.10763549804688,27124000,91.21205332883926,92.37519895851747,90.98818839691468,92.28273010253906,121214000,153.10000610351562,154.89999389648438,150.7884979248047,152.760498046875,83410000,193.37987205022162,195.77948329356477,192.7943663210033,195.664306640625,30160900,230.37425443256768,233.84787352398592,229.74720483023086,232.40467834472656,13163100
2020-07-28,75.88718593599701,75.93744461336621,74.6690109658058,74.82476806640625,30910000,91.852015075252,92.02965297999799,90.76186742027873,90.76673889160156,103625600,152.7135009765625,153.85450744628906,149.78799438476562,150.01649475097656,62534000,195.43392500778242,196.48015192158581,193.6390206101506,193.90777587890625,23251400,233.52939670378942,233.85785055416477,228.75190962402223,229.04054260253906,14170100
2020-07-29,74.89193888511915,76.30169506581362,74.79290978342082,75.81303405761719,22676000,91.2509849817971,92.69153713216036,91.21448607300921,92.50659942626953,90329200,151.54949951171875,151.95799255371094,149.8385009765625,151.67649841308594,59482000,194.3685352414771,196.4321953127748,193.8982061058397,195.8658905029297,19632600,230.05573974990693,232.60372856039154,229.2296313924557,232.19564819335938,13588300
2020-07-30,74.5421277601217,76.677920690994,74.40279449452072,76.55252075195312,36042000,91.67681516469625,93.73057108721883,91.26801256876887,93.62593841552734,158130000,150.6999969482422,154.60000610351562,150.25,152.593994140625,122566000,192.92875222913779,196.24982077645538,191.55618156926076,195.71229553222656,25079600,229.14005700163025,233.7881485703719,227.92577871229093,233.3999786376953,20615300
2020-07-31,74.49633966059952,74.89294207022046,72.35407768262465,74.04350280761719,91468000,100.142485220989,103.57838786224833,98.13739181757805,103.42752075195312,374336800,162.1999969482422,162.34100341796875,157.5500030517578,158.23399353027344,161710000,196.1921890337022,196.86409182895045,191.01862831588247,196.77769470214844,51044000,254.61998043314145,254.6498384910685,247.83196510310646,252.4800567626953,53005100
2020-08-03,74.1952823635518,74.53017571563687,73.23586473268551,73.78524017333984,45482000,105.31580157029778,108.66167105374215,105.01650308916155,106.03364562988281,308151200,159.02549743652344,159.1999969482422,155.1999969482422,155.59449768066406,101494000,203.02631760229153,208.90056139620748,201.98968375994193,207.8447265625,78983000,251.4648266625451,254.20192656370455,249.1557175523712,250.778076171875,23124900
2020-08-04,73.98180262852239,74.3002797145422,72.85319570585015,73.31449127197266,37212000,106.22345343622803,107.83677214724625,105.49830955349178,106.74176025390625,173071600,155.0605010986328,158.36199951171875,155.0605010986328,156.94149780273438,93886000,205.56988754345605,206.1458000815315,201.8648873185333,204.7252197265625,49280100,250.37996159221228,251.6141503772564,246.26933003723548,248.6580810546875,17183500
2020-08-05,73.4896528857235,74.14551382781045,73.21097880454894,73.60260772705078,29134000,106.46192391970698,107.44986737596928,105.99471558411307,107.128662109375,121776800,157.18850708007812,160.67950439453125,156.36500549316406,160.25149536132812,78330000,206.27059997009545,206.36659028912158,203.07433032066746,204.38931274414062,28806400,249.016404119299,251.0866490190811,246.60775774604042,247.951416015625,13050100
2020-08-06,73.45630713721422,74.9551379108816,73.24481674977106,74.88945007324219,33306000,107.46203450000841,111.36270996964782,106.87072984975072,110.86630249023438,202428800,159.71800231933594,162.37350463867188,158.27149963378906,161.25,78812000,203.81341280887844,207.68158564013862,203.05514196721083,207.6623992919922,32656800,247.8717877105046,265.3494294010227,247.5035281794499,264.0356140136719,45241600
2020-08-07,75.09299683965341,75.64286587460231,73.9599099041371,74.5620346069336,27718000,110.38605018937842,110.84434776897682,107.54607671169924,108.34565734863281,198045600,161.20050048828125,162.04049682617188,157.0334930419922,158.3730010986328,78722000,206.22261074447047,207.03846983746,202.46000715938482,203.94776916503906,27820400,262.84119249566663,277.5817470184157,262.1942477078983,267.1807556152344,72766400
2020-08-10,74.18531593243594,74.99892327445139,73.5229781582979,74.4848861694336,20546000,109.79612082851325,110.94186486752692,107.26086549559103,109.92044830322266,212403600,158.5155029296875,158.62550354003906,155.0760040283203,157.4080047607422,63346000,203.17028548212394,203.37185927330196,198.0639203097045,199.8876190185547,36716500,266.78269391711234,272.5753705381866,258.4718557903224,261.7663269042969,30248800
2020-08-11,74.34456082208418,75.1626557930458,73.55782532310258,73.67476654052734,31098000,109.18181072713648,109.68154587218592,106.3905875156011,106.65142822265625,187902400,155.66000366210938,157.96099853515625,153.64999389648438,154.0334930419922,74362000,198.84140714955558,199.31172162131807,194.98282782848577,195.21319580078125,36446500,258.96946489796824,264.6725967057442,253.9332035203654,254.9285125732422,28238300
2020-08-12,74.00220039154834,75.22386058442733,73.8967019688904,75.00341033935547,22512000,107.74598253329141,110.45432345102633,107.55096573953472,110.1959228515625,165598000,155.39999389648438,158.71949768066406,155.0709991455078,158.11199951171875,70442000,197.04646891700722,201.83609819491352,196.52815933665153,200.7898712158203,28013100,257.7552006941737,262.66206730257227,256.89921906732263,258.6708984375,21415700
2020-08-13,75.05169051228404,76.48285191890565,75.05169051228404,75.4716796875,22388000,111.58055905900497,113.15290889313627,111.09056951787859,112.1461181640625,210082000,159.14950561523438,160.87600708007812,157.75,158.05099487304688,62980000,201.0298244691704,202.86313088844787,199.79161692368524,200.3195343017578,22588900,260.32310708321876,263.9161890619428,258.3524143221964,260.07427978515625,17374000
2020-08-14,75.3203962515529,75.62793168989649,74.59337281689483,74.87353515625,21942000,111.97058065669567,112.13634564305688,110.23002598166595,112.04615020751953,165565200,158.90899658203125,158.91200256347656,156.0,157.4010009765625,55034000,200.3771427347529,201.17381546778418,199.17733704875383,200.5115203857422,17958900,261.0795449825702,261.4179464541817,257.466567848988,260.0145568847656,14792700
2020-08-17,75.43783887619192,75.82648373152185,74.891948664715,75.4512710571289,19990000,113.17239437524739,113.19677333095444,111.12468856587184,111.75362396240234,119561600,158.656005859375,159.74850463867188,157.70899963378906,159.12049865722656,53824000,201.18341810043327,202.7095673786257,200.53071620812176,201.8361053466797,20184800,261.268616441047,262.86111693995275,258.183152419621,259.9349060058594,13351100
2020-08-18,75.942923667668,77.49798904405237,75.72148630647905,77.41886901855469,28378000,111.50498397074077,113.11145831572809,111.1685737018232,112.68485260009766,105633600,160.60000610351562,166.0,160.29100036621094,165.62449645996094,106920000,202.07608605831243,203.8326034650633,200.8090987797456,202.99754333496094,21336200,259.7259112021232,263.906191026981,258.043836461771,261.109375,18690400
2020-08-19,77.25515199764315,78.06976181256913,76.63362694902455,76.86302947998047,30472000,113.09438654850844,114.2450033462818,112.73116465257537,112.82623291015625,145538000,165.15049743652344,165.7949981689453,162.8000030517578,163.0240020751953,83702000,203.4882439502572,204.07516508026322,201.3329894587743,201.76596069335938,27627600,260.1638930038004,266.65329821853413,260.1240721299454,261.3582458496094,23291500
2020-08-20,76.6321208147601,78.63255890802547,76.357934257102,78.43749237060547,26382000,112.86765529276781,115.44435495391673,112.85058928296675,115.32978057861328,126907200,162.60000610351562,165.63099670410156,161.89999389648438,164.86849975585938,66650000,201.61200028707256,206.86542641303618,201.0058464628428,206.46131896972656,26981500,260.2733269275274,268.36519468579377,260.2335060591054,267.74810791015625,20299700
2020-08-21,78.21605349977197,79.21528172540805,77.74381628283706,78.4036636352539,34838000,116.29272529875644,121.75815770513448,116.2805395387213,121.2730484008789,338054800,164.75,165.72000122070312,163.76950073242188,164.23599243164062,71518000,205.76855728649525,208.06813048821607,204.79677615890807,204.96034240722656,36249300,267.4296194155612,269.22116374565314,265.17027856741726,265.75750732421875,15538600
2020-08-24,79.24464222333005,80.05626796394641,78.37729077113745,78.88038635253906,25638000,125.49276470400675,125.57809477103142,120.85130005912201,122.7234878540039,345937600,165.50750732421875,169.01600646972656,162.8780059814453,165.3730010986328,93326000,206.66333750991583,207.36572827098124,204.3926283618832,205.60496520996094,25460100,269.7984066851989,275.9494087592045,267.5091778558725,270.1169128417969,23685600
2020-08-25,78.62907393281236,80.06122982776336,78.51860203471604,79.91045379638672,25150000,121.59238528346616,122.0628686712799,119.98834358364527,121.71670532226562,211495600,164.74949645996094,167.8699951171875,163.35000610351562,167.32449340820312,79856000,205.03734001335152,208.41453342738419,205.03734001335152,208.2798309326172,23043700,271.1321626695247,281.7620568457716,268.9922541234232,279.5027160644531,42127200
2020-08-26,79.93284358851191,82.2462840692637,79.66811043713714,81.81533813476562,52188000,123.03797045440116,123.83023825240734,121.96779591940656,123.37194061279297,163022400,167.5554962158203,172.58700561523438,167.22850036621094,172.09249877929688,130174000,209.63649198466678,213.68719797029723,209.13616212854078,212.7827606201172,39600800,282.66779682087395,303.24085018663294,282.66779682087395,302.4844055175781,69015200
2020-08-27,81.93875040400734,82.00742232920561,80.55536494935534,81.03855895996094,31350000,123.97652351580695,124.31049372525001,120.74894084190804,121.89712524414062,155552400,172.50250244140625,172.64999389648438,168.89999389648438,170.0,85296000,214.4568883673728,222.40436346593435,211.09892829514644,218.0072784423828,57602200,298.75195998903666,299.8169479335092,290.6501299620831,291.8445129394531,30301300
2020-08-28,81.08583513332398,81.67700292551035,80.89375267803553,81.58145904541016,22418000,122.87463439456488,123.2939271755795,121.4753699990524,121.69964599609375,187630000,171.14999389648438,171.6685028076172,169.3249969482422,170.08999633789062,57940000,219.54673943062858,221.91367110887785,218.00728468282475,220.24913024902344,26292900,293.6162118942067,295.8357623290817,289.61507987369595,292.2825012207031,17157400
2020-08-31,81.78748473158811,81.8337646346118,80.87982915033425,81.08882904052734,26422000,124.40310060397898,127.73793655138815,122.86244278988478,125.82673645019531,225702700,170.44949340820312,174.75,170.25,172.54800415039062,83718000,218.4113925977586,220.04706969413533,215.82316713820393,216.99700927734375,28774200,292.57112783574155,295.48737626610404,290.1823616493295,291.82464599609375,17345100
2020-09-01,81.21969391487622,82.56625290159603,81.08881937616468,82.36023712158203,22652000,129.45410665665014,131.44331646895694,127.27964057724809,130.8387451171875,151948100,174.47900390625,175.69349670410156,173.35000610351562,174.95599365234375,68644000,216.97776898664924,218.84437096358388,215.93862928769175,218.6711883544922,25725500,293.3275515681206,300.07574640110494,291.33693326488725,294.05413818359375,17295900
2020-09-02,83.00366085589854,85.89434350737906,82.61452246781315,85.4609146118164,49522000,134.16385535146685,134.54414333091748,123.83756147352996,128.12799072265625,200119000,177.35000610351562,177.6125030517578,174.33450317382812,176.57249450683594,78630000,219.34472316879302,224.0497087224826,218.7481856567638,222.88548278808594,34080800,297.478009831499,302.17587033269757,291.67534035600045,301.0810241699219,24341400
2020-09-03,84.57166962599298,84.59555749578361,80.0030120217837,81.08782958984375,63726000,123.74978578666541,125.6317192300971,117.49939923565937,117.86993408203125,257599600,174.25,174.42050170898438,165.14999389648438,168.39999389648438,163222000,220.59556099797146,220.63404113591457,206.8269829873644,209.0784454345703,58400300,294.6015141977818,296.20397755323415,282.2995089943307,289.7543640136719,32294100
2020-09-04,80.06719518429374,81.36051134331882,76.53259571351683,78.68431091308594,55850000,117.08010734336685,120.6197131497007,108.1287004650969,117.94794464111328,332607200,165.89999389648438,169.0749969482422,155.55650329589844,164.7310028076172,175636000,206.9616141040856,210.09826545676168,197.4265592668462,206.14376831054688,59664100,285.9025336723623,287.64432456505733,269.86811894847597,281.40374755859375,30333700
2020-09-08,75.88717912702622,77.40740716911647,75.46419837006519,75.81751251220703,54032000,111.11249423218894,116.02699258808728,109.87412215270822,110.01063537597656,231366600,157.1999969482422,162.54249572753906,156.5,157.49200439453125,121884000,198.68703419320943,202.08347481385906,194.5497225545871,194.99232482910156,52924300,270.00743271209274,277.98980020584395,268.1561724941728,269.88800048828125,24864000
2020-09-09,77.07649937472567,77.56516041610428,75.89564445564935,76.99340057373047,39242000,114.34009416642051,116.1732773411802,112.38989645051765,114.39859771728516,176940500,160.14950561523438,165.15899658203125,159.25,163.4304962158203,103774000,199.7454158901792,206.7114795601628,198.87945877197268,203.29579162597656,45679000,274.4763453720915,277.1736545665879,270.0770967079207,272.43597412109375,22918800
2020-09-10,77.14019418699958,78.30860397286067,75.63837173852811,75.9394302368164,33024000,117.36290300000906,117.4994162494611,109.69862512916494,110.66397094726562,182274400,165.36099243164062,167.4945068359375,158.52749633789062,158.7554931640625,106614000,205.3259434162522,206.61525528666598,196.3874397125869,197.59976196289062,35461500,274.2175725560988,277.8504440695148,265.77734190931346,266.8323669433594,24814700
2020-09-11,76.04393489459162,76.56892127073058,74.29579252540272,75.42738342285156,30706000,111.71704744145245,112.36061609492026,107.2608470916748,109.21104431152344,180860300,160.4344940185547,160.86700439453125,154.19900512695312,155.81100463867188,101880000,199.3605310428003,200.7364342543364,193.62603741830603,196.3104705810547,33620100,268.7931421135567,270.1169200735497,261.4079664530368,265.35931396484375,18913900
2020-09-14,76.21809682607592,77.47956754747086,74.89741517443528,75.08252716064453,42660000,111.86332602698766,113.04319458206483,109.99113827543115,112.48738861083984,140150100,158.64700317382812,159.3695068359375,154.8000030517578,155.14849853515625,90592000,196.5125744357004,201.28490436030523,196.31051333659707,197.6383056640625,30375800,269.6790218402906,275.34233323920216,264.4536488900222,264.9015197753906,24093800
2020-09-15,76.03100168037477,77.18050476355,75.7428817865187,76.39077758789062,23042000,115.38343686650313,115.87098624147585,110.78096957645455,112.66291046142578,184642000,156.80799865722656,158.75100708007812,155.4459991455078,157.80650329589844,80430000,200.5343574385107,201.8429019683488,199.10072680432705,200.8807373046875,21823900,269.4003294236436,273.2322451870108,268.0367304321977,271.1421203613281,18478500
2020-09-16,76.75702925240749,77.34869819515173,75.21987604229885,75.24475860595703,22128000,112.36064192709577,113.11146475601348,109.250074265693,109.33782958984375,154679000,158.99949645996094,159.36199951171875,153.70750427246094,153.90499877929688,90244000,202.6511354113958,202.67999917944445,196.89739430401985,197.29188537597656,26328100,266.0361787536034,271.1620145612476,260.56197868488323,262.2838439941406,29183400
2020-09-17,73.93701442817141,74.57645916447423,72.77507377439086,73.99822235107422,40008000,106.9878355070113,109.40607622888594,106.00298369138476,107.59239196777344,178011000,150.46249389648438,151.47149658203125,148.62750244140625,150.43649291992188,128982000,192.48108749018274,196.599152008695,192.39449617439635,195.23287963867188,34011300,257.0684406472539,260.27333725791146,249.0163934378196,253.6246795654297,31281400
2020-09-18,74.06091812890595,74.40427775863802,71.24040328279774,72.20926666259766,63056000,107.65089900577279,108.1189422202142,103.44821850945301,104.1795425415039,287104900,151.58700561523438,151.88999938964844,145.27699279785156,147.74549865722656,177852000,195.127017632901,195.94484887575575,188.82483547440413,192.80819702148438,55225300,257.18785732363517,257.98412280339227,248.87703571081616,251.34539794921875,28130800
2020-09-21,71.2404087126211,71.66039786094642,69.80029514123461,71.16676330566406,56908000,101.93683396216227,107.44614391419555,100.5326892473239,107.33888244628906,195713800,145.3249969482422,148.10000610351562,143.5500030517578,148.02349853515625,122358000,189.72927359605578,195.0404272442857,188.94992248036098,194.87684631347656,39839700,246.3788074978539,248.77750606956155,242.98481501511017,246.98594665527344,24709400
2020-09-22,72.17095367719028,72.85020894355684,71.13490659228187,72.64369201660156,33950000,109.87412593250646,110.04964400266275,106.4417816531773,109.02578735351562,183055400,151.69200134277344,156.69949340820312,150.00999450683594,156.44949340820312,138976000,197.30154051744375,200.22653016067193,194.434293103131,199.57225036621094,33517100,252.12174514493194,254.12232615141394,247.0556254818363,253.55499267578125,30293100
2020-09-23,72.25903690168364,72.30830088742725,69.80029475994638,70.13419342041016,37726000,108.84051189467765,109.31830814093878,104.1112775817434,104.45256805419922,150718700,156.02149963378906,156.35000610351562,149.61900329589844,149.9929962158203,113054000,200.03406346905894,200.22650818137478,192.46183091018491,193.00064086914062,30803800,254.0626021641427,256.77979182708066,246.9859536672072,247.8518829345703,19641300
2020-09-24,69.80028750186223,71.5573821324961,69.7739091004015,70.80448150634766,34552000,102.5511305606354,107.50463384194083,102.38536556375317,105.52518463134766,167743300,148.88949584960938,153.46499633789062,148.25,150.989501953125,110588000,192.28860153683476,197.79218423349118,191.66318573680257,195.50222778320312,31202500,245.34368133988227,251.05676076626773,244.46780451413667,248.35946655273438,20006800
2020-09-25,70.91347406076004,71.95299885267112,70.04910673612386,71.61064147949219,30326000,105.72995643059598,109.64010445196426,104.98887930687886,109.48408508300781,149981400,152.7429962158203,155.07699584960938,149.9499969482422,154.75650024414062,92304000,195.84864455021585,201.13091981366975,194.87684872307534,199.95709228515625,29437300,248.2300907209971,254.55030976562472,245.45318493319996,253.6246795654297,18351300
2020-09-28,73.2493005572153,73.29905809078035,71.96991766342995,72.58596801757812,30784000,112.1461089873391,112.44838721832883,109.97163550795793,112.09735107421875,137672400,157.4425048828125,158.7519989013672,155.85850524902344,158.70249938964844,84484000,202.9013124718636,204.52737329082336,200.1880007589669,201.5157928466797,32004900,258.1831641621479,258.38223812397297,253.6246620308041,255.6152801513672,18826300
2020-09-29,72.84722744607932,73.24979803297072,72.35407885679199,72.95222473144531,31816000,111.69756779185069,112.43863750540089,110.74196771781253,111.24901580810547,99382200,158.76950073242188,159.41299438476562,156.6269989013672,157.24400329589844,69916000,201.42920954356148,202.12196938367782,198.98530269607602,199.41827392578125,24221900,256.60067005019494,262.09476606272835,255.69493500633837,260.56201171875,20200200
2020-09-30,72.69942714285969,73.95641806188155,72.4416644288499,72.93132019042969,40924000,110.95648187938991,114.34007555606303,110.79071688597794,112.92617797851562,142675200,157.0570068359375,160.6439971923828,156.69949340820312,157.43649291992188,97922000,199.87048183587524,203.95968207307456,198.72550342042436,202.3721160888672,33829100,260.75108949174785,264.8318325106439,258.8799035199725,260.67144775390625,20142500
2020-10-01,73.8300111376945,74.39779972735059,73.48864093811763,74.04100036621094,32884000,114.7106226562807,114.78863234602518,112.94569620243965,113.88179016113281,116120400,160.39999389648438,161.1999969482422,158.60000610351562,161.06300354003906,99438000,205.41255254063918,205.89363490340867,203.3246568479959,204.42152404785156,27158400,264.1053083881001,267.07131043289644,263.55787009081433,265.3793029785156,20009800
2020-10-02,72.63424173336936,73.5996275418768,72.02316481739436,72.43370056152344,31222000,110.07890541970863,112.49715377159485,109.42559099443217,110.2056655883789,144712000,157.68150329589844,159.7899932861328,156.14999389648438,156.25,112262000,200.1302793751852,203.00715742653261,197.76334749580505,198.38876342773438,33154800,259.98470434064956,263.90622496903103,257.96422790516783,258.7206726074219,16367600
2020-10-05,72.78451004498942,73.88176488101534,72.65712075323188,73.78871154785156,21602000,111.07351187039006,113.7452805953654,110.72247569462236,113.59901428222656,106243800,157.29200744628906,160.12649536132812,157.04249572753906,159.9600067138672,75506000,199.37976785387195,202.44907555811938,199.14884304338642,202.4202117919922,21331600,260.9700800610407,263.6275385712825,259.61644377679187,263.4085693359375,12822300
2020-10-06,73.4239703631467,73.87282086187555,71.90672613927885,72.20579528808594,26096000,112.81893042871084,113.2284775868128,109.45484247754938,110.3421859741211,161498200,158.25,159.10000610351562,154.5,154.9980010986328,101738000,200.91924181932862,202.22777173091453,197.0705829787535,198.1193389892578,28554300,260.55201480338883,264.4436770266366,257.0286120869795,257.4466552734375,18696900
2020-10-07,72.61831435660335,73.09901783970815,71.32051821827476,72.60985565185547,36108000,111.76581857721544,112.67266068936267,111.2880148454192,112.21436309814453,96849000,156.75,160.0,156.6195068359375,159.7845001220703,86188000,199.2258063286006,202.16041139213635,198.89867387731263,201.89100646972656,25681100,257.99409360656267,258.9595447619281,253.62470193909473,256.9092102050781,23133400
2020-10-08,72.9238561559873,74.04748199645591,72.9238561559873,73.8185806274414,26076000,113.35524204497766,113.50150836130557,111.73657437259953,112.10711669921875,83477200,161.24949645996094,161.6645050048828,158.74949645996094,159.52749633789062,63482000,202.54529705976978,203.19957672679087,200.43816858114602,202.61265563964844,19925800,258.5315063668533,263.3786562172699,257.93431490671395,262.522705078125,16312800
2020-10-09,74.28783048431298,75.23281359404584,73.99622536956137,75.16314697265625,32966000,112.4093775603074,114.08654852378359,112.05834143123505,114.05729675292969,100506900,160.5,164.44949340820312,159.89149475097656,164.33250427246094,98158000,203.23808887920933,207.6929170897727,203.23808887920933,207.64480590820312,26458000,263.2791517261419,263.5080837535246,260.94019964486534,263.2095031738281,14107800
2020-10-12,76.53409699657146,79.04309772139084,76.10116164428408,77.85726928710938,55344000,117.07035922140598,122.06286774169322,116.30978334982996,121.30229187011719,240226800,167.4969940185547,174.81199645996094,166.9774932861328,172.14649963378906,167284000,210.51201907002442,215.39020139678786,208.6069369769455,213.0232696533203,40461400,268.9325286264946,278.86569391831364,266.61344143402437,274.45648193359375,31019300
2020-10-13,78.4753115330063,78.88087376061287,77.56068564132751,77.98067474365234,39072000,122.15061740846656,122.26763193691325,116.67056718260892,118.08445739746094,262330500,173.39950561523438,174.61900329589844,171.21099853515625,172.18150329589844,114894000,214.29333707129456,216.6891326151677,212.0899715436211,214.42803955078125,28950800,276.2778826663997,277.7907719164177,272.10756554144547,274.84466552734375,18063300
2020-10-14,78.35539239500633,78.81568566560401,76.92721520969711,77.80004119873047,33174000,117.98695479953686,119.96640417322294,116.64132113373098,118.17222595214844,150712000,172.35000610351562,173.24400329589844,167.0,168.1855010986328,116254000,214.5627398694277,215.73658204233402,210.8391669742481,212.5037078857422,23421700,276.3177023990364,277.44240652125444,270.22641567899757,270.544921875,15577800
2020-10-15,76.85754457892119,78.1961459815944,76.6898511386174,77.40343475341797,31210000,115.7637332845987,118.1819741959685,115.20792725389234,117.70417785644531,112559200,164.60049438476562,167.79400634765625,164.0,166.9324951171875,104468000,208.88593633985727,212.02258758757083,207.83716578899336,211.3490753173828,22733100,266.3447184113569,267.77796593011686,262.433160979685,265.4688415527344,15416100
2020-10-16,77.71993288993987,78.5101536902644,77.51242883951979,78.01203918457031,34194000,118.25996126527711,118.52324206280414,115.85146644646449,116.05623626708984,115393800,168.1614990234375,169.98300170898438,158.0,163.635498046875,129488000,211.82052656578125,213.87955818119397,211.02194288350097,211.3490753173828,26057900,266.1257052081054,270.0969780987686,264.05544563457374,264.6824951171875,16622700
2020-10-19,78.42157124529685,78.8196694818718,75.78368541921667,76.13350677490234,29734000,116.97283808725243,117.42138259241214,112.7799181793268,113.09194946289062,120639300,164.98049926757812,166.4499969482422,159.63699340820312,160.36050415039062,104472000,212.08033187589723,213.8892061286299,205.63383161206184,206.1149139404297,27625800,264.28442912841587,267.29025173272265,258.6609386814757,260.1737976074219,13587000
2020-10-20,75.7931381203553,78.3175679379068,75.66325827763784,77.18498229980469,41670000,113.306462726598,116.01724328424638,112.7506567810562,114.58384704589844,124423700,161.11399841308594,163.3000030517578,159.60049438476562,160.85049438476562,90194000,207.6351696086239,209.14576073086545,205.02769650520895,206.52867126464844,22753500,261.8260401646286,268.4349079444904,261.64689179545115,266.304931640625,18763200
2020-10-21,78.11901324505759,80.37274164690493,77.98415993197221,78.92217254638672,60322000,113.76475364535186,115.75395571300935,113.55023075971056,113.95977783203125,89946000,160.625,161.69400024414062,158.0,159.2469940185547,91854000,205.05660505336024,208.71283507794053,205.05660505336024,206.6730499267578,22724900,278.24857844742814,281.72219709813197,275.0735403435625,277.4224853515625,28998600
2020-10-22,78.87291283355273,80.28714906559912,78.49870246258452,79.95075988769531,30512000,114.52535609682704,115.10066828250254,111.73657281161336,112.86769104003906,101988000,159.49349975585938,159.9375,156.0970001220703,158.82000732421875,84240000,205.8359130903989,207.88532885700985,203.69028965057882,206.7595977783203,22351500,278.557159619,281.1250741680907,273.74982991577525,276.81536865234375,16720000
2020-10-23,80.36827170244585,81.31723367329468,80.21201344374147,81.26050567626953,30548000,113.49172030748456,113.64773964732059,111.43426175971915,112.17533874511719,82572600,159.5500030517578,160.26649475097656,157.0,160.22000122070312,69334000,206.89426399618623,208.09696981148352,205.09502079457104,208.04885864257812,18879600,277.4921790945712,283.90197245570727,275.52148641560984,283.4541015625,17535200
2020-10-26,80.36577109765061,81.0912986260321,78.01600527143772,78.83757781982422,35826000,111.17100086591333,113.647752367436,110.06913461337588,112.18510437011719,111850700,159.93699645996094,164.1490020751953,157.6649932861328,160.3520050048828,118024000,205.7589262972912,208.15470699634687,200.22647929031413,202.13156127929688,37111600,281.8317273689323,283.8920244882496,272.97348248625366,275.8100891113281,21322900
2020-10-27,79.06849108795933,79.7188775013099,78.47433153107785,79.5636215209961,25902000,112.61415768734956,114.35958542213467,111.68781680839272,113.69651794433594,92276800,161.2469940185547,164.58299255371094,160.56500244140625,164.31649780273438,85820000,203.5844586966155,206.5479282198085,202.37213626136545,205.18165588378906,36700300,277.45237164283316,283.1753989102221,275.01385222261126,281.96112060546875,16287200
2020-10-28,77.13173899969712,77.32082977436303,75.06511950680083,75.1805648803711,45174000,112.1851208602056,112.55565572913613,108.33347610413212,108.43098449707031,143937800,162.46499633789062,163.2010040283203,158.12350463867188,158.13900756835938,111766000,199.81275844922078,200.9384894820073,194.45350824964038,195.0115509033203,51195600,277.4822304436777,277.4822304436777,266.00631782044366,266.4143981933594,23121800
2020-10-29,75.49008161554319,79.05901715361654,75.46669489176469,77.47360229492188,55406000,109.57184881965813,114.01829672297495,109.40607637880336,112.4483871459961,146129200,160.06350708007812,162.8625030517578,158.1999969482422,160.55050659179688,131930000,196.3489944514498,199.51451045232827,195.67546728909736,196.97439575195312,31432600,275.25271264964664,282.26965985580756,272.4957174456053,279.51263427734375,32368100
2020-10-30,82.9752986633924,83.66599669620678,79.6974670927325,80.42100524902344,99878000,108.29446040306703,109.20130250137127,105.03763428104902,106.14924621582031,190272600,157.8874969482422,158.35000610351562,150.9499969482422,151.8074951171875,167728000,195.80052251573846,196.56062619243986,192.0673186660171,194.8094940185547,36953700,273.212316338939,275.4020082553577,257.8845640472668,261.875732421875,47247800
2020-11-02,80.79075106483944,82.51749631331757,80.32795964779757,80.8295669555664,44228000,106.39303037953306,107.92393519387548,104.64760263945637,106.06149291992188,122866900,153.08700561523438,153.98550415039062,147.50599670410156,150.2239990234375,145148000,196.5606240570228,197.51317241451213,192.54839893909204,194.67478942871094,30842200,263.3587943111843,269.2012538766246,256.1328405150441,260.13397216796875,27165700
2020-11-03,81.15002919883526,82.55530560123552,80.22196347188766,81.8914794921875,31432000,106.9293350359113,108.71376013684448,106.0224928792937,107.68991088867188,107624400,150.92649841308594,153.7449951171875,149.0489959716797,152.42050170898438,97958000,196.1757674540073,200.2457201768542,195.43489649640725,198.61965942382812,27512000,261.92556563886893,268.7832300468514,259.6562619391698,264.0555114746094,17961900
2020-11-04,84.87322803918391,88.08039850699622,84.74484402888567,86.87715148925781,71342000,111.29777308441078,112.71166332605715,109.55234539225575,112.08760070800781,138235500,157.99949645996094,162.24249267578125,156.9864959716797,162.05799865722656,136780000,205.92249417257187,210.05980533830936,204.38302477274965,208.20281982421875,42311800,279.68184474923083,287.5846010841984,277.3130043359313,286.03192138671875,35364400
2020-11-05,88.10129620277502,89.16471643777604,86.63729476579961,87.7056884765625,39758000,115.01289346688455,116.64131401748298,113.95979248109225,116.06600189208984,126387100,165.99850463867188,168.33999633789062,164.44400024414062,166.10000610351562,115786000,213.63906038751014,215.64036488321958,212.78273432419178,214.84176635742188,36080100,290.53074069652536,295.9850458838273,287.5945968691913,293.2976989746094,23823600
2020-11-06,87.15034201344257,88.00426119806104,86.42082805664543,87.5678482055664,28622000,115.57273140177695,116.43229602708031,113.43357855709559,115.93414306640625,114457900,165.23199462890625,166.10000610351562,161.60000610351562,165.56849670410156,92946000,213.8507565260113,215.8713086048617,209.78080327849514,215.25552368164062,25231900,292.57113633366833,293.2180812052693,286.70875086963366,292.0336608886719,13891000
2020-11-09,89.37172165047352,90.4122410562724,87.4593633847204,87.65193939208984,53440000,117.70211621905518,119.1575178931427,113.35544353875275,113.61917114257812,154515300,161.55149841308594,164.4499969482422,155.60549926757812,157.18699645996094,143808000,215.94828231340466,219.4890419311931,209.636483216324,210.12718200683594,44395000,288.51021629921775,291.2074951968061,277.22341583215155,277.4622802734375,25117700
2020-11-10,86.07697225473657,87.55042699948584,85.39771699789287,86.47257995605469,43022000,112.86705172692065,114.85967848302198,111.48001699164712,113.27729797363281,138023400,154.75100708007812,155.6999969482422,150.9739990234375,151.75100708007812,131820000,206.3843427725324,208.308672308873,201.78519635519584,203.02638244628906,44045100,271.81890900584,272.7146810804901,262.76159053010724,271.15203857421875,29067700
2020-11-11,87.00403991084542,87.72558872689356,86.73831204017266,86.9458236694336,31838000,114.4689840243058,116.85232493510753,113.73639817031066,116.715576171875,112295000,153.08900451660156,156.95750427246094,152.5,156.8695068359375,87338000,204.35417209431608,209.7903970972447,204.1713584415026,208.35678100585938,29440800,272.18721498161847,277.09408217111223,271.2018685686638,275.18310546875,14957000
2020-11-12,86.68555885766379,87.82909374585917,86.4850176966425,86.72636413574219,26474000,116.84254616591035,117.7314130027431,115.81692313270185,116.44206237792969,103162300,157.99749755859375,158.79400634765625,154.30250549316406,155.51400756835938,87240000,208.99183904081778,210.81994643144864,206.34588563352682,207.28880310058594,21593900,275.87973623511056,278.4376876077304,273.14263653566013,273.7895812988281,12899500
2020-11-13,86.9841271981569,88.4336939582727,86.38598899421693,88.19135284423828,29744000,116.66672664224632,116.8913821021024,115.13318074907436,116.49090576171875,81581900,156.10000610351562,157.08599853515625,154.26950073242188,156.4405059814453,75124000,208.1739489940715,209.19384119722386,206.0571896522407,208.31826782226562,18621100,276.4172560104624,276.4570768809638,271.8189326363391,275.65087890625,10391200
2020-11-16,87.78729554543153,89.29011281284569,87.64746115461156,88.2794418334961,25468000,116.15878198326337,118.18071813326995,115.40666397479578,117.50674438476562,91183000,154.66000366210938,157.13499450683594,153.63450622558594,156.55299377441406,76174000,206.7403228422433,209.50174549395592,206.40357400864679,209.0110321044922,24953300,273.75973576404505,278.0992989170578,273.3417229823236,277.6513977050781,12970400
2020-11-17,87.97240190775933,88.43419857564439,87.55589803351981,87.66387939453125,21314000,116.7741550311091,117.8681448270936,116.19785044737021,116.61786651611328,74271000,159.177001953125,159.46249389648438,156.76300048828125,156.7830047607422,68894000,207.92382066792086,209.44402814330667,205.9802436469447,206.3458709716797,24154100,276.37741244557907,276.37741244557907,272.0080214675956,273.7099914550781,15040300
2020-11-18,87.41407824980085,87.83008859204216,86.51487388443644,86.61788177490234,20108000,115.85597865832513,117.03788260728288,115.26014173622087,115.28944396972656,76322100,156.6999969482422,157.0,155.2550048828125,155.2729949951172,58336000,206.1046411354363,207.5709642997219,203.48070061825294,203.6254119873047,28372800,273.23220908800323,276.08877136291704,270.56478832285484,270.6941833496094,12152900
2020-11-19,86.24914690819902,87.75494824854572,86.0894110233465,87.51011657714844,20106000,114.85967663013399,116.29554592271136,114.09778862645973,115.88529968261719,74113000,155.2655029296875,156.25,154.04600524902344,155.8509979248047,60206000,203.91488707826574,205.50660962207004,202.51608365017987,204.91815185546875,24792700,269.74869143641797,272.1872111531928,267.9272889449952,271.6596984863281,12963700
2020-11-20,87.68080204637623,87.99728973201321,86.33722711990116,86.40589904785156,27694000,115.88528136372817,116.01226019351876,114.56662868487645,114.61546325683594,73604300,155.8509979248047,156.64450073242188,154.90249633789062,154.97000122070312,67488000,204.70589892704257,205.7574007337533,202.5835975160934,202.95982360839844,22843100,271.28144492468033,271.7193833571145,268.1462273454444,268.43487548828125,18114700
2020-11-23,86.59698652310462,86.88411171935121,85.10213442110361,85.96699523925781,22530000,114.45919488464406,114.88898089812312,111.10883584417593,111.20651245117188,127959300,155.8350067138672,156.9875030517578,153.2729949951172,154.91949462890625,94178000,203.50005869830167,204.79273154665992,200.8085971874717,202.68972778320312,25683500,269.6192890712651,269.6790051856263,263.2891075791746,267.1708068847656,20990800
2020-11-24,85.96401265971706,87.90373648667953,85.6271223299394,87.77535247802734,27984000,111.26512618596215,113.1600762396807,109.97576812456435,112.49586486816406,113874200,155.02499389648438,156.71249389648438,154.31300354003906,155.9029998779297,72042000,202.18809243206223,206.68352288022808,201.48387731581818,206.3072967529297,33979700,267.230553205604,276.5168049059383,266.6134663711706,275.62103271484375,16930400
2020-11-25,87.96992677839849,88.09780964483882,87.00205044426856,87.78679656982422,19600000,112.86705623950492,114.0391905490455,112.49587466142678,113.33590698242188,76499200,157.093505859375,159.89999389648438,157.01300048828125,159.2534942626953,75808000,207.51313829161182,207.68677431464604,204.95673204200565,206.31692504882812,21012900,276.8352977329993,278.8657065013396,271.37102992044345,274.2972412109375,12467000
2020-11-27,87.80719756064533,89.42297727421509,87.80719756064533,88.92584991455078,14790000,113.86336408177817,114.76200083857178,113.52149221259015,113.88289642333984,46691300,160.56300354003906,160.8094940185547,159.50250244140625,159.76699829101562,47858000,207.26233638711614,208.63218572293246,206.48093008381176,207.62890625,14512200,276.0888230990289,277.82065132154526,273.5308712621586,276.5068359375,7808400
2020-11-30,88.36005672195728,88.59343800936252,86.97617007706756,87.3026123046875,32418000,114.25408307341652,118.1612073576281,114.09779452496895,116.2857894897461,169410200,160.4239959716797,161.41949462890625,156.27749633789062,158.40199279785156,81278000,206.53879651260684,207.17547659970663,203.39391807067915,206.50985717773438,33064800,274.73518333665197,276.3973629811554,269.73874234067944,275.6707763671875,16693300
2020-12-01,87.91269649674737,90.65259560668585,87.73205682491009,89.34086608886719,37350000,118.20028772700515,120.6031684348783,117.22350658792263,119.8705825805664,127728200,159.4250030517578,162.44749450683594,157.85899353027344,161.00399780273438,90740000,206.93432077523863,209.64509467214577,205.81529873199955,208.5742950439453,30904500,277.85052182075634,287.9429413832077,277.65144782962176,285.2058410644531,20738900
2020-12-02,89.34086108236198,91.20097123321783,88.83378679699169,90.81431579589844,29424000,119.18680563443502,120.5054658499052,118.08304586787362,120.22219848632812,89004200,161.08250427246094,161.60000610351562,158.66299438476562,160.17649841308594,62586000,207.2912456650541,207.86040553586602,205.2847017300795,207.76393127441406,23724500,284.0213630355192,290.4112602112042,279.5126144586645,286.1712341308594,17361600
2020-12-03,90.59386856488703,91.7528249369962,90.41770883643426,90.65856170654297,24728000,120.65199948730223,120.90596466265619,119.37241861729504,120.0854721069336,78967600,160.2729949951172,161.4320068359375,159.0655059814453,159.3365020751953,57840000,207.03081750163656,208.7383121685524,206.10471445791197,206.67388916015625,25120900,284.90721630536245,285.30533385151614,279.7515227027808,280.5278625488281,12921700
2020-12-04,90.57796011685025,91.0397492501524,90.24803263553564,90.75411987304688,20544000,119.7533479916129,120.00731313587139,118.69842273292154,119.4114761352539,78260400,159.91050720214844,159.91050720214844,157.93800354003906,158.12899780273438,58272000,206.65455667851904,207.77359337524513,205.651277322866,206.78961181640625,24666000,278.98510055359606,282.13028063856444,277.9897915535841,278.387939453125,10880300
2020-12-07,90.3455593451508,91.02929453535916,89.72303966576968,90.4192123413086,22288000,119.47008847443368,121.67761574577153,119.4114839958422,120.87665557861328,86712000,157.82400512695312,159.03799438476562,157.08450317382812,157.89999389648438,55026000,206.79926814767597,207.92794646359303,205.46801447039047,206.7220916748047,24620000,277.8803471574216,287.1367095410005,276.8950008785257,284.2403564453125,13007700
2020-12-08,89.99573991211881,90.36646506277663,89.13784194345742,90.13556671142578,19936000,121.48224958003209,122.0780865564266,120.23196370264463,121.49201202392578,82225500,157.94500732421875,159.2064971923828,156.00100708007812,158.864501953125,65726000,206.41341424547676,209.2881681317648,205.37155387221154,208.38136291503906,23284100,284.66832885271003,285.0863416113504,280.22922896721013,282.070556640625,10747700
2020-12-09,90.0872919795764,90.98351223219328,87.680798116927,88.47002410888672,31728000,121.63854821088353,123.02557557317189,118.19051214801601,118.95240020751953,115089200,158.39450073242188,158.72149658203125,154.39999389648438,155.2100067138672,82016000,207.5613605938396,207.62888080244758,203.7508626994159,204.3200225830078,32440600,282.329397822939,286.28077637305904,270.4752621725787,276.6163330078125,25189700
2020-12-10,87.71065124196843,88.32720270620507,86.26406853644107,87.96195220947266,28688000,117.7021162779425,120.99387109234236,117.36024440160968,120.37849426269531,81312200,154.44949340820312,157.10499572753906,153.8000030517578,155.07449340820312,60604000,204.29110568261373,205.5548391872999,202.9308979037148,203.0852508544922,26733300,274.2474932581633,277.4225318947047,270.5847324807346,275.820068359375,20065100
2020-12-11,87.58127226905886,88.44265538378855,87.22000055360947,88.3177490234375,18628000,119.58730425363264,119.90964378868306,117.75095856237984,119.5677719116211,86939800,154.83299255371094,155.93350219726562,153.64100646972656,155.8209991455078,61294000,202.63184297396953,205.7863632435943,201.72503781169945,205.7284698486328,30979400,273.2421984939375,275.18306333533354,268.9822768780611,272.26678466796875,14391400
2020-12-14,88.11473355341082,89.06418903296934,87.040364108191,87.19612121582031,33050000,119.75336040497812,120.48594622407741,118.71797483203729,118.95240020751953,79184500,157.14999389648438,159.52349853515625,156.3000030517578,157.84849548339844,83116000,205.57412580594706,208.57429304394526,205.36189419014732,206.63526916503906,28798400,272.0876478298217,275.9195939963605,270.28614076214086,272.90380859375,16376900
2020-12-15,87.5743106561317,87.78032644405529,86.6691456825734,87.63502502441406,21352000,121.45294571554655,124.9302911359923,121.24782260023406,124.91075134277344,157243700,159.05050659179688,159.4250030517578,156.52450561523438,158.25599670410156,66390000,207.5709983765578,207.81216931133375,204.74448208653865,206.56773376464844,27000600,273.540791990355,274.7849283899252,266.2153314494091,274.2574157714844,23979500
2020-12-16,88.03461686172969,88.03461686172969,87.03689202907954,87.44145202636719,24676000,124.45167027239827,125.389371682003,123.62140046403383,124.84237670898438,98208600,158.80050659179688,162.35000610351562,158.1840057373047,162.04800415039062,88552000,207.1658716945147,212.336578091379,207.1369323545249,211.535888671875,35023300,273.4711571007699,276.5565912263314,271.2317114696477,274.37689208984375,15885000
2020-12-17,87.77684541122197,87.91518395961303,86.14564417431515,86.61141204833984,34880000,125.90708420602752,126.57130313801186,125.06705182129579,125.71173095703125,94359800,162.5,163.17550659179688,161.0500030517578,161.8040008544922,69486000,212.1050031641586,213.08898467251527,210.22387286870122,211.6708984375,32515800,275.7702906881683,279.1244773865395,272.3264994442091,273.19244384765625,16377800
2020-12-18,86.89307321652835,87.00204928080858,85.34198664274719,85.90031433105469,85256000,125.96569275411149,126.10244150708998,123.19163065315914,123.7190933227539,192541500,162.19949340820312,162.4709930419922,158.5800018310547,160.08250427246094,119914000,210.8702392578125,211.93139738087152,208.3910094174399,210.8702392578125,63354900,274.4763744909662,276.69592467766915,269.868118957792,275.1034240722656,26693200
2020-12-21,85.04988087959532,86.43675164906524,84.29698019019894,86.3153305053711,33974000,122.11715836957907,125.33076878091637,120.58361248475222,125.25262451171875,121251600,160.00050354003906,161.34849548339844,158.3000030517578,160.3090057373047,76736000,209.8669732897354,216.08918114203118,209.60650453017766,214.72897338867188,37181900,271.69951767301507,273.38159265915493,266.53386046992233,271.5104064941406,16553700
2020-12-22,86.05507600610828,86.21829712216855,84.88318089123128,85.60174560546875,20370000,128.5541513025178,131.28914115354644,126.63965393544905,128.81788635253906,168904800,160.14199829101562,161.10000610351562,159.00399780273438,160.3260040283203,47388000,214.82542583461395,217.66159840413056,214.01509502043945,216.03128051757812,22612200,270.2264138331731,270.2264138331731,263.38864534857277,265.83709716796875,17312900
2020-12-23,85.78636235138065,86.7905564056755,85.65050674333652,86.00033569335938,22974000,129.09140784350487,129.35512803805244,127.74344500893473,127.91927337646484,88223700,160.25,160.50650024414062,159.20849609375,159.2635040283203,41876000,215.23058669970848,215.66469143243353,213.00216964780174,213.2144012451172,18699600,265.63810779726737,270.89333957037,264.9812000288259,266.85235595703125,14329000
2020-12-24,86.03864981343406,86.70596113529743,85.80725791931836,86.29542541503906,9312000,128.27086016867173,130.3611704577423,128.05596720306235,128.90576171875,54930100,159.69500732421875,160.10000610351562,158.4499969482422,158.63450622558594,29038000,213.60026965441662,215.71292937755183,213.38803805629948,214.88330078125,10550600,267.6186981893969,269.13155698779786,264.9512772654711,266.1456298828125,6702000
2020-12-28,86.83037459813004,88.92486096424713,86.67661446488708,88.27596282958984,27650000,130.8788989655675,134.1511065581324,130.41003332778524,133.51620483398438,124486200,159.6999969482422,165.1999969482422,158.63450622558594,164.197998046875,113736000,216.52326066509002,218.04746272776887,215.1437699941289,217.0152587890625,17933500,267.47935961735595,275.9992031408373,264.4138209334363,275.70062255859375,23299700
2020-12-29,88.93630235401565,88.99800382149073,87.33794125305134,87.46981048583984,19726000,134.8446360549227,135.5674445419394,131.22077155630924,131.73846435546875,121047300,165.4969940185547,167.53250122070312,164.06100463867188,166.10000610351562,97458000,218.31756122355856,219.15683131462734,215.6839788992392,216.2338409423828,17403200,275.65087485187087,279.1941729137728,274.984004372084,275.4816589355469,16383000
2020-12-30,87.83008941804188,87.96743327328805,85.9888935947524,86.39942932128906,21026000,132.43197135905453,132.83245515094322,130.3025810031429,130.6151580810547,96452100,167.0500030517578,167.10499572753906,164.12350463867188,164.29249572753906,64186000,217.27570427640512,217.6615865859452,213.64849888615834,213.85107421875,20272300,276.6461927379094,276.7755574139895,270.4354429346406,270.5946960449219,11803800
2020-12-31,86.45018987451368,87.45687447969729,86.39146489743216,87.21503448486328,21070000,130.96674852599375,131.61142731821684,128.66154564535418,129.60902404785156,99116600,163.75,164.14599609375,162.05999755859375,162.84649658203125,59144000,213.87041361026112,215.12450560034335,211.92174804782283,214.5649871826172,20942100,270.7240998035171,275.7902199379974,268.54437024646853,271.878662109375,12900400
2021-01-04,87.58127450968259,87.70517858508398,84.95085279667997,85.89583587646484,37324000,130.4198058762155,130.50771259087762,123.8167640988133,126.40523529052734,143301900,163.5,163.60000610351562,157.2010040283203,159.3314971923828,88228000,214.67108011672624,215.12448267035043,207.2237201668687,210.00201416015625,37130100,273.4910690562451,273.71003830186373,263.95601999578633,267.678466796875,15106100
2021-01-05,85.84408949685165,86.92591538334669,85.4365378377414,86.58853149414062,20360000,125.8972925672046,128.6811241595061,125.44796678465465,127.96806335449219,97664900,158.30050659179688,161.16900634765625,158.2530059814453,160.92550659179688,53110000,209.5872080271136,210.80271909929093,208.08230357575826,210.20460510253906,23823000,267.0314622056163,271.1221676479237,266.95182047531745,269.6988830566406,9871600
2021-01-06,84.60849276055802,86.78359483694405,84.40148228115612,85.7341079711914,46588000,124.75448181589701,128.00716462914988,123.44559128213457,123.66048431396484,155088000,157.32400512695312,159.87550354003906,156.55799865722656,156.91900634765625,87896000,204.67698916805705,208.844430841884,204.45511598409854,204.75416564941406,35930700,260.7710070140246,266.49403483971406,258.79035145155876,262.0748596191406,24354100
2021-01-07,85.92718285176521,88.4680365310176,85.92718285176521,88.29486846923828,41936000,125.37960067650636,128.573678488458,124.89121021187437,127.88015747070312,109578200,157.85000610351562,160.427001953125,157.75,158.10800170898438,70290000,206.48090458530808,211.59373143430213,206.1625718994566,210.580810546875,27694500,264.65266559302853,270.33587166218,263.5379243368469,267.4793395996094,15789800
2021-01-08,88.43520016542561,89.53991920335396,87.64198775015869,89.46378326416016,35484000,129.3551144383391,129.5504825827211,127.20619899060827,128.98394775390625,105158200,159.0,159.53199768066406,157.11000061035156,159.13499450683594,70754000,210.95704072206647,212.7899487253861,209.36531838225514,211.8638458251953,22956200,267.0513688308532,267.68838120270755,261.9454285433883,266.3148498535156,18528300
2021-01-11,88.42822700365895,88.79447981255163,87.19015051877497,87.39665985107422,34796000,126.190337167744,127.14757835470962,125.51635590694859,125.9852066040039,100384500,157.40049743652344,157.81900024414062,155.5,155.7104949951172,73668000,210.7544833480183,211.17894660014582,209.0759281382161,209.80909729003906,23031300,259.2581326778782,262.23409725171973,254.69959986052518,255.63519287109375,30412300
2021-01-12,86.85275814625061,87.97439454842011,85.4106552853316,86.45814514160156,29528000,125.51637278097465,126.678744687946,123.91445235489151,125.80941009521484,91951100,156.0,157.10699462890625,154.3000030517578,156.04150390625,70292000,208.85405350778225,209.4328697056975,205.78636593059068,207.33949279785156,23249300,255.42617600130689,258.5016774369471,249.1258676545651,249.9121551513672,26383500
2021-01-13,85.95505886139074,87.40164939523098,85.95505886139074,86.94682312011719,23432000,125.77033487541826,128.39787854041427,125.5066146974837,127.85088348388672,88636800,156.4219970703125,159.49749755859375,156.10400390625,158.29449462890625,66424000,206.46161789406628,209.10484191756842,206.37478517044826,208.69967651367188,20087100,250.3700052943654,252.7587410418486,248.0310228517457,250.45957946777344,19528900
2021-01-14,87.02742201402309,87.95698355407666,85.89284698308188,86.13419342041016,29212000,127.76296279527958,127.95831602204765,125.77032113055597,125.9168472290039,90221800,158.37600708007812,158.89999389648438,156.0294952392578,156.37350463867188,61418000,208.2848838495633,209.78014669114557,205.22683795440696,205.4969482421875,29480800,252.21134098783833,253.83369981661875,243.46257994850188,244.4877471923828,29739400
2021-01-15,86.03964495454214,86.9652201288953,85.17826937574225,85.96997833251953,31444000,125.78987056372236,127.1964377514296,124.05120137461118,124.18795013427734,111598500,156.1510009765625,157.12750244140625,154.7584991455078,155.21249389648438,84880000,205.97928428557796,206.9343118045268,204.54190015799108,205.13999938964844,31746500,246.7371168177972,252.66916566410885,246.00059781255973,250.18089294433594,24942900
2021-01-19,86.73532987197649,89.76285543674072,86.22925023510878,88.79896545410156,41660000,124.81305830521899,125.72147226413857,123.99256595196425,124.86190032958984,90757300,155.35000610351562,157.25,154.8000030517578,156.03799438476562,66102000,206.2011410675174,209.3170652998531,205.12070003287826,208.796142578125,30480900,255.69490322853497,260.9700597144118,251.53451845577186,259.8752136230469,28028500
2021-01-20,90.88397660113064,94.53402890494993,90.54261398019355,93.55620574951172,64152000,125.67266873501019,129.41374239946222,125.56522221027927,128.96441650390625,104319500,159.09950256347656,163.99000549316406,158.75,163.16900634765625,106196000,210.01168980899794,217.8159793142153,209.616165862675,216.4171905517578,37777300,267.6684606873908,269.0519548732875,262.3634767133542,266.22528076171875,25199900
2021-01-21,94.23198512960039,96.14433582290614,93.52336737446421,93.75923919677734,58634000,130.69330654954064,136.42700650318062,130.48817597250854,133.6920166015625,120150900,164.64999389648438,167.42750549316406,164.47850036621094,165.34950256347656,98722000,216.76444885263814,218.30794883439074,214.56497094658008,217.02491760253906,30709400,267.996914859097,272.3165523354043,266.23519846449295,271.5899658203125,20838700
2021-01-22,94.12300340016309,94.76642687711758,93.37856141985232,94.17774200439453,32744000,133.1157150150256,136.60283037919487,131.88497630652225,135.8409423828125,114459400,165.2154998779297,166.0955047607422,164.1580047607422,164.6114959716797,56438000,219.06040382451215,221.94481374827697,217.82560971130675,217.97030639648438,30172700,270.7340314296534,277.16371955451825,270.72406861908013,273.21234130859375,21954000
2021-01-25,95.18194086238829,95.63378300769853,92.51568723527677,94.2633285522461,50586000,139.74807334283994,141.72116035187767,133.36967931189386,139.60154724121094,157611700,166.4250030517578,168.1945037841797,162.15750122070312,164.6999969482422,74996000,221.0283347746538,221.6650295786433,216.30139031573844,221.42385864257812,33152100,276.83526661510535,278.7860637980123,270.2363629236938,276.70587158203125,19087000
2021-01-26,93.85080553412007,95.33172432985599,93.36015508295559,94.9435806274414,31462000,140.26576933716714,140.94951311366867,138.08753679306704,139.8359832763672,98390600,164.8179931640625,166.89999389648438,164.14349365234375,166.30650329589844,59104000,223.67159741419584,225.90965628548417,221.95446134366796,224.125,49169600,276.835296731814,284.05128794344364,276.50682770836573,280.7269287109375,19373600
2021-01-27,93.29943585845615,93.57611294856794,89.43640469162729,90.51425170898438,82512000,140.09972112639457,140.949530910091,137.1498526175353,138.76153564453125,140843800,167.07449340820312,167.3260040283203,160.35400390625,161.62899780273438,93204000,229.5947281242748,231.94855878459933,222.01231340498785,224.67483520507812,69870600,281.20467962212916,282.1203773615264,266.86227180467614,270.8634338378906,35346200
2021-01-28,91.11439711710392,93.95033381128779,91.11439711710392,92.2191162109375,55278000,136.28047622181393,138.6931262527624,133.52594691185897,133.90689086914062,142621100,161.7519989013672,165.08399963378906,161.4344940185547,161.88099670410156,62984000,227.28913991464296,234.07086552904022,226.787500240888,230.49188232421875,49111200,275.87975385308545,285.4446895719629,263.4583164088709,263.75689697265625,37758800
2021-01-29,91.26466613402292,91.9374520917969,89.64939516724566,90.9332504272461,44530000,132.67614858488167,133.56502276186197,127.18664481426623,128.89601135253906,177523800,161.5,161.84950256347656,159.2274932861328,160.30999755859375,85872000,227.6557255174755,229.6140323700672,223.17959346585073,223.76805114746094,42503100,264.05546910075674,265.30956817743396,253.65450813555614,257.1181640625,30389500
2021-02-01,91.79066267867556,95.3212839280985,91.79066267867556,94.20313262939453,40252000,130.64444666641413,132.2366043185905,127.88991734702876,131.025390625,106239800,162.1179962158203,167.51300048828125,161.75149536132812,167.1439971923828,83204000,226.75852247738902,233.93577074746486,224.22139992344947,231.18641662597656,33314200,258.30260453139135,262.9308161071233,253.71424419858698,260.78094482421875,22914300
2021-02-02,95.20134574308125,97.00472029972896,94.864948984388,95.49942016601562,66332000,132.5784601431174,133.144994822716,131.4844703643024,131.85565185546875,83305400,169.0,171.38699340820312,168.05650329589844,169.0,141972000,232.77819906978667,233.75252438846982,230.26037381506274,231.05140686035156,25916300,262.76160968920584,267.5888650330022,262.0350230912574,265.8271484375,17320800
2021-02-03,102.78908646060931,104.82982900543236,100.19846728242901,102.45418548583984,97882000,132.60781218328634,132.6175895343007,130.5077385359951,130.830078125,89880900,171.25050354003906,171.6999969482422,165.43099975585938,165.62649536132812,141776000,231.10929364997725,236.43433736539887,230.81022932198388,234.41815185546875,27158100,264.37397234684335,267.93719558496593,262.6023235376201,265.3991394042969,14223400
2021-02-04,102.54075646793045,102.9726895274493,101.27082695508153,102.19292449951172,48596000,133.13527851593736,134.2097288768962,131.4649761313631,134.19996643066406,84183100,166.5,167.35000610351562,163.8874969482422,166.5500030517578,73414000,234.09015750462424,234.64967583453253,231.88102351930485,233.46310424804688,25296100,265.7574788266206,266.9020781577991,262.76158887006744,265.2398986816406,16060000
2021-02-05,102.48800461768037,104.29834965416165,102.01228220670131,103.94454193115234,29866000,134.36135298845358,134.42982206884446,132.9037691142245,133.7841796875,75693800,165.9499969482422,168.85000610351562,165.135498046875,167.6074981689453,72416000,233.6753626774804,234.6882836544842,231.9292872805032,233.64642333984375,18054800,265.54845664984947,267.9073647395341,264.4237828774701,266.8423767089844,12454400
2021-02-08,104.5003912566402,105.24682262275905,102.67661395971716,103.73007202148438,28828000,133.07005180092128,133.97982321266207,131.9842042669653,133.930908203125,71297200,167.9250030517578,168.25,165.1999969482422,166.14700317382812,65148000,234.5628535104182,235.0741347325014,232.3054970144389,233.90687561035156,22211900,267.48930173263795,268.594080175886,263.7568928712523,265.3294677734375,13755200
2021-02-09,103.24638671715729,104.42624701601513,103.00753080078664,103.27574920654297,21892000,133.6472186633411,134.87981130485002,132.89398418993693,133.0504913330078,76774200,165.62449645996094,166.89999389648438,164.89199829101562,165.25,44070000,233.32807212451993,236.1160077909551,232.855386470844,235.16098022460938,23565000,265.19014520169947,272.1075552356583,264.50337952856717,268.18603515625,14613400
2021-02-10,103.66140099776602,104.44465886939685,102.12375419248004,103.82760620117188,25102000,133.51027896407933,134.00919124583916,131.4755366325783,132.44400024414062,73046600,165.6999969482422,165.8975067138672,162.6999969482422,164.32899475097656,63032000,236.34752566570722,237.23503297528765,232.38267474839645,234.24452209472656,22186700,271.1719923664945,272.5156354308473,266.4641691122847,270.5946960449219,14687200
2021-02-11,104.05252712037256,104.2018073071374,102.95079226487827,103.94055938720703,20480000,132.94291666374514,133.42226002186263,130.85927394263595,132.18968200683594,64280000,164.60000610351562,164.60000610351562,162.4029998779297,163.10650634765625,46028000,236.13528158931294,236.49220985804178,233.59815867616126,235.85552978515625,15751100,270.6146067216081,272.29665116199936,267.2305314702786,269.12164306640625,12828600
2021-02-12,103.49370466476765,104.47550669373334,103.18517454270486,104.2530746459961,18990000,131.4266437121405,132.58096057062542,130.78100126920737,132.4244384765625,60145100,162.5,164.0124969482422,161.66549682617188,163.885498046875,46706000,235.31529823447488,236.63692497119087,234.15768068749534,236.33787536621094,16561100,269.25100486620556,269.9079125124252,267.0812383336282,269.2311096191406,9097600
2021-02-16,104.0898583949124,106.74665875822036,104.0898583949124,105.03285217285156,31004000,132.54182652078916,133.0505008941642,129.9005649144753,130.2918701171875,80576300,162.70249938964844,165.4149932861328,162.67950439453125,163.44749450683594,51494000,236.37647607576025,237.4376341694884,234.3409926195413,235.09344482421875,26728500,269.52970164754623,275.3025128560429,268.7832197961873,272.6848449707031,15417200
2021-02-17,104.20081606295832,105.6170492387835,103.92066133491758,105.42695617675781,20294000,128.39409374989066,129.3429884368885,126.65282647260507,127.99301147460938,97918500,163.17999267578125,166.04550170898438,162.97500610351562,165.4320068359375,65950000,233.33366904191027,236.2247073752917,232.9662401886476,236.11834716796875,21653500,269.9676254775032,272.6848302040985,268.3154087577032,272.2867126464844,12763200
2021-02-18,104.74919324370269,105.59465365398893,104.16846598238119,104.78949737548828,22546000,126.38872186296655,127.17131757183988,124.63767721187226,126.88763427734375,96856700,164.12100219726562,166.89999389648438,163.69700622558594,166.4114990234375,60548000,233.7977607430308,235.85725949496413,232.88886718174032,235.72189331054688,16925600,268.30546059011846,270.67430092450223,264.78205814425263,268.1263122558594,15249100
2021-02-19,104.88803968550147,105.42497002735199,103.67583285853799,103.94355010986328,37938000,127.4060647121988,127.86583900131197,125.9973958201727,127.04410552978516,87668800,166.4114990234375,166.6750030517578,162.28750610351562,162.4949951171875,86104000,235.68325103009647,235.78961124122654,232.23139079471954,232.99525451660156,25262600,268.59412296032724,269.0022033724392,258.92967924729834,260.33306884765625,25622600
2021-02-22,102.19142592861978,103.52156862841372,101.9127594460567,102.2242660522461,29466000,125.22458978162501,126.89738798845885,122.86703351631368,123.25833129882812,103916400,160.406494140625,161.61599731445312,158.61300659179688,159.03700256347656,70314000,229.56269133462783,230.0558078052624,224.7088218199064,226.74899291992188,36446900,256.7399548705457,261.83593181614515,256.3219117483186,259.1087646484375,17434900
2021-02-23,100.22034834099647,103.13192706841954,99.03799761049386,102.515869140625,34658000,121.06707954671161,123.952886827179,115.81392393533027,123.12138366699219,158273000,156.35150146484375,160.2364959716797,154.67999267578125,159.72500610351562,93544000,222.70735938022432,227.05843439973523,221.160304582875,225.55006408691406,30228700,258.28273270429423,266.2053852874172,253.7640357008201,264.6128845214844,21924600
2021-02-24,101.01903323255493,103.91916932842446,100.89413445514002,103.69474029541016,22608000,122.22138464103878,122.82788904485355,119.57035347401501,122.6224594116211,111039900,158.33749389648438,158.56149291992188,156.2689971923828,157.97650146484375,60226000,222.39794491641797,227.41618718695392,221.42137560177235,226.78770446777344,26339700,261.0994065645692,265.1304263929796,257.1779168994554,263.07012939453125,15736100
2021-02-25,102.30737526556467,103.65443541183306,99.8471374044302,100.31788635253906,41548000,121.96705631635206,123.70832364732854,117.91714023140678,118.35734558105469,148199500,156.83700561523438,158.91299438476562,152.38800048828125,152.85800170898438,90676000,224.39944732848625,226.82637500725085,220.33844686945937,221.41171264648438,39542200,261.069557227545,265.6878058976632,252.8483097667801,253.49526977539062,19053100
2021-02-26,101.01455909179214,102.33673675959744,99.57444550557948,100.61447143554688,40042000,119.92249889039729,122.13332450236139,118.56274519725483,118.62144470214844,164560400,154.75999450683594,156.1219940185547,151.8350067138672,154.64649963378906,85518000,223.86765375241166,227.58056773813183,221.9435062853108,224.6895294189453,37819200,255.26693013278157,264.30432353909475,255.26693013278157,256.4115295410156,26619500
2021-03-01,101.91276117076119,103.31754399033952,101.23699114256333,102.99060821533203,26060000,121.05727592228418,125.14632198530556,120.11816582891734,125.00936889648438,116307900,156.39450073242188,157.47799682617188,154.89950561523438,157.3070068359375,54582000,228.09304264916807,229.61109163953674,225.4340520450375,229.0986328125,25324000,259.5965474990258,265.3991866510312,256.6902313300045,263.6673583984375,22157300
2021-03-02,102.7507535970496,104.23864286356981,102.34420423517186,102.73284149169922,25564000,125.61589674931776,125.91914898981547,122.28987674743256,122.3974838256836,102260900,157.17349243164062,158.17599487304688,154.3560028076172,154.72650146484375,51916000,229.16630164142225,229.4467125406438,225.72411990536094,226.13021850585938,22812500,264.5332280679473,265.45885815950373,257.4366699505065,257.7850341796875,15191700
2021-03-03,102.10932797915265,103.30560453614915,99.22560807557251,100.09197235107422,33892000,122.09422235433273,122.97464049846667,119.18884621038296,119.40406036376953,112966300,154.0590057373047,155.38900756835938,149.75,150.25,79774000,224.47680916743502,225.84981335833936,219.73896284284643,220.02903747558594,34029500,259.0690120320257,259.7657101716926,253.9033554151799,254.21189880371094,15513500
2021-03-04,100.26414756335588,103.23593980274953,99.79439328636663,101.21261596679688,49216000,119.10078939752296,120.91053295934665,116.03889910024034,117.51603698730469,178155000,150.60000610351562,152.906494140625,147.27149963378906,148.8784942626953,109632000,219.23619522269576,224.7959027819712,216.8382585569958,219.2265167236328,44727800,255.2669324786491,265.2399189753767,252.31086316271254,256.43145751953125,31626500
2021-03-05,102.56713188273565,104.80890881591917,100.90656818815047,104.35458374023438,53100000,118.34757138575598,119.28668162734432,115.01176678475495,118.77799224853516,153766600,150.25,150.4499969482422,144.0500030517578,150.0229949951172,107772000,221.92416791979974,225.55006376420437,218.96543927137483,223.93533325195312,41872800,259.447201893008,264.2047775421318,254.41092576078356,263.0402526855469,26820100
2021-03-08,103.70718066935261,105.1841130113127,99.78244045183496,99.89739227294922,36868000,118.29864649080791,118.36712304031239,113.68134925740799,113.82808685302734,154376600,150.75,153.22950744628906,147.5655059814453,147.59750366210938,83700000,223.71293453599736,225.64674565461442,219.61326440696627,219.86465454101562,35267400,264.30432126030314,264.33417931854143,253.85359082218721,254.11236572265625,18391800
2021-03-09,101.99985649737614,102.70498149056634,101.29571860628272,101.53258514404297,33920000,116.43998860707968,119.4040567156157,116.20521293027855,118.45516204833984,129525800,150.89950561523438,154.54800415039062,150.25750732421875,153.1425018310547,80600000,225.17297326388478,227.59023718245513,224.00301103562117,226.04318237304688,33080500,259.95483151383627,267.270359700702,258.5912628644361,264.4934387207031,22039700
2021-03-10,102.57957360663178,102.57957360663178,100.4860820835291,101.3250732421875,27100000,119.04209897356596,119.51165027406911,116.8508346932734,117.36930847167969,111943300,154.92250061035156,155.822998046875,151.50250244140625,152.8820037841797,60250000,229.15664011730135,229.15664011730135,224.36078157928844,224.72821044921875,29746800,267.3798559044421,267.70829454847,261.63690285684623,263.6573791503906,14210300
2021-03-11,102.42133087333761,105.06120607468662,102.3332510030716,104.52725982666016,27702000,119.87360233956089,120.52902174116306,118.62145558325126,119.30622100830078,103026500,155.20050048828125,156.58900451660156,154.14649963378906,155.67950439453125,55528000,227.18414995839444,231.25481433839158,226.55565245589904,229.28233337402344,29907600,266.8523226223486,276.59640774204075,266.56370483735765,272.59527587890625,21834000
2021-03-12,103.3264955987478,103.38620767180478,101.13746041591256,102.01227569580078,33818000,117.78018017041316,118.5334222152771,116.56716380866244,118.39646911621094,88105100,153.75,154.94900512695312,152.27499389648438,154.47450256347656,48438000,226.2655769704919,228.01568852154853,225.51139177337745,227.947998046875,22653700,267.8775100939008,268.4746712640375,262.78150190481927,267.1409606933594,20600200
2021-03-15,101.76248163409007,102.2605960962489,100.90707420357886,102.23323059082031,26168000,118.76820554841954,121.30184534868131,117.79974189337008,121.29206085205078,92403800,153.72850036621094,154.11199951171875,151.60450744628906,154.08399963378906,58272000,227.18416824147047,227.4065524199136,224.13840645459197,227.03912353515625,26034900,267.817714232288,274.6654445488159,267.2404484160959,272.4658203125,16844800
2021-03-16,102.80797719904601,105.18112981321325,102.47457211575943,103.69872283935547,31900000,122.96486087306127,124.45179101170382,122.00618910521187,122.83769226074219,115227900,155.24850463867188,156.44549560546875,153.79299926757812,154.59300231933594,50776000,228.46045695052544,232.11535898562002,228.13171258317612,229.8431396484375,28092200,274.784908565087,280.81650933951283,273.5109141988186,277.96990966796875,22437700
2021-03-17,102.93138712872644,104.45062059070729,101.71968149019554,103.61561584472656,26382000,121.35076097755098,123.12137424397079,119.67796282439072,122.0453109741211,111932600,153.66099548339844,158.65249633789062,153.51100158691406,156.7864990234375,62372000,228.33476704770135,230.65534949760786,225.5114042743866,229.1953125,29562100,274.4166509954649,284.8873216916441,274.1180704287921,282.677734375,21315000
2021-03-18,101.92170738689737,102.94531691253769,100.47860990910638,100.58609771728516,31700000,120.20622052927806,120.49969573928057,117.70192660055912,117.90735626220703,121229700,155.0500030517578,155.8314971923828,151.25,151.39950561523438,72992000,224.86357551060163,226.43963644067026,222.70738004305798,223.08447265625,34833000,278.55715518377326,283.8522069279615,276.9746173470538,277.3130187988281,18728300
2021-03-19,101.00361343504876,101.36736812748497,99.66998543614636,100.86576843261719,46072000,117.29104365883211,118.7877505090129,117.07582954328501,117.37908172607422,185549500,151.4615020751953,153.864501953125,150.8314971923828,153.7480010986328,92508000,223.37454008172645,224.77655027756867,221.75980946954306,222.72671508789062,46430700,279.90083268463866,291.42649896009794,279.8809374369784,288.7491149902344,38930500
2021-03-22,100.89911209025807,101.92968460308444,100.2208514877108,101.05138397216797,33536000,117.71171707561217,121.1746903979347,117.64324051825204,120.70513153076172,111912300,153.3925018310547,156.32899475097656,153.00250244140625,155.5435028076172,58044000,222.6493228212036,229.05989594280652,222.52362039107987,228.18002319335938,30127000,289.087553801626,298.304095845231,285.4048978091573,292.1630554199219,28273100
2021-03-23,101.51216913992992,102.71442137006943,100.91751613583496,101.58084106445312,28510000,120.64643782486614,121.53663305840064,119.48232890224382,119.87362670898438,95467100,156.35000610351562,159.10000610351562,156.04249572753906,156.875,76346000,229.63041977971915,233.07260140794008,229.2243211919434,229.71743774414062,31638400,291.77486115165414,296.60211643700694,288.4505323506131,289.2666931152344,23000900
2021-03-24,102.09986380427559,102.88809513209712,100.96727814351534,101.1429443359375,25218000,120.14751365088765,120.22577469235176,117.45735192347425,117.47691345214844,88530500,157.552001953125,158.0155029296875,154.25750732421875,154.35350036621094,59180000,229.97849095447495,230.12352088544264,227.53222109343432,227.66758728027344,25620100,289.6349525005722,290.35157627843716,279.8411144527002,280.8165283203125,18675000
2021-03-25,100.96976727628024,101.79531864173497,99.3296061913516,101.13945770263672,35616000,116.93887818958069,119.01275087692757,116.4106273881796,117.96602630615234,98844700,153.64950561523438,155.48899841308594,151.85699462890625,152.31300354003906,71270000,227.51289551782554,229.09862014573517,223.9063416834218,224.65084838867188,34061900,279.6619470022479,286.7087216913055,276.4470878451703,277.43243408203125,24505600
2021-03-26,101.10611608171759,101.48430522777333,99.71576014468108,100.75479888916016,27978000,117.731260359211,118.83667706674994,116.33237593563868,118.57254791259766,94071200,152.2030029296875,152.83299255371094,149.8000030517578,152.60150146484375,66258000,223.8869566181262,228.87619220794315,223.8869566181262,228.65379333496094,25479900,276.9944624237151,283.16538992510135,276.46694990702116,281.69232177734375,17629200
2021-03-29,100.62691385736701,101.97297935978399,99.79538668638868,101.80278778076172,26492000,119.00298664807106,119.91275082818898,118.10300696502964,118.74864196777344,80819200,152.77200317382812,154.5625,151.42250061035156,153.7864990234375,54920000,228.76020882115643,228.96326550344105,224.2060913796449,227.45489501953125,25227500,284.42945119212044,291.8046947655264,283.3644936122448,289.4557800292969,21718800
2021-03-30,102.16058348544357,102.64277524960562,101.3230881306347,101.83663177490234,27312000,117.49648340996671,117.78017409006814,116.27368261472802,117.29105377197266,85671900,153.50050354003906,153.64999389648438,151.6999969482422,152.76449584960938,46752000,225.8014880077065,226.1109049149975,223.45191422743258,224.17709350585938,24792000,288.4704196002147,291.09805017216587,285.3551276693987,286.6490173339844,17474500
2021-03-31,102.23123329560889,103.816655704226,101.86299111632219,102.63529968261719,42570000,119.0029908224551,120.83229628055129,118.51387043885552,119.49211120605469,118323800,153.2030029296875,155.9665069580078,153.125,154.70399475097656,61878000,225.20199547913245,231.18714373342434,224.69920041677108,227.96734619140625,43623500,288.62969487110405,295.1091672513115,287.2561633642928,293.1484069824219,19498200
2021-04-01,104.11474072534617,106.27938718606731,104.07393544516293,105.98230743408203,39880000,120.96924318486211,121.47792504243581,119.82469594439944,120.32360076904297,75089100,155.89700317382812,158.1219940185547,155.77749633789062,158.0500030517578,58806000,230.5779461624076,234.80331830021498,230.1718476397773,234.3295440673828,30338000,297.00024310533706,300.98147968952236,295.2086987922236,297.259033203125,17616000
2021-04-05,106.8466666341186,110.91919881705677,106.75012806081834,110.42008209228516,48510000,121.17467224344372,123.41484423200751,120.39207673653289,123.1604995727539,88651200,158.64999389648438,161.79800415039062,158.06199645996094,161.3365020751953,66698000,234.72600724804468,241.6877396410895,234.66799527040416,240.8271942138672,36910600,299.47856945865806,309.3121978449165,299.26953267822694,307.4609375,28237000
2021-04-06,110.0199908055745,110.86993113753334,109.56566574641188,109.93738555908203,35240000,123.7474357865334,124.36372467715026,122.91593276997253,123.4637451171875,80171300,161.1875,162.36549377441406,160.8520050048828,161.1909942626953,50756000,239.41551540190804,241.14627007299995,238.70967838838214,239.65724182128906,22931900,307.3912790578824,309.88951478334565,303.8181227983221,304.8233947753906,17335200
2021-04-07,110.12847588567706,111.69100514725001,110.12847588567706,111.41880798339844,24134000,123.09203115107863,125.1365506661835,122.41704266839598,125.11698913574219,83466700,161.69000244140625,165.1804962158203,161.1824951171875,163.96949768066406,66924000,239.60887057598896,242.6256112789347,239.00939383471342,241.62969970703125,22719800,304.9029712736143,312.7758695180281,304.06691531506,311.6213073730469,22855200
2021-04-08,112.66137580353075,113.04902597144466,111.61686995474146,111.9861068725586,28664000,126.14414494249527,127.5528140466846,125.72350857412272,127.52346801757812,88844600,165.5449981689453,166.22500610351562,164.60000610351562,164.96499633789062,56242000,244.40470967710712,245.72936550341456,243.6601883040011,244.8688201904297,23625200,313.3730683592338,314.39823549157427,308.5955665742663,311.5516357421875,20894100
2021-04-09,111.7377910863765,113.15750194180373,111.33073299675657,112.9932861328125,26146000,126.97562090894628,130.14511060136672,126.65279975013205,130.10598754882812,106686700,165.23500061035156,168.61000061035156,164.44500732421875,168.61000061035156,86830000,244.5014080052493,247.51816343154542,244.08564568986765,247.38279724121094,24326800,309.9392375138211,313.26356615401016,308.87424952184057,310.9942626953125,15988600
2021-04-12,112.1697216656889,112.30755906868903,110.86097629130978,111.69698333740234,25024000,129.63648551032645,129.95930679172292,127.78761084543481,128.38433837890625,91420000,167.760498046875,169.7519989013672,167.5574951171875,168.96949768066406,65636000,246.28052740899415,249.1425744248552,246.19349469367526,247.44081115722656,27148700,309.59089115543276,310.6857372677254,306.4855315456019,310.07861328125,10881900
2021-04-13,112.01396384726543,112.63499526255416,111.6188497032367,112.18514251708984,25682000,129.5582085139557,131.72990419313948,129.059296173719,131.50489807128906,91266500,170.04249572753906,171.60000610351562,169.781494140625,170.0,66316000,248.74614977442516,250.6122705431789,248.3303579311484,249.9354248046875,23837500,310.7454347862208,312.95502212626144,307.8690073820761,308.30694580078125,14036900
2021-04-14,112.83204797289153,112.83204797289153,111.26902518096547,111.56211853027344,21002000,132.0038037995852,132.06249585390395,128.79517546483183,129.15711975097656,87222800,170.20199584960938,170.2064971923828,166.3000030517578,166.64999389648438,62904000,248.95890525572642,250.26420442325988,246.7156768147682,247.13143920898438,23070900,305.8585328323635,306.5851195492502,300.53365242753176,301.3995666503906,17421400
2021-04-15,112.5593610414897,114.25375956725094,112.02292426332264,113.71881103515625,29174000,130.90818297831848,132.06249988655176,130.73209188321647,131.57337951660156,89347100,168.5500030517578,169.85000610351562,167.60000610351562,168.95449829101562,64672000,249.39396885997098,251.32778017266665,249.20060543327276,250.91201782226562,25627500,304.90299964674796,308.6851926200754,302.67351688313573,306.3760681152344,14558300
2021-04-16,113.91737077070839,114.16618123351545,113.00572887051489,113.59441375732422,26282000,131.37772152575985,131.73966578761528,130.37991188899602,131.2407684326172,84922400,169.0,170.33999633789062,167.7794952392578,169.9720001220703,63720000,250.8830023994161,252.3623668176979,249.07489361125147,252.1109619140625,24878600,306.72439901532357,307.50073884849365,303.18107090239033,304.74371337890625,13059200
2021-04-19,112.96889932948382,114.6563273557735,112.96889932948382,113.9432373046875,30290000,130.60491339062307,132.5222717730815,130.4386142591335,131.90597534179688,94264200,169.51649475097656,171.79649353027344,168.00799560546875,168.60049438476562,54508000,251.5791641704195,252.82648062554435,249.28760267660581,250.17713928222656,23209300,303.57926095974426,306.2566450684479,299.1501229845333,300.8222351074219,14553500
2021-04-20,114.32790173001689,114.40304297259718,112.3190124548569,113.4083023071289,22288000,132.08205092978312,132.5809482656911,128.9418920136985,130.21360778808594,94812300,168.67999267578125,169.14950561523438,165.8000030517578,166.7344970703125,52460000,249.28760239933078,251.58884238878173,248.3400243131991,249.71304321289062,19722900,300.57340846075533,303.66883579405584,295.8158318125477,301.2303161621094,16796400
2021-04-21,113.0619617843849,113.45756950372018,111.70693643834593,113.3754653930664,23204000,129.47994470532655,130.83969873435487,128.44301191111677,130.5951385498047,68847100,165.8000030517578,168.14300537109375,165.1905059814453,168.1009979248047,44224000,250.37054318159065,252.05294951511846,248.73647032593425,251.9562530517578,24030400,300.53357592302353,300.56343397916174,295.99496914348543,300.0558166503906,14863500
2021-04-22,113.2286569817641,113.89945354326824,111.48300504001658,112.09010314941406,24146000,130.1451323202757,131.2309800623084,128.55061017652483,129.06907653808594,84566500,168.58399963378906,168.64349365234375,165.07249450683594,165.45199584960938,51612000,251.59845946408058,253.11650810591743,247.1797092193434,248.65908813476562,25606200,299.9164624167889,301.49903053443455,294.65129941634854,295.1290283203125,16375400
2021-04-23,112.81065272785608,114.75734689900595,112.52452223857101,114.4493179321289,29066000,129.2842896751612,132.17987368023367,129.2842896751612,131.3972930908203,78657500,165.9550018310547,168.75,165.4250030517578,167.04400634765625,63856000,249.34561464334067,252.85548660520342,248.75578689805977,252.50738525390625,21462600,297.35852973131097,301.17054987722344,295.7560664295213,299.7174072265625,17536800
2021-04-26,114.67773209539389,115.67347506131698,114.31944443209228,114.94694519042969,32038000,131.8961965525728,132.12118773609112,130.65382667295944,131.78858947753906,66905100,167.39999389648438,171.42250061035156,166.5469970703125,170.4499969482422,97614000,253.00050947582758,253.754694623694,251.55982965034812,252.89413452148438,19763300,301.91704980967137,304.3655016183372,300.14540087910467,301.61846923828125,16172600
2021-04-27,115.33011604963677,115.37092132902323,113.76410145506594,114.00395965576172,44386000,132.07226369879982,132.46356891164857,131.1918530917334,131.46575927734375,66015800,172.17349243164062,173.0,169.90049743652344,170.8715057373047,76542000,252.9231703377434,254.47990379909567,251.5114963319327,253.30027770996094,31014200,302.8526570623467,303.90768229695817,299.69751379507915,302.14599609375,15309300
2021-04-28,119.0558061083278,120.99055650449037,117.1011542161591,117.3907699584961,81106000,131.3875277874623,132.08208536726428,130.18429570669335,130.6734161376953,107760100,171.74000549316406,174.49400329589844,171.25,172.9250030517578,92638000,247.60518400104692,248.04998184217743,244.5787793719644,246.135498046875,46903100,305.9181835337125,309.4615117946956,303.9375281889594,305.659423828125,33907200
2021-04-29,118.89308224360096,119.63602837600928,118.12773648841575,119.06874084472656,41234000,133.50047532318814,134.0874255635315,129.56794453712286,130.57553100585938,151101000,175.2550048828125,175.72250366210938,171.75,173.5655059814453,153648000,247.0057189857729,247.6245379994576,240.7595021178663,244.15333557128906,40589000,328.57141837372023,330.25349309637005,320.1013286474889,327.96429443359375,56526800
2021-04-30,117.83762526818644,118.52583278569314,116.76973276121194,117.11508178710938,44856000,128.9125776490249,130.65384516288776,128.2180350065091,128.59954833984375,109839500,176.25599670410156,177.6999969482422,173.125,173.37100219726562,140186000,241.47500653604348,244.70446765473707,241.33964034405656,243.83424377441406,30945100,324.61013986908836,328.2728702411657,322.97781828784815,323.5550842285156,26332400
2021-05-03,117.68286337787097,118.51090528759072,116.21936316034822,116.5965576171875,28242000,129.16691594936623,131.1527586179982,128.96149372877142,129.65603637695312,75135100,174.2364959716797,174.33250427246094,168.63499450683594,169.32449340820312,117510000,245.01388477039796,245.93245693705362,242.80934107804293,243.5248565673828,19626600,324.6399894534123,327.00879964754824,320.33028394858235,321.0668029785156,18719500
2021-05-04,115.12707861243727,115.69635551214584,112.29711037917885,114.79267883300781,44818000,128.33538938179106,128.6288645532719,123.94308362244821,125.06806182861328,137564700,167.8094940185547,168.3990020751953,163.60650634765625,165.593505859375,108788000,242.66432159148357,242.8963842678736,237.62673646753146,239.5895538330078,32756100,318.5188245064735,320.6786587352525,311.65119741922877,316.8666076660156,24032600
2021-05-05,115.87750091536309,116.19448215391392,114.86484054405638,115.18779754638672,26636000,126.38867773337496,127.61147843692302,125.18544602057825,125.3126220703125,84000900,166.9429931640625,167.73500061035156,163.21800231933594,163.52699279785156,74226000,240.8174836308605,241.2429244152882,237.68471922517872,238.31320190429688,21901300,316.6973792840816,319.55391130959293,313.01472376286773,313.542236328125,15577600
2021-05-06,114.767794166539,116.31141662597656,114.10645862940969,116.31141662597656,25190000,125.10721029187536,126.92673870389211,124.36374522397769,126.91696166992188,78128300,163.5,165.72000122070312,162.36000061035156,165.31849670410156,88954000,238.2938677763207,241.59101921408728,236.5921193344772,241.46531677246094,26491100,313.0445989228189,318.7377680393141,311.80046258070394,318.518798828125,19012200
2021-05-07,117.63210325494998,117.99834844800776,116.74981635250477,117.03694152832031,28898000,128.22018478792432,128.62193325091675,126.87770885842286,127.59304809570312,78973300,165.95449829101562,166.54449462890625,164.45350646972656,164.58050537109375,94206000,243.80524259654717,245.88409850126487,242.85767923394673,244.10499572753906,27032900,320.8677597643788,321.42513044301256,317.25478278987566,317.5832214355469,15916700
2021-05-10,115.85311315407462,115.99543808100397,113.6834856654911,114.04227447509766,30914000,126.80914518929129,126.9365223057384,124.26139353065895,124.30059051513672,88071200,164.11599731445312,164.14999389648438,159.5,159.52450561523438,116772000,242.5676094591956,243.39914888697365,238.94171336489754,238.99972534179688,29299900,312.8754241892421,313.1043258444617,303.4000620410102,304.53472900390625,24239200
2021-05-11,111.61985500008853,113.47149891287674,111.1645276228982,112.96292877197266,34186000,121.01791826059262,123.73224398798311,120.3025863854562,123.37948608398438,126142800,156.81399536132812,161.89999389648438,156.36849975585938,161.19549560546875,92396000,236.45678232929174,238.4389418849442,234.54231325173242,238.0811767578125,33641600,299.339216576442,305.4006454467249,298.2841913436494,305.09210205078125,18920100
2021-05-12,110.7798698646749,111.86418624163223,109.15911669437793,109.4890365600586,46376000,120.91994792228226,122.13502470718254,119.79305875777395,120.30260467529297,112172300,159.25,160.39700317382812,156.65499877929688,157.5970001220703,98728000,234.1555278301892,236.29239570195924,230.19122371487865,231.09043884277344,36684400,299.71744585471544,303.52946649192836,296.79123455641644,301.1307678222656,24645500
2021-05-13,110.77639050656869,111.43922195147485,109.81100468503034,110.92169952392578,33204000,122.07621277945914,123.61465887026078,121.76264438757792,122.4583740234375,105861300,159.27349853515625,160.19200134277344,156.64999389648438,158.07350158691406,67018000,233.79780118465277,237.47204579500448,233.43037229747455,234.98709106445312,29624300,304.6441943379279,307.4111524061888,301.34972366445834,303.82806396484375,18079200
2021-05-14,112.38966888294074,113.69243847189597,111.96469870491363,113.37694549560547,31996000,123.71265487611407,125.31969391364765,123.32069249416574,124.88853454589844,81918000,159.2779998779297,161.4429931640625,159.14999389648438,161.14500427246094,66500000,237.45269741654624,240.93354899396118,237.36567944671805,239.93763732910156,23901100,308.0879748696261,315.36368166667563,307.63011083254275,314.45794677734375,19245700
2021-05-17,112.63997266332655,113.94423815039278,112.2388903348768,113.90144348144531,21598000,124.27119559453419,124.37898543365588,122.65435548376935,123.73224639892578,74244600,162.29649353027344,164.6374969482422,161.72950744628906,163.51950073242188,74478000,238.39058872945552,238.42925846341785,235.46086581765138,237.06591796875,24970200,312.0791804355396,314.1991938433881,310.1184201410121,313.980224609375,15401300
2021-05-18,114.56975107464842,114.83498539001295,112.5713022709001,112.58523559570312,22204000,124.01642941587465,124.4377876927737,122.2722045641729,122.3407974243164,63342900,164.62899780273438,165.60000610351562,161.51849365234375,161.61399841308594,56568000,238.11984688230368,238.2552130765147,234.86136496896637,235.03541564941406,20168000,314.10960727070574,315.015342231373,308.3567216670497,308.5060119628906,14522400
2021-05-19,110.89132754244453,113.20824561189436,110.74254090842723,113.03457641601562,23684000,120.68475659168433,122.40937905307148,120.39078294600725,122.18400573730469,92612000,159.75,161.7375030517578,159.1999969482422,161.58999633789062,53594000,231.92446802490932,235.72348812129565,231.23638816112967,235.61688232421875,25739800,302.76308824187345,313.18397610154875,302.1460014380074,312.1189880371094,19106200
2021-05-20,114.0049543138836,115.04995367632121,113.63273332390318,114.79866027832031,32352000,122.71318196220793,125.15313686719469,122.58578986436477,124.75137329101562,76857100,162.22000122070312,162.98399353027344,161.8090057373047,162.38400268554688,52664000,236.43095143542345,240.29780322001847,236.3340317045133,238.8731689453125,21800700,312.10901392703676,317.75242988360776,311.6910011150971,317.11541748046875,17320200
2021-05-21,115.31916852848262,115.39282152735618,113.9203538111131,114.16070556640625,40632000,125.25110735850839,125.42749006545537,122.69356184580758,122.90914154052734,79295400,162.5,162.83450317382812,159.85049438476562,160.1540069580078,82098000,239.9295785121088,240.66611830409525,237.18691532018093,237.6036376953125,21863100,317.79225601249266,318.4292380517517,314.3285693555458,314.7466125488281,13600900
2021-05-24,115.19376457687339,117.71470921979483,115.04796201657045,117.49028778076172,31832000,123.47748054475917,125.36869212394858,123.4088876885631,124.54557037353516,63092900,160.77499389648438,162.8975067138672,160.52499389648438,162.24949645996094,48456000,240.14279819726076,243.40880466874205,239.8714406276493,243.04052734375,21411500,316.7173102623199,324.42102359552996,316.5381619084933,323.1072082519531,16445400
2021-05-25,118.03567732658347,118.63282089487157,117.18972330541762,117.58135223388672,22440000,125.251117740315,125.74107639005582,123.7812642192773,124.349609375,72009500,163.33349609375,163.99099731445312,160.68800354003906,162.95249938964844,65222000,243.99995218179816,244.94970356838164,243.07927376097604,243.9514923095703,17704300,325.5456890362261,327.6358442337782,323.2763854894499,326.25238037109375,16437000
2021-05-26,117.76297776968487,118.8811365497892,117.7599936843896,118.44920349121094,21572000,124.40838035343548,124.82973859149602,123.87923227707617,124.30059051513672,56575900,163.72950744628906,164.7864990234375,162.92550659179688,163.25799560546875,47680000,243.6704312001958,245.13383947058784,243.01142426646751,243.7285919189453,17771600,326.80972097219535,328.28275887396416,324.2915903805932,326.1229553222656,9686900
2021-05-27,118.88411475425364,118.88411475425364,117.25242003275355,117.57189178466797,35224000,123.89885923279118,125.07473909754313,122.56619139883931,122.76216888427734,94625600,162.8000030517578,163.01800537109375,161.5019989013672,161.5054931640625,51224000,243.4184423883606,243.7188728673477,241.5576988000328,241.6158447265625,24426200,326.4613990009861,332.2142846342582,325.2272253831153,331.1891174316406,20477700
2021-05-28,118.15610588776825,118.23820999772704,117.08273872898874,117.28178405761719,21482000,123.04632661129708,123.27170742078762,122.04682959457176,122.10562133789062,71311100,162.10000610351562,162.39950561523438,160.98500061035156,161.15350341796875,46596000,243.25372651076563,244.3003977061541,241.85816491691435,241.97445678710938,18270200,329.44729839186954,331.3085214715173,326.7898098407,327.1879577636719,12037400
2021-06-01,118.15709819066481,118.7179164034337,117.15389122754267,118.49249267578125,23354000,122.56618959179076,122.83075994083762,121.44910149392759,121.78226470947266,67637100,162.1750030517578,162.5489959716797,160.4530029296875,160.9324951171875,48600000,243.47660235766526,243.53474828754858,239.33839261028746,239.76480102539062,23213300,328.6012638264931,329.86532570978346,325.10774985334245,327.5860595703125,11765900
2021-06-02,118.88909332605556,119.11252766020083,117.05834561985145,117.96551513671875,21158000,121.78225486696007,122.72296016407643,121.5568815278501,122.54657745361328,59278900,161.15499877929688,161.75,160.39999389648438,161.69949340820312,40290000,240.4723095990206,241.57712675444566,238.25297444018346,239.6679229736328,19406700,328.83022868917175,330.3132295435605,325.58551127009054,327.6059875488281,11654300
2021-06-03,116.7284293221674,117.29024223890825,115.92178472969479,116.82048797607422,18696000,122.17422461028026,122.34080621458908,120.65537298589332,121.05713653564453,76229200,160.2115020751953,160.7220001220703,159.20150756835938,159.35049438476562,47966000,237.65210054108795,238.73753072977723,235.50061228288084,238.12698364257812,25307700,324.2517995120947,325.8443001574359,321.96260071683287,324.5105895996094,12610800
2021-06-04,117.89983175465898,119.3807505682356,117.55846149793184,119.10904693603516,24458000,121.57647200078277,123.62447159323195,121.36089230936066,123.35989379882812,75169300,160.60000610351562,161.0500030517578,159.9405059814453,160.31100463867188,44994000,240.11369831050433,243.8836456812786,239.87141373709244,243.05018615722656,25281100,324.37121653770294,330.9004415405156,323.65459279961755,328.80035400390625,13289400
2021-06-07,118.90351885306187,119.65343537191465,118.48352976311133,119.54345703125,24120000,123.63426789483995,123.78125473088885,122.32120243854156,123.36969757080078,71057600,159.8665008544922,160.39999389648438,158.61000061035156,159.90049743652344,44316000,242.26520330822757,246.24836256289456,242.10045156142598,245.9770050048828,23079200,327.93442884719076,336.10590744645873,327.3869906581949,335.0010986328125,20136700
2021-06-08,120.02665584883135,120.40036505971243,119.16925148888495,119.35137939453125,24240000,124.05561671962153,125.87824288128334,123.67345546064644,124.19280242919922,74403800,161.1304931640625,163.97650146484375,160.90049743652344,163.20550537109375,68334000,247.28534862837452,248.1091221533289,244.71712308979068,244.77528381347656,22455000,335.12059913209447,336.7130694543896,330.6814985041449,332.11474609375,14580500
2021-06-09,119.9977964011233,120.06994596281687,119.27475179338707,119.82412719726562,17942000,124.65337567084285,125.18252383113118,123.97724066446416,124.57498168945312,56877900,163.64349365234375,164.87899780273438,163.53500366210938,164.0574951171875,49110000,245.97699029619437,247.64390936023426,245.39551618717297,245.76377868652344,17937600,334.16510454391005,335.2201298768664,328.45203939664555,328.70086669921875,13727900
2021-06-10,119.77336645278285,121.22045035217171,119.61711580354225,121.17715454101562,25904000,124.4671771062987,125.61366838929395,123.40888838700712,123.57546997070312,71186400,164.10049438476562,167.5500030517578,164.0574951171875,167.4824981689453,69530000,246.44217711309096,249.51434381577496,245.84131608625833,249.30113220214844,24563600,329.2383024890127,332.3735200486097,327.00878947210714,330.90045166015625,13240200
2021-06-11,121.41950536835986,121.50509470935228,120.37250900118785,120.93183898925781,21958000,123.98703826502418,124.87875295690584,123.56567997208057,124.79055786132812,53522400,167.4824981689453,168.32899475097656,166.67250061035156,167.3415069580078,56348000,250.02796621364502,250.51253533585495,248.69055070422525,249.9310760498047,18999700,331.0198700648531,331.26869732703784,327.3869981118403,329.7060852050781,13587900
2021-06-14,121.0343414607894,121.86337807249288,120.32473660004977,121.86288452148438,22098000,125.25109952078272,127.91642723799659,124.51617286716927,127.85763549804688,96906500,167.3415069580078,169.25,166.77499389648438,169.19349670410156,51394000,249.9407641590007,251.9275154393582,248.87470610316913,251.86936950683594,19150500,330.3430658764456,335.23999974134335,328.2628736178562,335.1902160644531,12250800
2021-06-15,121.86735776768438,122.19130946590856,120.47999346547807,120.84176635742188,21562000,127.32850431328268,127.97524340485357,126.78955507030692,127.03453063964844,62746300,169.1999969482422,169.84950256347656,168.15550231933594,169.156494140625,48524000,251.7530394221837,251.96625102602945,249.72754397352543,250.3865509033203,18038900,335.4092135921884,338.32549242411466,333.4584162045926,335.17034912109375,15795200
2021-06-16,120.99352547257263,121.3060343503995,118.90152998075557,120.19783020019531,26472000,127.74986621494416,128.25941963004072,125.87826406617567,127.53428649902344,91815000,169.60000610351562,171.3175048828125,168.02650451660156,170.7624969482422,84056000,251.39446201803466,252.53803808161632,246.5681575606938,249.4368133544922,27220000,335.1206100778968,335.96659857383884,327.1780319572811,329.5269470214844,17232200
2021-06-17,120.12319457492448,121.93950775152115,119.92663220106029,121.16421508789062,25842000,127.19130069845629,129.88603158210103,127.04430640625819,129.14129638671875,96721700,170.15899658203125,174.86000061035156,170.0500030517578,174.46200561523438,102730000,248.1672201484278,253.6719178970686,248.10907422385236,252.84814453125,27565500,328.9396476382857,336.39453238442786,328.6012462376722,334.9314270019531,17794100
2021-06-18,120.78951018597671,121.02438731514766,119.44394586362654,119.53948974609375,46116000,128.08304168654513,128.86695159835352,127.62248638968997,127.83806610107422,108953300,173.99949645996094,175.35000610351562,173.6855010986328,174.34500122070312,104954000,251.61737769533121,254.20496035415408,250.76453127231352,251.4235382080078,37202200,332.960736659433,334.5731324671982,327.4566788051321,328.11358642578125,23039500
2021-06-21,119.9271335980691,121.41949509864834,119.3279930756123,121.2328872680664,27414000,127.68126305266121,129.74885734783985,126.61317321470958,129.6410675048828,79663300,173.8209991455078,174.10000610351562,171.6999969482422,172.697998046875,65542000,251.8015192852255,255.38731323668682,249.96016243709636,254.52479553222656,26696100,329.5368791630354,331.3583117864079,326.1130135029647,330.73126220703125,11337500
2021-06-22,121.17069271040606,121.81760141803291,120.48795979203726,121.74842834472656,22390000,129.4744673348731,131.38527341107215,128.9747077019385,131.2872772216797,74783600,172.9029998779297,176.18899536132812,172.80450439453125,175.27200317382812,66902000,254.61195345280842,257.5872144085859,254.30182217403268,257.31585693359375,24694100,331.12941025409475,338.32550648922313,331.0398360737104,337.4396667480469,15345300
2021-06-23,121.51254954054794,122.50978070278896,121.2547868418972,121.54589080810547,19148000,131.08153979372707,131.6204890694468,130.55238415861209,131.012939453125,60214200,175.25,176.0500030517578,174.16000366210938,175.1909942626953,56266000,257.78106316534377,258.59513571313266,256.26920992291423,257.0832824707031,19518700,337.75816646048935,341.8090819948464,336.6135670117455,338.9923400878906,14817800
2021-06-24,122.1161595703844,122.46996728323248,121.71806894524062,121.9171142578125,21362000,131.74788225881792,131.93406611785448,130.25842633865025,130.72879028320312,68711000,175.3820037841797,176.2429962158203,171.54249572753906,172.45399475097656,76640000,257.94583058586295,259.58367653357374,257.2771228521467,258.45947265625,21446900,340.24641221158737,343.2820927302898,340.1866960972433,341.5701599121094,12329100
2021-06-25,121.41949566786325,122.0494869263323,120.98656792867304,121.92557525634766,34594000,130.7777556903275,131.19910646414033,130.1408102817522,130.43478393554688,70783700,173.1999969482422,173.24099731445312,169.70899963378906,170.072998046875,78820000,258.0137126293254,259.00222309545813,256.58907807697693,256.8410339355469,25611100,340.9829551253618,342.5057768968075,338.0866018788034,339.7686767578125,14594400
2021-06-28,122.09476570644414,122.20076527318163,120.82782790498153,121.95294952392578,28526000,130.72878179287244,132.53179860685148,130.66999004165285,132.0712432861328,62111300,170.8000030517578,172.39999389648438,170.67550659179688,172.1945037841797,44856000,257.974900379408,260.6012566258516,257.7035428658539,260.42681884765625,19590000,340.85351439432867,356.45998272522036,340.16674874881573,353.9717102050781,29156100
2021-06-29,122.08681320150404,122.43564746347714,121.1119740224828,121.69070434570312,23108000,132.09083850565023,133.74687585363333,131.64988544279703,133.590087890625,64556100,171.9409942626953,172.80149841308594,171.15150451660156,172.40699768066406,41968000,260.5721903554941,263.2663934434633,259.70967271287435,263.02410888671875,19937800,354.5987779027242,355.0665744155192,347.41264466594663,350.2393493652344,21417300
2021-06-30,121.41402625256768,121.67528178366047,120.7770721013412,121.50857543945312,24474000,133.43329677453198,134.6483810309489,133.13932308886885,134.20742797851562,63261400,172.05299377441406,173.5800018310547,171.75,172.00799560546875,48080000,262.33600953234,262.9853155337439,261.27965249252287,262.5395202636719,21656500,350.51801891006176,351.26450073463224,345.5414734129252,346.07891845703125,15107500
2021-07-01,121.14581091471862,122.00370889101198,120.95323489975411,121.86189270019531,18110000,133.85463680142217,134.5699611689942,133.03150764945613,134.51116943359375,52485800,171.73049926757812,172.85000610351562,170.4709930419922,171.64849853515625,40742000,261.28935129983205,263.45054026043147,261.27968002877276,263.21795654296875,16725300,345.19313292386886,353.0063159672879,344.87462670025764,352.7276306152344,17137000
2021-07-02,122.56403626064869,124.80730922047651,122.47396699404112,124.66150665283203,25982000,135.12854412136403,137.18634528143556,134.98156473226965,137.14715576171875,78852600,172.58200073242188,175.58599853515625,171.8459930419922,175.5489959716797,63388000,264.40034289596645,269.42047266250347,264.09021151270576,269.0812683105469,26458000,353.43428091031626,354.76799151004735,350.965903313761,353.0361633300781,11521300
2021-07-06,125.05064175261214,125.8264356149296,123.9897120776106,125.58956909179688,26404000,137.25491925633426,140.27300511470358,137.25491925633426,139.1657257080078,108181800,176.5054931640625,184.2740020751953,176.4499969482422,183.78700256347656,134896000,269.4495493778783,270.74819129061393,265.8346524823873,269.0909729003906,31565600,354.8276729157142,357.1069391231524,347.54200344985577,351.1251220703125,13488500
2021-07-07,126.556945178864,126.67835873013823,125.55274349136431,125.8722152709961,24060000,140.65514627070422,141.97802013748654,139.7928425569442,141.66445922851562,104911600,185.86900329589844,186.7100067138672,183.94549560546875,184.82899475097656,106562000,270.77722094799395,272.0274175708418,268.5966598869987,271.2908630371094,23260000,353.59353020627196,354.817740992949,348.3581944780152,348.84588623046875,14218900
2021-07-08,123.43586643187025,124.99789468563942,123.4318876512883,124.44902038574219,23790000,138.73457978552972,141.16473348435932,137.84286503744906,140.36122131347656,105575500,182.17799377441406,187.99949645996094,181.05599975585938,186.57049560546875,103612000,268.35433614022054,270.12787543995006,266.38698696437575,268.8583068847656,24618600,344.1082061861982,346.6959853970699,340.9530631568389,344.028564453125,14406500
2021-07-09,124.43010544209602,125.1362250527908,123.95885535984911,124.92125701904297,18632000,139.8810638333893,142.72277473602026,139.78306761517845,142.19363403320312,99890800,186.12600708007812,187.39999389648438,184.6699981689453,185.9669952392578,74964000,267.21084672657895,269.4689262350666,266.8231972731775,269.3623352050781,23916700,343.7001323124717,349.0648323577811,343.6503486347571,348.7762145996094,13018700
2021-07-12,125.57762429893366,126.46488475430863,125.01332084819249,126.37133026123047,17668000,143.27147947024122,143.37926928943287,141.10588944907008,141.59584045410156,76299700,187.1999969482422,187.864501953125,184.83949279785156,185.92750549316406,51432000,270.54459359872203,271.1357536391102,268.0442007562918,268.7613830566406,18931700,349.5824177067287,352.52852406692165,347.9998799207811,351.50335693359375,10018600
2021-07-13,126.43402078790348,127.44816936734279,126.07175435939051,126.73558044433594,19240000,141.13532365605394,144.4963962387887,140.74336872639185,142.7129669189453,100827100,185.10499572753906,188.6540069580078,183.5659942626953,183.8679962158203,76918000,268.95523209497554,274.12075544543404,268.82926896816707,272.3084716796875,26120100,349.8511562729013,356.8083573136762,347.16380949457744,350.4383850097656,11456000
2021-07-14,127.34914401586859,128.711139700719,127.30584820549012,127.62681579589844,23742000,145.12353460486517,146.56399216212412,144.7119624866864,146.1524200439453,127050800,185.4425048828125,185.88299560546875,183.04150390625,184.08399963378906,65932000,273.63622459496327,274.90579349318665,271.89175778408145,273.7912902832031,23113700,352.8968138114406,353.5338262544163,345.1035564429687,345.99932861328125,13894200
2021-07-15,128.03686284017635,128.0876150688026,125.92794221134592,126.40068054199219,24218000,146.24061539726927,146.98533571546386,144.13381661407468,145.49588012695312,106820300,184.7100067138672,184.77000427246094,181.04600524902344,181.55999755859375,63706000,273.2969989220083,273.7912689162148,271.19395581058893,272.35693359375,22604200,347.5918212750302,347.5918212750302,338.6240762198608,342.84417724609375,14781600
2021-07-16,127.05556338295577,127.20335534106535,125.55324719471818,126.36585998535156,20424000,145.47631156501131,146.75017267674576,142.94816167117358,143.44790649414062,93251400,181.66549682617188,182.30299377441406,178.5229949951172,178.68150329589844,80874000,273.3648102519203,275.332159550693,270.83534425306976,272.0855407714844,26186800,343.29204019947133,344.3669605840488,338.54442707475414,339.55963134765625,11026100
2021-07-19,125.48954262685852,125.60449445304222,122.91733701019425,123.98523712158203,27968000,140.86095791027103,141.17453382837715,138.82275929894942,139.5870819091797,121434600,176.62899780273438,177.510498046875,174.95799255371094,177.47950744628906,75692000,270.32175815873427,271.7173197761121,265.9800371942306,268.4610290527344,32935600,335.9865326425013,338.1961202729858,332.9707469930695,335.36944580078125,14372300
2021-07-20,124.93021653261364,126.4385084581694,123.75882253519414,125.60897827148438,26312000,140.57678303301844,144.1436266165373,140.08683190917176,143.21270751953125,96350000,178.36599731445312,179.60000610351562,175.89999389648438,178.6595001220703,65114000,269.4494800126927,272.29874855404097,267.7341161258603,270.6996765136719,26259700,337.2107121804647,341.8389238121627,332.93089518436625,340.05731201171875,11024300
2021-07-21,125.5333313160581,126.9888739739733,125.4238541100995,126.94210052490234,20746000,142.60517528212256,143.19312262136464,141.72326922538142,142.477783203125,74993500,178.81900024414062,179.32249450683594,177.1820068359375,179.25999450683594,46380000,270.29263910977414,272.8317764714701,268.73234079810254,272.7154846191406,24364300,339.8980427076847,344.89448323524294,339.6492154436234,344.6058654785156,9279700
2021-07-22,127.23568852185855,127.87164794172931,126.8923289019367,127.81043243408203,14302000,143.00693860738033,145.22151233826582,142.87954652855333,143.8496551513672,77338200,179.3614959716797,182.00100708007812,179.11349487304688,181.90150451660156,65308000,275.0802291583625,277.5806226950854,274.6732076086904,277.30926513671875,23384100,345.05377893884514,349.8909973442293,343.5906732305134,349.5426330566406,12385400
2021-07-23,129.80988959225203,132.7642708837393,129.18289754735918,132.38209533691406,41506000,144.58458386878672,145.73106773788473,143.96724064999466,145.57427978515625,71447400,182.0,183.3054962158203,181.1020050048828,182.83200073242188,48726000,278.5012802330606,281.04041795355755,277.6581346087778,280.7303161621094,22768100,359.2170092598052,373.56934940555897,355.5144582100015,368.05535888671875,33694300
2021-07-26,132.6940965511764,133.5982667591998,131.67197525217534,133.39723205566406,30572000,145.2901355674368,146.81878094574583,144.73158401268006,145.99566650390625,72434100,183.6584930419922,185.60400390625,182.3625030517578,184.99099731445312,58002000,280.08094944988113,280.7496571969808,277.7937974154402,280.12939453125,23176100,367.84633443913236,372.6835525995639,366.49272860375424,370.71282958984375,14925200
2021-07-27,133.61171004397323,133.7595019903575,129.4849403696827,131.2723846435547,54710000,146.1230281888383,146.21123076065714,142.62478470512065,143.8202667236328,104818600,184.9250030517578,184.9250030517578,179.3074951171875,181.3195037841797,82638000,280.4976937484065,280.64305857964337,274.217696432941,277.6968994140625,33604100,370.1654293485959,371.39960297387034,362.83993821529435,366.08465576171875,15705400
2021-07-28,135.66339140380205,137.6389469068572,134.63381368054618,135.44642639160156,95130000,141.8996567982077,144.01624946103246,139.67527427888382,142.0662384033203,118931200,181.68899536132812,182.92100524902344,180.0500030517578,181.51600646972656,59988000,280.0712207421704,281.1954245301593,275.07046440625373,277.38671875,33566900,372.8029555513928,375.77891989278095,365.2087426356394,371.5289611816406,29676900
2021-07-29,135.50217964857367,136.01074984273308,134.89807315618333,135.13145446777344,31716000,141.7820627469063,143.604681578867,141.6742728984309,142.7129669189453,56699500,181.3874969482422,181.8975067138672,179.00050354003906,179.99600219726562,110400000,277.40612616035014,279.71267995195393,277.2510604896139,277.6581115722656,18168300,359.3066119714549,363.8053985051132,355.0665851685407,356.6391906738281,33413200
2021-07-30,134.39248350863042,134.66070190945484,133.61619609988043,134.08544921875,25576000,141.47833725618062,143.38914426935295,141.21375937677936,142.9285888671875,70440600,167.3975067138672,168.40699768066406,165.3489990234375,166.37950134277344,199312000,276.36923400479174,277.81324087914425,275.1481100528774,276.11724853515625,20944800,352.33946305848326,359.0379050282588,351.2844377176973,354.628662109375,15976200
2021-08-02,134.47409278802186,134.69254605827192,133.15738980965833,134.2128448486328,21634000,143.41851235659007,143.99665116994922,142.33082012109094,142.59539794921875,62880000,167.65499877929688,167.9459991455078,165.85000610351562,166.57400512695312,67078000,277.52241989812205,277.91977013661995,274.9832823711018,276.02996826171875,16267400,356.420186495806,357.71407614594534,349.094695895471,350.2990417480469,13180400
2021-08-03,134.4919946425515,135.08615411628443,132.68514239501812,134.98464965820312,20762000,142.87954029235215,145.0647180561516,142.2621971091317,144.3983917236328,64786600,167.03599548339844,169.5500030517578,164.98849487304688,168.31199645996094,83146000,276.6115458839307,278.3656843436555,275.2353560901446,278.2590637207031,17879000,351.0753773525266,352.1104769103076,346.06897397169024,349.59234619140625,12406100
2021-08-04,134.70547712760563,135.0040526928008,133.84707807248856,134.4825439453125,19676000,144.3102036940969,144.81974208144462,143.34009511643663,143.9966278076172,56368300,168.96749877929688,169.44400024414062,167.2779998779297,167.73599243164062,43678000,277.38672729493874,278.71444185138466,275.86517327482574,277.66778564453125,16191300,350.76687940124015,358.789069072342,349.86114439006076,357.23638916015625,14180600
2021-08-05,135.0348977292048,135.70122193743754,134.20436531020974,135.60317993164062,17870000,144.0260371733782,144.86875375710454,143.2323186955207,144.10443115234375,46397700,167.81100463867188,169.4499969482422,167.04600524902344,168.79949951171875,48670000,278.0264507401339,280.6915815492598,277.27052391184856,280.5849609375,13900200,357.95299838700305,362.192994724439,355.2258306530038,361.2673645019531,10247200
2021-08-06,135.39468924235564,135.8231370611958,134.56664735492504,135.09262084960938,20488000,143.62359013779354,144.3694263865435,142.91700212338765,143.41749572753906,54126800,168.75,168.75,166.45199584960938,167.2469940185547,52752000,279.6060698594421,280.5655072074138,278.7435226702853,280.5267333984375,16589300,359.7047219794249,363.43713130483627,359.7047219794249,361.8048400878906,8925000
2021-08-09,135.29566392097962,136.5312574721782,134.69552108517198,136.26153564453125,17760000,143.47634428340314,143.9670294656135,142.80901962336827,143.36839294433594,48908700,167.1804962158203,167.74400329589844,166.42599487304688,167.093505859375,42964000,280.80776872600615,282.5522055021152,278.927638417484,279.43157958984375,16117600,362.0536350776019,364.0641484534068,359.0577450731845,359.9136962890625,7798900
2021-08-10,136.68849445684972,137.11695747144506,135.7156522799874,136.1560516357422,19414000,143.71189030419347,144.9582349617114,142.59312859632232,142.88754272460938,69023100,167.25050354003906,167.89999389648438,165.75,166.03399658203125,48252000,279.8871893038026,280.3233134627436,276.3983143353152,277.60003662109375,18616600,360.13267225476767,362.39204331354614,357.35578178187507,359.43597412109375,7469900
2021-08-11,136.5287562128905,137.02736417817783,135.6230825969003,135.63055419921875,15352000,143.32916298423876,143.9866794152509,142.81884613683928,143.1427001953125,48493500,166.57249450683594,166.88499450683594,163.88949584960938,164.60549926757812,58944000,278.34616357459697,279.7514257415527,277.03782113911234,278.0942077636719,13955900,360.4013992045629,360.660158892994,356.13151503961376,358.27142333984375,8400300
2021-08-12,135.32850593354098,136.64671242222548,134.78113505145,136.5412139892578,16506000,143.46654431198874,146.27326431640063,143.12305867466128,146.11624145507812,72282600,164.5,165.72549438476562,163.48350524902344,165.1750030517578,46282000,277.784114118174,281.0210324731041,277.50305573152406,280.865966796875,14561300,356.76860255152314,361.29724735900714,355.4348614653854,360.9488830566406,7170700
2021-08-13,136.59693753421325,137.2005580055058,136.3809748009373,137.07215881347656,15948000,146.19475896699817,146.6560042822418,145.5078026382922,146.3223419189453,59375000,165.2834930419922,165.30349731445312,164.14999389648438,164.69850158691406,41134000,280.54614271809214,283.86057886978705,280.3716753608308,283.8121337890625,18249000,361.2673424723939,362.94941726845246,359.7843416445785,361.4763488769531,7195700
2021-08-16,136.87063034656046,137.7041545137353,134.65522403759903,137.65139770507812,22384000,145.77275011469712,148.37339061458732,143.7413212084629,148.3046875,103296000,164.14999389648438,165.0,160.55650329589844,164.94949340820312,66394000,284.14169001710104,285.72139034208413,281.06950827409173,285.5081787109375,22507600,360.81945771500585,365.2287002802001,355.70358454120833,364.84051513671875,11222100
2021-08-17,137.09456747401367,137.60761757330292,135.4345047652253,136.01124572753906,21716000,147.43126177455844,148.85424577061949,146.3125001875388,147.3920135498047,92229700,163.875,164.02450561523438,161.28399658203125,162.09800720214844,67758000,283.36638642170044,284.37426904696963,282.096787928393,284.0350646972656,20075300,361.27727273720564,362.95934738173327,353.40437488086656,356.7685241699219,12328700
2021-08-18,135.85051374450165,136.45214485908588,134.67762388651653,134.8045196533203,19258000,147.00929375834372,147.91215275914686,143.4272826956147,143.6333770751953,86326000,162.09950256347656,162.7050018310547,160.0,160.06100463867188,56086000,283.56902704774615,286.2683885255345,281.85034912127685,282.2970275878906,21813000,354.57885840222,358.17190958763973,353.4840123434971,353.7826232910156,10042400
2021-08-19,133.79582333581308,135.70369399467054,133.61120489783764,135.03439331054688,21782000,142.328139087416,145.24281019262168,141.808014005634,143.96702575683594,86960300,159.7010040283203,161.64999389648438,159.1230010986328,159.3874969482422,75658000,280.3161283728074,288.8414504972894,280.26759054859315,288.1617431640625,29850500,349.70182803327526,355.8926513133757,349.35346380360124,353.4541320800781,12004500
2021-08-20,135.35290154531467,136.89950834428095,134.60647010296915,136.77560424804688,31194000,144.6932629269492,145.7335132179683,144.04555482987226,145.42929077148438,60549600,160.19349670410156,160.3905029296875,158.78799438476562,159.99749755859375,67168000,291.0261609315284,296.96863616381444,289.4143082325147,295.53155517578125,40817600,352.93662103793287,358.3013214154006,351.6526637646161,357.6842346191406,8697700
2021-08-23,137.31302050167736,140.20419691127913,136.95274343167395,139.3751678466797,28454000,145.54706225084624,147.39204365611192,145.13488842138761,146.92098999023438,60131800,160.59500122070312,164.0449981689453,160.50050354003906,163.2935028076172,65362000,294.45381675588874,296.54144712298415,293.09443160748054,295.8132019042969,22830200,357.7539066078678,363.9745885050188,357.41550515759354,361.64556884765625,10942000
2021-08-24,139.94243918319472,141.4039576066751,139.67074315124864,140.58935546875,19268000,146.66581042238676,148.04954634761012,146.37139629315473,146.8326416015625,48606400,164.0,165.77450561523438,163.72900390625,165.28900146484375,51036000,296.1725117107585,296.7842425325187,293.24012116674726,293.8421325683594,18175800,361.95411275476704,366.23392975632663,360.1426428938778,363.7954406738281,9235100
2021-08-25,140.9511195496134,141.51293245081183,140.70331138846305,141.4029541015625,15848000,147.0190838087262,147.519592250737,145.04653487560168,145.59609985351562,58991300,165.49349975585938,166.0500030517578,164.3074951171875,164.95899963378906,33606000,295.47327888586136,295.75487526808433,291.70584939628526,293.2497253417969,20006100,363.8850357201525,369.12034125792337,363.68596173797255,366.6619567871094,9684500
2021-08-26,141.07552321093658,141.73984285117388,140.68438784337567,140.7675018310547,20610000,145.58631977895118,146.34196428288527,144.76195717766552,144.79139709472656,48597200,164.9499969482422,166.60000610351562,164.8000030517578,165.8000030517578,41976000,292.25940248209304,293.65763586776285,290.27859654604237,290.4145202636719,17666100,366.65198237180823,367.70700762023694,362.42191856697195,362.6707458496094,7888700
2021-08-27,140.97848926563262,143.82488149852614,140.8237268532217,143.3188018798828,28780000,144.73250473188153,145.97884935283636,144.0946199514099,145.83164978027344,55802400,166.6614990234375,167.61599731445312,165.6875,167.48150634765625,48048000,290.31734813239905,292.1428207230575,288.2199985366875,291.02618408203125,22605700,363.3873430532159,371.98679751732993,362.37210837469814,370.88201904296875,11219100
2021-08-30,143.7129120778502,145.2759501615927,143.47704025354426,143.9025115966797,24434000,146.22419927229765,150.63055805059383,145.84146538996188,150.26744079589844,90956700,167.8715057373047,172.25,167.76100158691406,171.07850646972656,63844000,292.3856105033149,295.39569682052434,292.3273532534391,294.7839660644531,16348100,370.8123793529136,379.7004828890152,368.7819401554692,378.8743896484375,13547300
2021-08-31,144.4563572184306,144.48073104359895,143.5944805370566,144.0089874267578,22448000,149.81601938873746,149.953410655414,148.4715316635546,149.00148010253906,86453100,171.24000549316406,173.62899780273438,169.7794952392578,173.5395050048828,87128000,295.5898670496247,295.6675334947297,292.7545528691658,293.12353515625,26285300,378.16767522953234,380.96449115266233,377.02304555417845,377.600341796875,12345400
2021-09-01,144.31006164544272,145.55809268141408,144.19411512479778,144.5245361328125,21936000,149.98285372785378,152.0927942907588,149.50197679710354,149.66880798339844,80313700,174.82000732421875,176.35000610351562,173.76199340820312,173.9499969482422,72598000,294.0848845637136,296.3375972692619,292.7449083917516,293.0750427246094,18983800,377.8093910494116,382.5271466312402,377.03305113880157,380.2578430175781,11567200
2021-09-02,144.52503156593625,144.8270847688829,142.50368970947488,142.60520935058594,32342000,151.00345455998809,151.8376253671697,149.560838913159,150.7875518798828,71115500,174.73800659179688,175.59800720214844,172.75,173.156005859375,58474000,293.43426438203664,294.5605908301483,291.47283843482785,292.4147033691406,16285600,379.7104160101812,379.9592432814854,372.3053139862149,373.51959228515625,14832900
2021-09-03,142.3996811332552,143.46906174741412,141.72290890072952,143.0555419921875,19850000,150.89551239584583,151.74931485528106,150.2379960026413,151.4254608154297,57808700,172.60000610351562,174.1334991455078,171.82200622558594,173.90249633789062,51514000,292.25944805692006,293.8227636638993,291.5506414659664,292.4051208496094,14747900,372.99209911797016,375.3907977832461,371.3597775534473,374.4950256347656,7509600
2021-09-07,143.15013233728385,143.87715585750084,142.93565781716802,143.59400939941406,20124000,152.08297672118582,154.33030841689003,151.5137800748948,153.77093505859375,82278300,173.89999389648438,176.4044952392578,173.8470001220703,175.46449279785156,54758000,292.27878060336405,292.35644704982093,289.5502910738507,291.47283935546875,17180400,374.11677213977373,381.1635468785225,371.3995674871091,380.38720703125,10793800
2021-09-08,143.41435941010917,143.71291982188708,142.31958727963766,143.00729370117188,18344000,154.0555098943376,154.1143897180931,151.11139891038036,152.22035217285156,74420200,175.58250427246094,177.281494140625,174.7834930419922,176.27499389648438,61068000,291.08440255390923,291.89031404400026,288.84141015287423,291.5019226074219,15046800,378.3767055286841,379.08336647443883,373.03190060030323,375.7988586425781,11067200
2021-09-09,143.15607613822618,143.6238409930003,142.49623642197608,142.85800170898438,15314000,152.59329705325342,153.20174194196827,151.0819781706379,151.1997528076172,57305700,176.30099487304688,177.49949645996094,174.01849365234375,174.20799255371094,54384000,292.0943231689544,293.3760419262117,288.38512023463784,288.62786865234375,19927000,375.86854046444216,378.04823943366733,374.80355244505876,376.2268371582031,9098900
2021-09-10,143.5262995648744,144.0299038130707,140.0683446245425,140.2056884765625,36840000,152.11241016755477,152.58346376101343,145.92977372713005,146.1947479248047,140893200,175.0915069580078,175.42250061035156,173.14549255371094,173.45750427246094,47946000,289.7638905014579,291.2203807373497,286.8120619929871,287.1324768066406,19633400,379.5710937509483,381.9897181393809,376.4856595969932,376.91363525390625,11549600
2021-09-13,141.2740697555955,142.26981270269945,140.5779046748235,141.65525817871094,22094000,147.82384373270557,148.5991198416723,145.97886239429423,146.7639617919922,102404300,174.13999938964844,174.8979949951172,171.89999389648438,172.85850524902344,51380000,288.91912023075906,289.88042399953457,285.54977141202284,288.3753662109375,23652900,379.88959737494787,379.9592763068309,372.5939945109352,374.7438659667969,13026300
2021-09-14,142.31509952248697,142.68085878606388,141.075527179142,141.86624145507812,19674000,147.5490317533872,148.25561957289722,144.17311549895538,145.36056518554688,109296300,173.77749633789062,174.3404998779297,171.885498046875,172.5,38738000,290.870838052277,292.6477729197862,289.45319570500504,291.09417724609375,21853400,375.62964696424973,376.81406721910173,373.3503806283047,374.76373291015625,8711600
2021-09-15,142.09216342027784,143.76317524274404,140.67494311484762,143.74227905273438,27408000,145.79240150994914,146.6560123561671,143.64319768326396,146.25364685058594,83281300,172.12600708007812,174.27099609375,170.10049438476562,173.7895050048828,59150000,294.4635238634247,296.4637682765353,293.0652907314132,295.978271484375,28356300,375.2315237135987,375.7888943692672,365.9453033482442,372.1659851074219,17940300
2021-09-16,143.2655612442223,143.6134008192354,141.72393564031694,142.9266815185547,26190000,145.67459581875838,146.1947208301345,144.47732296911346,146.01806640625,68034100,172.9980010986328,174.62750244140625,172.3070068359375,174.41200256347656,51672000,294.94902633781703,296.4540545695595,292.0360455287363,296.3666687011719,19550800,371.04130554118336,371.8076826498412,367.9757363577028,371.3100280761719,11934200
2021-09-17,142.34993679970833,142.7674353957721,139.80161903772358,140.1300506591797,53384000,146.04756618473306,146.04756618473306,143.04455985172558,143.33897399902344,129868800,174.42050170898438,174.87049865722656,172.60650634765625,173.12600708007812,92332000,295.3471966291584,295.66761154430935,290.8417711820841,291.1719055175781,41372500,369.66774485550087,369.66774485550087,359.8938025108812,363.0091247558594,26299000
2021-09-20,137.50410463134253,138.33861588686366,135.6733644328631,138.0594482421875,46518000,141.12107882598275,142.14169754222866,138.63821269534515,140.277099609375,123478900,169.8000030517578,170.9499969482422,165.25050354003906,167.7864990234375,93382000,287.7344515322285,290.0551399039213,281.1219890706209,285.7633361816406,38278700,357.6145213036562,359.3364168554097,348.1590855457727,354.03143310546875,19822800
2021-09-21,139.08454245988372,139.3453044410875,137.62004753126166,138.3714599609375,25332000,141.24865034298253,141.9061817623882,140.1200802460814,140.75796508789062,75834000,168.75,168.98500061035156,166.6195068359375,167.18150329589844,55618000,287.1130998945458,288.90944398064477,285.5400950040545,286.2489013671875,22364100,356.8183661212892,358.351150871113,353.5238949337777,355.80316162109375,11751900
2021-09-22,138.64116573837745,140.21662611033688,137.89224384770964,139.61599731445312,25056000,141.75896115358555,143.70207048798758,141.0229333023473,143.1328887939453,76404300,167.5500030517578,169.4499969482422,167.05250549316406,169.00250244140625,48228000,288.12296639713196,291.5117248704752,285.9673592342835,289.9192810058594,26626300,345.60119874714525,348.1989409862169,339.09186855842904,341.60003662109375,43692900
2021-09-23,140.31665427035742,141.0222803318082,139.73344404192838,140.5440673828125,20952000,143.9179500495402,144.3399470698202,142.92677142673216,144.0946044921875,64838200,169.00250244140625,171.447998046875,169.00250244140625,170.8000030517578,47588000,290.1814524287198,292.17197751848266,288.8997337245694,290.870849609375,18604600,343.7399666153922,348.0297771604864,341.3910515112491,344.337158203125,21806300
2021-09-24,139.869793451718,141.65327424223068,139.57370839647646,141.53831481933594,22984000,142.94644656260382,144.72272496973713,142.84830351185056,144.18296813964844,53477900,170.10049438476562,171.46299743652344,169.6699981689453,171.2760009765625,42324000,289.5794839017477,291.10392160639424,288.31717421605936,290.6669921875,14999000,341.62988512267395,352.6877849976096,340.7639710672077,351.3042907714844,18801900
2021-09-27,140.13452783317547,141.26313470256505,139.40103511550925,140.4007568359375,21882000,142.75994722486152,143.24082409127374,141.14069212341911,142.66180419921875,74150700,168.5749969482422,170.77850341796875,166.98049926757812,170.2899932861328,72690000,287.550096375235,287.8705112667185,284.4429045976357,285.6372375488281,23571700,348.1690520636645,353.4839986802928,345.45184745582867,351.9213562011719,15205800
2021-09-28,137.99525571421634,138.43465279850446,134.71593568317124,135.18370056152344,45772000,140.58132931134702,142.05338511565432,139.0503936707916,139.26629638671875,108972300,167.885498046875,168.45950317382812,164.5050048828125,165.79800415039062,88616000,281.3939510654787,282.3455355207805,274.5484576093365,275.2961120605469,43186200,346.3377022356965,347.9600608981267,337.33016719968083,339.0520324707031,21710300
2021-09-29,136.3282160833576,136.4984076534218,133.2280476280008,133.71421813964844,30848000,139.81583449417113,141.75894358779652,139.3840291456937,140.16912841796875,74602000,166.10549926757812,167.56500244140625,164.89349365234375,165.05599975585938,51246000,276.83033664890854,278.45187969106695,274.80096317494525,275.7622375488281,26353700,341.54034027057156,343.61060038209627,337.2903809914785,338.0169372558594,14452200
2021-09-30,133.622656505888,134.89755184426153,132.92050809949572,133.03993225097656,37996000,140.98370142931665,141.69028944644563,138.6480346518888,138.8639373779297,89056700,165.8000030517578,166.3925018310547,163.69949340820312,164.2519989013672,56848000,277.42259845518674,279.4811003337077,273.45123782495057,273.7425537109375,32343600,338.85302947300704,341.1919817947308,336.56380008711335,337.7980041503906,16547100
2021-10-01,133.80776143606408,136.25905453272804,133.43504691909288,135.89329528808594,35360000,139.25644963882814,140.25745160999782,136.51843289284824,139.9924774169922,94639600,164.45050048828125,165.45849609375,162.7969970703125,164.16299438476562,56712000,273.93665816014027,281.56868182930157,273.13074666198577,280.7142028808594,30086300,340.0075134751669,343.4015210153792,337.0514747258183,341.4009704589844,14905300
2021-10-04,135.31355994072126,135.31355994072126,130.4264333828189,133.0235137939453,51202000,139.11906783458025,139.56069651109203,135.69409459126777,136.54788208007812,98322000,163.96949768066406,163.99949645996094,158.8125,159.48899841308594,90462000,279.0635505147171,279.40340419607827,272.1209523056505,274.8979797363281,31350700,333.9560697510419,334.3641501375341,321.18626703229666,324.69970703125,42885000
2021-10-05,133.40319914581136,136.57155342877454,133.40319914581136,135.37576293945312,32404000,136.89138564675028,139.59015470334057,136.76380268131754,138.481201171875,80861100,160.22500610351562,163.0364990234375,160.1230010986328,161.0500030517578,65384000,275.8107835497118,281.9766002517798,275.8107835497118,280.3841857910156,24993000,327.0386733051586,333.6077198938345,324.6300421264469,331.39813232421875,35377900
2021-10-06,134.10883795724234,137.09456347762622,133.90979262645382,136.9104461669922,24364000,136.87174803273044,139.50181384644353,135.79223446768353,139.3546142578125,83221100,160.67649841308594,163.2169952392578,159.93099975585938,163.10049438476562,50660000,277.49057010387935,285.1128763474515,277.2284124803731,284.6079406738281,28002600,328.1932212833495,332.8114702048413,324.27170089939403,332.074951171875,26443000
2021-10-07,138.23112248140887,139.37565966392003,137.99127188020964,138.5625457763672,25110000,140.39483345627966,141.5332266041183,140.06117114642012,140.62054443359375,61732700,164.57699584960938,166.28750610351562,164.1529998779297,165.1215057373047,48182000,286.61786966801316,288.0355415897374,285.39443794207716,286.2974548339844,20430500,335.4191626696661,337.25052774673,327.4367947183731,327.6756591796875,28307500
2021-10-08,138.91287261391636,139.66328280927024,138.55508607158956,139.12039184570312,26526000,141.3467614453176,141.49396099877396,139.9041459233565,140.23780822753906,58773200,165.85000610351562,166.07150268554688,164.41000366210938,164.43099975585938,39964000,287.62771125951105,288.0355415897374,285.2390754178181,286.2974548339844,17685700,329.95494323578305,331.83606171861595,327.16805941478225,328.50177001953125,15946100
2021-10-11,138.62921329433456,140.04245467587032,138.1982597915222,138.2530059814453,17954000,139.61958738462852,142.11226190434272,139.16815035886378,140.14952087402344,64452200,163.75,164.62950134277344,161.90499877929688,162.31500244140625,40684000,284.42346580912283,289.3269717647659,284.2583838545495,285.6954650878906,19298600,326.09313698727885,328.90984847654573,323.7840125026073,323.9233703613281,14708200
2021-10-12,138.81631197535404,138.84319152031614,135.1140115321381,135.79974365234375,36332000,140.56169197186182,140.58132357465212,138.41248818935148,138.8737335205078,73035900,162.85000610351562,163.37649536132812,161.81399536132812,162.3665008544922,36392000,286.7732490189577,286.87035430636377,283.86998760946784,284.3846130371094,17974100,321.51470167904193,322.858375056985,315.8812484524,322.251220703125,31658700
2021-10-13,136.74868739639234,137.34334792793805,135.86939224758427,136.92733764648438,19654000,138.6087661510849,138.7657740406363,136.60676207042818,138.284912109375,78762700,163.48550415039062,164.41900634765625,163.05450439453125,164.21400451660156,48402000,286.3557636342251,288.65701402642674,284.9769395034044,287.71514892578125,23416300,325.43620235208436,325.4660604087046,321.1464227625839,323.0176086425781,14761500
2021-10-14,138.81036282552063,140.66499093729985,138.16444879019394,140.47938537597656,31894000,139.4625622924774,141.1995922695785,138.8737340029269,141.08181762695312,69907100,165.12249755859375,165.6300048828125,164.53900146484375,164.9929962158203,42190000,290.53099699177517,294.47322877603534,289.1910210354,293.96832275390625,27262900,326.81967569282114,328.9695469555759,325.56560690369787,326.9888916015625,14302200
2021-10-15,140.9406758382608,141.04368373195877,140.08526840258062,140.69534301757812,30274000,141.09163451508613,142.20057294661328,140.83646861307787,142.14169311523438,67940300,165.5709991455078,170.52099609375,165.1999969482422,170.4510040283203,103598000,293.5702328432472,295.61904496704665,291.8030171906076,295.385986328125,25384800,327.13819756318094,327.52638270361007,320.9971572406713,323.2366027832031,21596400
2021-10-18,140.40525162995812,142.11656777105117,140.39828117047438,142.09864807128906,20396000,140.77755528341294,144.10439973541497,140.4929645079589,143.81980895996094,85589200,169.41799926757812,172.45849609375,169.2550048828125,172.33700561523438,63482000,294.76449007822515,299.26988429802725,293.9100110971329,298.3765869140625,22729300,327.4069281434316,334.31437546469414,325.96371785354785,333.7669372558594,21585000
2021-10-19,142.7052317803547,142.97893238940557,141.92148796786472,142.55545043945312,20164000,144.27126443259647,146.39102819802582,143.81984241142754,145.98866271972656,76378900,171.71449279785156,172.7344970703125,171.10000610351562,172.20750427246094,47722000,299.40591269593574,300.3283389295829,298.308685076048,299.2893981933594,17682100,338.0567096550207,340.85352562989857,335.69783208807735,338.3951110839844,18786300
2021-10-20,142.65595589699134,142.8629739512192,140.70378718712195,141.09442138671875,23288000,145.92977457496073,146.96021648343887,145.36057794956784,146.47933959960938,58418800,172.63299560546875,173.14300537109375,170.01849365234375,170.7530059814453,42796000,300.2408180094657,300.7166248574776,297.23073297316415,298.4930419921875,16537100,341.8389156097861,342.3664282071074,337.8576792905546,339.1814270019531,13639500
2021-10-21,141.0944288032196,141.47959599698243,139.8314697814444,141.21087646484375,26292000,146.03770467594566,146.85224378133293,145.11521424395232,146.69522094726562,61421000,170.71249389648438,172.01400756835938,170.14999389648438,171.75050354003906,37628000,298.260078149805,301.99837931508694,297.4735461748686,301.7459411621094,16918100,338.68377502016017,340.7042512524541,336.21539754880064,340.2762756347656,16354400
2021-10-22,138.48790317640055,139.9140834710367,135.40863059451328,136.9119415283203,50588000,146.9013226931811,147.3821845567822,145.8708808826435,145.91995239257812,58883400,171.0500030517578,171.49200439453125,166.56500244140625,166.77749633789062,62782000,301.396374745661,302.0663626274096,298.8717857336601,300.1923522949219,17449300,324.81910812324077,328.08372052774797,319.6036681497027,323.0872497558594,35224500
2021-10-25,136.89552127951956,137.3433770805887,134.77963003259802,136.7930145263672,34412000,145.91014361287867,146.5872915835432,144.86989338673706,145.8708953857422,50720600,166.75,167.38999938964844,164.88499450683594,166.01849365234375,44520000,300.38659453701393,300.42544258178543,297.57071875478204,299.1922912597656,17554500,318.79747485967215,328.01404633317867,318.2202089785061,327.14813232421875,38409000
2021-10-26,138.60086108273072,139.4164503216993,137.6464245564592,138.64564514160156,49236000,146.54804683877686,148.02991078440542,146.23400111612685,146.53823852539062,60893400,167.47549438476562,170.80599975585938,167.19900512695312,168.80349731445312,53966000,301.9790362502908,303.3384214837848,299.6486573311045,301.1148376464844,28107300,326.7201939307644,328.6610285642443,308.14772139721987,314.3285827636719,65654000
2021-10-27,138.7416746268211,147.9426797249673,138.7416746268211,145.52175903320312,85782000,146.57745876058235,146.94056095534364,145.72367144878302,146.07696533203125,56094900,169.39999389648438,171.85000610351562,168.57249450683594,169.62449645996094,54044000,306.8339533893283,316.6409939019804,306.8339533893283,313.7959899902344,52588700,312.71616171036374,317.75242321611404,310.596148513885,310.7554016113281,29971800
2021-10-28,146.43441987780875,146.45780660368192,143.93884362054138,145.155029296875,36206000,147.0288930371917,150.31647427805345,146.9307500257243,149.7276611328125,100077900,170.10499572753906,173.9499969482422,169.3000030517578,172.32850646972656,114174000,314.92233362468943,315.44667845305815,312.03848151721985,314.9417724609375,26297900,311.5217921951883,323.9930142716743,306.6646788227235,315.4333801269531,50806800
2021-10-29,144.38768811776507,147.53663452924428,143.96122969299242,147.34156799316406,43320000,144.47735511008415,147.14668386300448,143.68244746206824,147.00929260253906,124953200,165.00100708007812,168.74099731445312,163.66600036621094,168.6215057373047,129722000,314.72818243443317,322.3698978624627,314.5048432230782,322.00091552734375,34766000,318.6880353123913,324.4707789739673,318.10080656592766,322.05218505859375,37059400
2021-11-01,147.34155944199966,147.34155944199966,142.54398596575396,142.81419372558594,46924000,146.214391698361,146.9111563462423,145.0465584432789,146.18495178222656,74588300,168.08999633789062,168.79299926757812,164.6009979248047,165.90550231933594,72178000,321.74846062208786,321.874694545215,316.90321150510107,319.8161926269531,27073200,324.51060836972124,331.8858529206723,324.470787498318,328.43212890625,31518900
2021-11-02,143.8915557038086,145.91139413679633,143.6487134318496,144.74049377441406,33482000,145.89052488768692,148.7463162991763,145.8807016001512,147.22518920898438,69122000,165.75050354003906,166.55599975585938,164.17750549316406,165.6374969482422,52552000,320.7288929925852,323.7778271139183,320.4278873477877,323.46710205078125,26487100,329.8255232508698,333.2195308118883,322.2810635186287,326.5409851074219,28353000
2021-11-03,145.20627603308367,145.97112823745937,143.90301282793487,145.9004669189453,27494000,147.5883026678542,149.13886978936398,147.02892929321277,148.66781616210938,54511500,165.4499969482422,169.74600219726562,164.87600708007812,169.1999969482422,67944000,324.2147538453636,325.18574743557576,321.05902467717414,324.3118591308594,21500100,325.9537607315269,330.5919046870114,321.68390664997906,330.06439208984375,20786500
2021-11-04,146.42446016537954,149.02105497248002,145.61184735875466,147.56202697753906,38412000,148.7561193854356,149.59027519786,147.83362886091194,148.14767456054688,60394600,168.5,174.93150329589844,168.25,173.85000610351562,107060000,323.2340758588148,326.77819659570866,319.9521127279951,326.68109130859375,23992200,332.44323190531827,335.6879192065325,331.08959561370864,334.27459716796875,22495300
2021-11-05,148.45973203004758,149.61222689434263,147.49187081875615,148.1437530517578,38354000,149.27791606706361,149.58258253436696,147.47938515102905,148.67840576171875,65463900,173.85000610351562,178.3125,173.8489990234375,175.94949340820312,99940000,328.69108015844176,328.96295720359575,324.71971956241055,326.3121337890625,22570100,338.7136244356057,345.1632380917071,338.0467843737886,339.52978515625,26872800
2021-11-08,149.112081923021,149.89833135582407,147.72421666895772,148.32186889648438,23052000,148.80614872335738,148.96340074214248,147.5776454448072,147.8528289794922,55020900,176.16200256347656,178.9499969482422,174.39300537109375,174.44900512695312,61480000,327.51612404867024,327.8559777295639,324.7390966218129,327.2151184082031,20897000,342.8043970938723,343.17265662621725,336.752900341226,337.0315856933594,18342500
2021-11-09,148.5229328971828,149.1215723447412,146.54438548306328,148.20993041992188,19530000,147.61693578465963,148.82577868756664,147.47934403145373,148.21644592285156,56787900,175.7624969482422,179.68850708007812,175.07150268554688,178.81149291992188,85898000,327.331648801366,328.89496395648536,324.8264982710298,326.205322265625,21307400,338.4051000400022,339.70895255432004,332.9010418337403,333.79681396484375,17556700
2021-11-10,146.7981726497593,147.3654677927579,143.84977474813238,145.19931030273438,29970000,147.44002018811636,147.54812905192819,145.30734078053283,145.37612915039062,65187100,178.19349670410156,180.2725067138672,173.1544952392578,174.1024932861328,80548000,324.8653463513802,324.92360359867104,320.3502318920936,321.2046813964844,25500900,330.9303441877636,331.6270727733225,323.9831054533913,326.1031188964844,21872600
2021-11-11,145.79247347289703,146.83350160452082,144.9076959932882,145.07290649414062,16518000,146.3983080486063,146.86021155645847,145.14030669919578,145.32704162597656,41000000,175.64999389648438,177.16200256347656,173.37350463867188,173.625,45288000,321.64161873709384,324.08851185575685,320.9230929806138,322.7873840332031,16849800,328.2728662117516,330.9004665335805,325.4660871610513,326.2026062011719,12376600
2021-11-12,145.91787942176632,148.14175966941576,144.71911228012596,147.97056579589844,22360000,145.8773986754407,147.81352120891913,144.9437391025949,147.41058349609375,63804000,174.25,177.0364990234375,172.3524932861328,176.25750732421875,53788000,324.2342021332131,327.44818863991225,324.1079682216262,326.9529724121094,23831000,328.6311420434949,340.25634471248503,328.23302448965154,339.2909240722656,25414300
2021-11-15,148.19201883124393,148.83793291081147,146.87282516364763,147.7456512451172,23508000,147.78404236912726,149.26808409571646,146.86020539939403,147.42041015625,59222800,176.85000610351562,179.69400024414062,176.29049682617188,177.28399658203125,58594000,327.7492308602587,328.0793651715048,324.34103339663125,326.3218688964844,16723000,342.72476020032593,351.9910862579114,341.59012352716536,345.9296569824219,25076600
2021-11-16,147.4445757053599,148.05465028259903,146.61155275810987,147.17237854003906,18904000,147.36141469432596,148.88476162488783,146.771727173987,148.40318298339844,59256200,176.9499969482422,178.8249969482422,176.25750732421875,177.03500366210938,44342000,325.9431262382948,330.7884044776103,325.7780739195618,329.66204833984375,20886800,342.21714093064026,345.02392009937563,339.27103427183937,341.3512268066406,18181100
2021-11-17,147.3231518704208,147.8526181995971,146.53940806481458,147.34255981445312,19594000,148.40321853171864,152.33442961865157,148.39339590269816,150.85040283203125,88807000,178.23599243164062,179.3625030517578,177.2675018310547,177.4499969482422,51206000,329.7106812218678,332.87218386614865,328.7962750052104,329.8857727050781,19053400,342.625171308437,345.6708145150928,338.50460771242905,339.17144775390625,13602800
2021-11-18,147.5361479348524,149.86402315462868,147.18085193421385,149.12554931640625,35608000,151.06658220398245,155.9412743134846,150.4179289405513,155.155029296875,137827700,178.3175048828125,185.2100067138672,178.0500030517578,184.80299377441406,114070000,328.9713476663331,333.12509451765436,327.9402138531985,331.9772033691406,22463500,338.12639391995214,340.85353101519553,333.7271145250758,337.1012268066406,17487200
2021-11-19,149.261884915546,150.24818207871883,148.19051474348757,148.21788024902344,33682000,154.93883421945299,158.25088939976666,153.83810003292044,157.78897094726562,117305600,185.63450622558594,188.1074981689453,183.78599548339844,183.82850646972656,98734000,333.3099164573995,335.7029222691092,332.8818952960747,333.76708984375,21963400,340.594772512091,350.4483261320839,338.305543449234,343.6802062988281,26488500
2021-11-22,148.62194801430306,149.11657722814311,145.45210536092236,145.60586547851562,30594000,158.89952335376228,162.85039415850727,158.23122475801478,158.25088500976562,117467900,183.81900024414062,185.67300415039062,178.375,178.6284942626953,96844000,335.23605452302024,340.1485617416483,330.30410258797383,330.57647705078125,31031100,347.4126020237898,352.1701779345818,338.9126848444051,339.41033935546875,27116800
2021-11-23,145.45758531028238,145.96217670595368,143.4292879620821,145.08834838867188,27218000,158.34916461294523,159.01747824025801,156.32459347097884,158.63418579101562,96041900,179.2519989013672,181.05250549316406,176.385498046875,179.0019989013672,73804000,327.8721963877755,330.2068687050055,324.4772377615812,328.48504638671875,30427600,337.3400806224814,339.7984951297118,331.93555990548555,335.66796875,17225000
2021-11-24,144.7813049279646,145.5536135443126,143.6860469047569,145.4247283935547,18040000,157.9855374355737,159.35163261820963,156.89462581516804,159.1550750732422,69463600,178.1334991455078,180.6820068359375,176.84249877929688,179.02049255371094,46560000,327.1230898888703,328.95190221343387,324.8176297706052,328.7087097167969,21661300,334.4238820585881,340.176767862357,331.24884336742304,339.46014404296875,13566200
2021-11-26,143.66164728918483,143.86965244762047,141.16757477802446,141.50645446777344,30470000,156.82584169085234,157.69069791152225,153.67103827148128,154.11329650878906,76959800,180.10499572753906,181.6750030517578,175.20750427246094,175.22799682617188,59826000,325.24573087514545,328.7282352207839,319.1853616823268,320.702880859375,24217200,334.22476346651024,336.16562824418753,330.3430642855771,331.5573425292969,14750700
2021-11-29,143.31480818794302,145.6013766551945,143.208808626935,144.83802795410156,32596000,156.62925022109002,158.41795820454487,156.05922289657292,157.4842987060547,88748200,177.3820037841797,179.8000030517578,176.5749969482422,178.07850646972656,65312000,325.8195783761422,329.7982040185201,325.62501250616555,327.46356201171875,28563500,335.3096689365276,339.0719358015434,333.73706368177574,336.4443054199219,16650900
2021-11-30,144.31852565043738,145.30530878621673,140.9277390064455,141.2223358154297,42068000,157.23859590016,162.6734931658107,157.1697925187928,162.457275390625,174048100,178.1750030517578,179.2884979248047,174.60049438476562,175.35350036621094,80022000,326.1892561785547,328.58226215914226,320.0316052151952,321.5880432128906,42885600,333.4285233925623,334.2347212729011,321.91279068284473,322.9379577636719,25390000
2021-12-01,143.31481246492976,145.2560319905602,140.24150848223852,140.38034057617188,34020000,164.59980373493542,167.37131474483905,161.70053856245917,161.93641662597656,152052500,177.25,177.99400329589844,172.0800018310547,172.18600463867188,74916000,326.00445640096814,330.0414464781885,320.4207653890021,321.0919494628906,33337600,328.7406435259103,328.94964992722845,308.8344619871975,309.14300537109375,30329600
2021-12-02,140.57788275581626,143.17994398789597,139.54730286161146,142.2857208251953,29194000,156.01012719413941,161.3762222672704,155.08629013119497,160.94378662109375,136739200,173.0,174.63499450683594,171.1875,171.8679962158203,64726000,321.3059467639453,324.40908570580257,318.87402155475235,320.51800537109375,30766000,309.93926258086293,313.1242640039096,305.75898238434195,308.93402099609375,24396200
2021-12-03,142.99734930425885,143.7129223894223,139.6334268670618,141.32583618164062,41230000,161.19931100266786,162.1231479856483,156.97325618498053,159.05679321289062,118023100,172.75,173.49349975585938,166.92999267578125,169.489501953125,80712000,322.9499026171155,323.64059069106463,309.37004173706174,314.2144470214844,41779300,312.25832891335966,312.2782241601873,298.09506975609906,305.400634765625,27471000
2021-12-06,142.3598740528149,143.1680068287507,139.4831248653476,142.4738311767578,30618000,161.46465859062198,164.99293189077792,161.4548359617341,162.47695922851562,107497000,169.64999389648438,173.69549560546875,166.9344940185547,171.36849975585938,68860000,315.12886594094084,318.5335610767089,310.53739017038447,317.307861328125,30032600,306.68457552374605,318.59842579868507,304.90296385956543,316.3788757324219,21758300
2021-12-07,144.90371251975077,146.82901692453825,144.53646503259998,146.56875610351562,32240000,166.17226851871695,168.62927506471814,165.44498918240458,168.23614501953125,120405400,174.60000610351562,177.49949645996094,173.33450317382812,176.1645050048828,66410000,322.60954663503543,326.6562448345691,321.1114721067913,325.80023193359375,31021900,320.06154181704915,325.00822906181776,319.4942083628053,321.29571533203125,18794000
2021-12-08,146.89422568664764,147.68694465038618,145.7093993734124,147.48141479492188,24270000,169.16982694435688,172.93396293794615,167.76441134011625,172.069091796875,116998900,176.15049743652344,177.17999267578125,174.75050354003906,176.1580047607422,45254000,326.17949310701954,326.36432177445636,321.7922910850989,325.8487548828125,24761000,323.4754828149364,331.1891289436003,321.5545433914668,329.0093994140625,19937700
2021-12-09,146.88874530148956,148.39056794652467,146.41501223970755,146.93601989746094,23270000,171.90203139222558,173.7103848403719,170.92905127787418,171.55804443359375,108923700,175.75,176.96949768066406,174.13949584960938,174.17100524902344,46062000,325.30401993120887,327.3273684732717,323.0763683143852,324.0296936035156,22214200,327.99417233043374,334.55325571472747,326.4613877975214,328.2728576660156,16879200
2021-12-10,147.9924650222129,148.26864100016783,146.00596003616434,147.2972869873047,24458000,172.19686362537885,176.54084965789616,171.68580203438307,176.3639373779297,115402700,175.41700744628906,175.927001953125,170.5,172.21200561523438,60690000,325.8584777629051,333.66008181675716,325.67364910359026,333.2126159667969,38095700,330.9999714864247,333.4583860270374,324.83900610680064,328.2031555175781,14528000
2021-12-13,147.07832912609447,147.2659392631252,144.82510920852434,145.1326446533203,27070000,178.00522669948663,178.99786706027314,172.51136300579722,172.71775817871094,153237000,172.0,172.10000610351562,169.1300048828125,169.5675048828125,62170000,331.40325590752553,334.4285858567901,329.846818066805,330.1581115722656,28899400,329.39752643917353,339.48994392712973,328.04389040143656,332.9208984375,22948700
2021-12-14,143.28298915319172,143.7925464490647,140.543082230658,143.22227478027344,38446000,172.23616209992724,174.68334606426572,169.248448682449,171.3319854736328,139380400,167.5500030517578,169.49899291992188,166.44000244140625,169.0915069580078,55976000,324.14641424921746,325.52776068430427,315.284464285477,319.3992919921875,44438700,326.5111274523815,334.1252661184989,326.11300990025524,332.1744384765625,20461000
2021-12-15,142.7266307700602,146.02286815487585,141.00386438529304,145.74420166015625,36370000,172.0986064231299,176.41311030368223,169.34675546368476,176.216552734375,131063300,168.59800720214844,173.60000610351562,165.19500732421875,173.31500244140625,75794000,319.6619364552254,326.06277969983233,315.6638659922189,325.5374755859375,35381100,330.93031416613354,340.50518288372535,322.4602543483379,340.05731201171875,24681300
2021-12-16,146.47021601496812,146.9743061642129,142.92366527464372,143.7576904296875,33650000,176.1968873784398,178.02490121320892,167.81358057072268,169.297607421875,150185800,173.36849975585938,174.16600036621094,168.16050720214844,168.87100219726562,60876000,326.56862022175784,327.5900465707224,314.22416609950005,316.052978515625,35034800,337.38991901847066,342.844193921568,332.17447822592237,333.32904052734375,22635000
2021-12-17,141.82196554942942,143.15011897500315,140.62767835046085,141.0506591796875,50416000,167.00765577116044,170.48678573043304,166.77179272061935,168.1968536376953,195432700,167.7104949951172,170.89849853515625,165.61349487304688,170.0175018310547,85542000,312.1424081741553,316.0724068561132,308.6112487109197,314.9828796386719,47750300,331.23886647028985,335.528646392657,329.1984949025982,332.2242431640625,40012600
2021-12-20,139.33384883079916,141.09991095324537,138.65807881354345,140.93319702148438,27192000,165.38602841932968,167.64647750919124,164.58013804602012,166.83074951171875,107499100,166.85000610351562,167.87449645996094,165.60000610351562,167.07899475097656,57372000,311.3350859631481,314.01020397300255,308.9226349027698,311.19891357421875,28326500,328.23304555413574,328.3524777905111,321.01705432035544,323.9233703613281,17901800
2021-12-21,141.37757108055172,143.18443842835646,139.83395623082816,142.78982543945312,28756000,168.60964463381248,170.22144061319776,166.21160342137523,170.0150604248047,91185900,167.85049438476562,170.7165069580078,165.6475067138672,170.41700744628906,55956000,314.48681919977093,318.80592034156524,311.0918317389369,318.3778991699219,24740600,324.87885757202804,334.4238685074129,322.2313316347468,332.63232421875,16116800
2021-12-22,142.38676234044013,145.80292498957579,142.38676234044013,145.71832275390625,26322000,170.06416810864746,172.8356788475582,169.18947432865244,172.6194610595703,92135300,169.27000427246094,172.0500030517578,168.50050354003906,171.03700256347656,55036000,319.3603867790755,324.52579322794156,316.879835094261,324.1269836425781,24831500,332.23416350993966,332.9408548364397,326.72017299739485,328.89990234375,16764600
2021-12-23,145.80293088513884,147.53813480597037,145.75515514574224,146.2174530029297,26384000,172.82587612087696,173.80867890803833,172.2558487047577,173.24847412109375,68356600,170.42799377441406,171.97500610351562,170.14999389648438,171.06849670410156,36788000,323.6892093705167,327.23010633114734,323.6697646581755,325.5763854980469,19617800,328.5515463551032,335.09073455875176,326.81968783291677,333.66741943359375,13987700
2021-12-27,146.55534121117975,147.6381618712238,146.46925071959046,147.20274353027344,15976000,174.0445345083678,177.3172694486978,174.02488925086175,177.22882080078125,74919600,171.03700256347656,172.9429931640625,169.2154998779297,169.66949462890625,58688000,326.3254689944231,333.15433450517634,326.2962870771374,333.1251525878906,19947000,337.2604890897512,346.23816609001614,336.4244331043662,344.55609130859375,17795000
2021-12-28,147.53063903434503,147.5933427837578,145.35953120229175,145.989013671875,18200000,177.0617441326432,178.21162153170226,175.45977087759823,176.20669555664062,79144300,170.1824951171875,172.17599487304688,169.135498046875,170.66099548339844,54638000,333.8061128035597,334.44814474528636,331.0531859966916,331.9578552246094,15661500,345.0040276764297,351.05549415683265,343.5807428316595,344.595947265625,16637600
2021-12-29,145.9467357429029,146.7155667093918,144.95448562894353,145.95718383789062,17788000,176.2460228777558,177.52366948045372,175.076485179818,176.295166015625,62348900,170.83999633789062,171.21200561523438,168.60049438476562,169.2010040283203,35754000,332.0064086237529,334.9247187951422,330.4305258810565,332.63873291015625,15042000,345.2826770965245,348.0496351280249,340.0374091719874,341.331298828125,10747000
2021-12-30,145.99600389046415,146.5991232280735,145.29983879730824,145.50485229492188,15688000,176.38356989658638,177.46465866978764,175.0272976168205,175.13540649414062,59773000,169.6999969482422,170.88800048828125,168.5240020751953,168.64450073242188,37584000,332.59976224310805,333.7865427163204,329.59390679487103,330.0802917480469,15994500,342.38636269375684,345.60122232477363,341.61002273750967,342.7446594238281,10593300
2021-12-31,145.35507858168188,146.00049147841654,144.16278076171875,144.16278076171875,18136000,175.02734303358918,176.1477376000055,174.21161492875567,174.51629638671875,64062300,168.95599365234375,169.35000610351562,166.55850219726562,166.7169952392578,47830000,329.29238652517614,330.1192172867695,326.7048147287966,327.1620178222656,18000800,341.41088026103967,341.828923403355,334.69254455008445,334.7721862792969,12870500
2022-01-03,144.36477967492633,145.1569973040858,143.0291700315321,144.3015899658203,28646000,174.77180525837534,179.73496187327837,174.653873733677,178.87991333007812,104487900,167.5500030517578,170.70350646972656,166.16050720214844,170.4044952392578,63520000,326.21846414915797,328.79629901774877,320.80012748139205,325.6347961425781,28865100,336.71307048341737,339.4800286823342,335.608291915867,336.95196533203125,14537900
2022-01-04,144.7041819007758,145.78800478376272,143.03268400586742,143.71243286132812,28400000,179.4892694890775,179.79393593953884,176.0396222685355,176.60964965820312,99310400,170.43800354003906,171.39999389648438,166.34950256347656,167.52200317382812,70726000,325.7125545466594,326.07250437069126,317.23973645782684,320.0510559082031,32674300,338.3553561401792,341.48061106214226,330.31324123539184,334.9513854980469,15998000
2022-01-05,143.73283243513856,143.81195246481798,137.03286935371747,137.11944580078125,54618000,176.52118146370043,177.0715485386063,171.63665117934394,171.91183471679688,94537600,166.88299560546875,167.12649536132812,164.35699462890625,164.35699462890625,64302000,316.98679350262677,317.1910965612106,307.3758515806079,307.76495361328125,40054300,331.4578139547363,334.18498144796365,322.3208840261547,322.64935302734375,20564500
2022-01-06,136.34664244900424,139.2741441048197,135.9087336140623,137.09207153320312,37348000,169.73001206789144,172.28530491748282,168.68824367419558,169.04205322265625,96904000,163.45050048828125,164.8000030517578,161.93699645996094,163.25399780273438,51958000,304.6229360221158,310.02182762578025,303.00813417247446,305.33306884765625,39646100,321.30568782425235,337.5789975257316,321.2061508403366,330.90045166015625,27962800
2022-01-07,137.48817599061857,137.7897432622947,135.12049780917903,136.36505126953125,29760000,169.91675609783337,171.14525945761193,168.08874249862777,169.20913696289062,86709100,163.83900451660156,165.24349975585938,162.031005859375,162.5540008544922,46606000,305.59566842155346,307.88168370072367,301.646224869703,305.4886779785156,32720000,331.179137473067,335.4191639237884,327.33725895858873,330.2336120605469,14722000
2022-01-10,134.43528635965367,138.1589847256294,132.5308930765843,138.0096893310547,44408000,166.1723034158152,169.53348727704656,165.27794924612078,169.22882080078125,106765600,160.5854949951172,161.6614990234375,156.30450439453125,161.48599243164062,87798000,301.0625631573698,306.1501606970923,296.3932792591058,305.71240234375,44289500,323.7839737712289,326.79975887665285,313.9503158269784,326.5310363769531,24942400
2022-01-11,137.35034411747029,139.54883297337483,136.0420998146872,139.07110595703125,28730000,169.35656184948618,172.1673630652104,167.88235785704865,172.069091796875,76138300,161.5,166.35000610351562,160.70150756835938,165.36199951171875,62806000,304.8466383824553,307.98866618447676,301.45168090476085,306.403076171875,29386800,325.24712091265417,333.0603037691717,323.75415719641865,332.801513671875,16226800
2022-01-12,140.4783702161075,141.9294404967946,140.02504742905134,140.75753784179688,26108000,173.09121782891782,174.13298635832638,171.81358623406135,172.51136779785156,74805200,166.5749969482422,166.8780059814453,164.41700744628906,165.20700073242188,50030000,310.96541745526014,314.60356797191446,308.4459168812307,309.603515625,34372200,333.607692747427,334.7921129918219,328.4818570203185,331.69671630859375,14104900
2022-01-13,140.86651857043935,142.1702980929826,137.75041975538085,137.92758178710938,31436000,172.75707934266197,173.58263011635788,168.83569067303486,169.22882080078125,84505800,165.25050354003906,166.22149658203125,161.09100341796875,161.21400451660156,52188000,311.7436573066087,312.14249663836586,295.72213143264617,296.5003356933594,45366000,333.4086439598992,334.0555887819827,324.2318930987002,324.9485168457031,14797100
2022-01-14,136.42675564025197,140.07233622287117,136.34664851003265,138.81683349609375,29662000,168.3933990992247,170.7914399169012,168.1476984416165,170.09365844726562,80440800,160.14999389648438,162.25,159.80050659179688,162.13800048828125,45974000,295.96530194791075,302.3564086085924,295.4789168995165,301.7532958984375,39846400,320.2805479506256,331.16923275584577,319.7032516194067,330.3431091308594,16868500
2022-01-18,135.52705085012096,136.47899680734477,134.79405929684148,135.35089111328125,34872000,168.56048225619764,169.57276781693594,166.4966056259258,166.87989807128906,90956700,159.10499572753906,159.7344970703125,157.6645050048828,158.91749572753906,67292000,295.7901905004896,301.3641437796384,293.5236197033921,294.4088439941406,42333200,321.77349626744797,322.6891636548802,316.15000577312634,316.6575927734375,22645600
2022-01-19,135.87388991456638,137.30306172956688,134.37306968151069,134.4735870361328,28648000,167.07646257144611,168.13789130970082,163.0862859235723,163.3712921142578,94815000,158.76199340820312,159.25,156.25,156.2989959716797,53242000,297.9497639039901,305.3622673575025,294.4575227878917,295.0703430175781,45933900,318.08085750203884,325.5656011075061,317.8320302358874,318.0908203125,20814700
2022-01-20,135.60169102059876,136.97115074107518,132.3318170208066,132.67318725585938,29908000,164.10837074224375,166.7619347111161,161.35652051674097,161.68084716796875,91420500,156.76600646972656,158.0,151.3509979248047,151.66749572753906,71974000,300.6540758605654,303.1638097727385,292.9400157349673,293.3874816894531,35380700,322.3806077915642,326.2822327844562,314.49777681784406,315.0750427246094,16925000
2022-01-21,131.96259868346377,134.22377601264574,129.46752373899022,129.73126220703125,55652000,161.5924017044035,163.46955826967317,159.50886499109,159.61697387695312,122848900,149.9499969482422,150.89999389648438,142.07049560546875,142.64300537109375,163972000,294.44770588670036,295.8290224380284,287.56047877999515,287.96905517578125,57984400,313.333277225582,316.81685931889024,301.61849923516417,301.7478942871094,28710700
2022-01-24,125.37856914011597,130.5787136535352,123.90760490884027,130.18161010742188,76622000,157.26810076459748,159.50888984216238,152.03958291935942,158.840576171875,162294600,139.0,144.94500732421875,135.3520050048828,144.54400634765625,155624000,284.2434009991435,289.019675493024,268.5331420193464,288.2998352050781,85731500,296.4428660138379,308.07803210989107,287.654299808725,307.2618713378906,38878100
2022-01-25,128.12743590180497,128.78329685194453,125.8985899276899,126.33101654052734,46960000,156.24596615896806,159.9609590965899,154.31968130054574,157.03221130371094,115798400,142.24249267578125,143.60000610351562,138.14500427246094,139.98599243164062,90824000,283.5819220766219,286.9574354302845,277.40485583875466,280.6344299316406,72848600,298.54299130702105,304.7935315459782,296.1840831100483,298.7420349121094,25108500
2022-01-26,130.49509993814254,132.3671462984334,126.53701871024086,128.61807250976562,49130000,160.6882473882618,161.5629412237311,155.10593504422843,156.9437713623047,108275300,144.75,145.18499755859375,137.31849670410156,138.87249755859375,95602000,299.6034293699441,300.09955158053,285.05079816308023,288.6305847167969,90428900,305.5698245147957,306.0674790126866,289.48562749803085,293.2478942871094,28348800
2022-01-27,130.6792467548425,132.02132599748566,128.31902481637167,128.3911895751953,31950000,159.65629046052865,161.02238556956317,155.55800513342504,156.48184204101562,121954600,140.8000030517578,144.24349975585938,139.35000610351562,139.6374969482422,77516000,294.4185725358936,298.932209910728,289.8173597366347,291.67535400390625,53481300,296.35330094552285,300.2947166950727,292.8796817138699,293.2579040527344,21629900
2022-01-28,129.04207234917598,132.72198917149765,127.87366231124017,132.7165069580078,34362000,162.8602584781643,167.4204628672782,160.0002987329338,167.4008026123047,179935700,140.86050415039062,143.9980010986328,137.92950439453125,143.97799682617188,74392000,292.05477669895004,300.08012999341486,286.4321667298066,299.8661193847656,49743700,294.2332793124524,300.4838194160683,291.6554323180273,300.2947082519531,21871600
2022-01-31,133.5236351765011,134.82840181492318,131.58042613665086,134.65969848632812,39986000,167.2336879096415,171.9904487208476,166.59485724513786,171.77423095703125,115541600,144.75,150.36050415039062,144.30050659179688,149.57350158691406,78308000,300.5372717037643,303.873865327371,298.02750874375795,302.5119934082031,46444500,299.26952229950456,312.3180399330912,297.91591655116565,311.79052734375,21579500
2022-02-01,136.93979546512767,137.13735254168026,133.72914748544642,136.9890594482422,68644000,171.01749012376968,171.83321815334287,169.3467285555597,171.607177734375,86213900,150.0,151.70799255371094,147.62750244140625,151.19349670410156,59220000,301.9575732884717,302.17158390005085,296.82134829715966,300.3525085449219,40950400,313.08442626567705,318.160508721372,310.6558696456884,317.50360107421875,18023800
2022-02-02,150.53034318459999,150.82542598039552,144.83010166427562,147.29580688476562,123200000,171.74477342641566,172.8553452866124,170.34919537896823,172.81602478027344,84914300,155.05050659179688,155.0749969482422,148.86349487304688,150.6125030517578,87330000,301.19874289576546,306.53924004083257,300.46916548527736,304.9244384765625,36636000,326.2822607909747,326.4614091524768,315.3836131832179,321.48486328125,58458300
2022-02-03,145.01221315480836,148.96282327293622,141.98666950094375,142.40914916992188,71518000,171.4794201148579,173.2091625575225,169.160005018323,169.9265899658203,89418100,141.7375030517578,144.24749755859375,138.33299255371094,138.8455047607422,225532000,301.0625819638804,302.7552219741665,291.79208492313614,293.0469665527344,43730000,243.50236286244046,246.83665438976746,234.6441180338213,236.64468383789062,188119900
2022-02-04,142.7619744324609,144.18566414382084,139.84640903651453,142.61119079589844,57998000,168.94251932550307,171.32394513354754,167.9584645344212,169.64120483398438,82465400,155.60650634765625,161.1999969482422,150.60800170898438,157.63949584960938,253456000,292.0352702032978,300.3913608497898,291.80181490555054,297.6092529296875,35096500,233.86779368668977,241.4719550338503,229.03059057925435,235.97784423828125,89342200
2022-02-07,143.56363789927013,143.56363789927013,138.23908788884378,138.53866577148438,54974000,170.1037143263292,171.1763304609041,168.22416604358875,168.9228515625,77251200,158.52000427246094,162.6909942626953,157.25,157.9355010986328,102624000,297.8330183026639,299.4575276563962,291.73373110957107,292.7551574707031,28533300,236.58496145505566,237.18215296828885,222.95917794011118,223.85496520996094,88613800
2022-02-08,138.36499262195844,139.33385604729077,136.36207147851567,138.7357177734375,54284000,168.99173655614575,172.55402535255456,168.6965170956554,172.0423126220703,74829200,156.75050354003906,161.79249572753906,155.55050659179688,161.4134979248047,76040000,293.0469791946189,297.2396157585428,291.7823899972102,296.266845703125,32421200,219.8140109347167,224.7109296642567,215.13604622510545,219.1471405029297,94729700
2022-02-09,140.2927701568597,141.8463472422032,139.51996039462585,140.91827392578125,40144000,173.24284884864312,173.83327271357754,172.11117683042102,173.46917724609375,71285000,162.87350463867188,163.83450317382812,160.25,161.1894989013672,68786000,301.43230080464684,303.43620506618737,299.0198496786087,302.7358093261719,31284700,223.1482838346324,232.27526591322385,221.16762856392347,230.9116973876953,86563300
2022-02-10,139.03877453098843,140.81129088948327,137.30057895120314,137.96041870117188,39330000,171.3633292711471,172.6819593071923,168.814630541294,169.3755340576172,90865900,158.35000610351562,160.7165069580078,157.75,159.0034942626953,68268000,295.76101154707897,300.7026702927466,292.5119631728677,294.1462097167969,45386200,227.19921136944953,233.897637326421,225.6365688004285,227.00015258789062,49310400
2022-02-11,137.94053165428735,138.4943718586001,132.7652616913773,133.64356994628906,39958000,169.58218430454045,170.32022548644153,165.360580335394,165.95101928710938,98670700,158.13450622558594,159.0,152.73399353027344,153.2935028076172,77100000,294.9341426680689,296.0041956198733,286.20839446246674,287.0060729980469,39175600,227.3883027347073,229.33909988627587,217.7437560136431,218.5200958251953,46156900
2022-02-14,132.62243215848918,135.65145321102975,132.62243215848918,134.88113403320312,34302000,164.70126232865465,166.8760302449342,163.90418026929203,166.18719482421875,86185500,151.75100708007812,158.44850158691406,151.64999389648438,155.16700744628906,83230000,285.7706756345391,288.6792785633671,283.4165885013323,286.9671936035156,36359500,218.28123548400916,219.963310286744,213.772486492656,216.6787872314453,38184000
2022-02-15,136.91592448402298,137.45137423583503,135.17525340849045,135.95851135253906,26680000,168.24384864689935,170.19227292675632,167.5353279968633,170.03482055664062,62527400,157.60549926757812,158.0070037841797,154.6374969482422,156.510498046875,56440000,291.840711641665,292.60917850002545,288.93210940950934,292.2881774902344,27058300,219.43580524683236,220.1126081658047,214.05117920514752,219.96331787109375,42685500
2022-02-16,135.99631295565902,137.42896248282813,134.28200525127366,137.08262634277344,25022000,169.10985530896428,170.57608762783394,167.3385533314997,169.79869079589844,61177400,155.79049682617188,158.83399963378906,154.7344970703125,158.10049438476562,52704000,290.8455441746245,293.2824978641233,286.27381667328723,291.9470520019531,29982100,211.4136295713438,216.43994403917284,211.36386107419438,215.5242462158203,45817500
2022-02-17,135.59472615306703,136.461082812284,131.84814248998057,131.90835571289062,38950000,168.3029068340204,169.1688799431976,165.7837287151261,166.18719482421875,69589300,158.14599609375,160.3489990234375,154.5,154.65249633789062,64032000,288.8862496034896,289.31515587085715,282.68665314458684,283.39825439453125,32461600,213.01605463499817,216.47972599855586,206.18823370406102,206.73565673828125,38747500
2022-02-18,132.83193274174764,133.43207557532537,129.5770018418038,129.7825164794922,45620000,167.1121922796674,167.82069791691148,163.54006857345092,164.6323699951172,82772700,155.49949645996094,155.49949645996094,150.89300537109375,152.60150146484375,63604000,285.65973069982357,286.4493014013889,279.08971235663495,280.6688537597656,34264000,208.407760841007,209.76138175304652,204.21750306881063,205.1929168701172,37128400
2022-02-22,129.22020512579672,131.5515578787969,127.61338526044253,129.19583129882812,44990000,162.3493702057695,164.03211066057264,159.56449308823295,161.6999053955078,91162800,150.47850036621094,152.9824981689453,148.48550415039062,150.19749450683594,66128000,277.8127349051109,284.1878144144707,277.3253441421195,280.4641418457031,41736100,201.39085499644926,206.50674355282698,199.1215512904895,201.132080078125,39852400
2022-02-23,131.02209177354695,131.42267296291416,126.92069803114178,126.98091125488281,32786000,162.90043598288878,163.50071005203375,157.20276491304196,157.51766967773438,90009200,151.65049743652344,151.76300048828125,144.6510009765625,144.82699584960938,64244000,282.86211552379876,284.34380258389615,273.0363301552388,273.2020263671875,37811200,203.20232611185864,205.96928442106883,197.12098640624646,197.51910400390625,44481400
2022-02-24,124.35893767700955,132.3671514967105,124.35893767700955,132.0596160888672,54456000,150.14708038143124,160.25332719300383,149.57632680623354,160.14508056640625,141147500,139.83749389648438,151.74899291992188,139.5,151.35800170898438,100786000,265.6376972494891,287.71649070941305,264.67264340429557,287.1608581542969,56989700,190.16373988938514,207.37264143672988,189.32768395330316,206.62615966796875,49957200
2022-02-25,132.9165342626019,134.62785022225833,131.12459484875018,133.81971740722656,36406000,161.22754578023935,162.48713480856267,158.30490162446958,162.22145080566406,91974200,150.5500030517578,153.99000549316406,149.2135009765625,153.7884979248047,62396000,287.6969665839002,290.1241624966826,284.2949596251088,289.8122253417969,32546700,203.97865464852086,210.32873173032027,202.2269008674937,209.49266052246094,37627600
2022-02-28,132.4169288111751,135.10556696702054,131.96160142081268,134.4143829345703,38864000,160.4599711238184,162.78234102115098,159.84001180321536,162.48712158203125,95056600,152.4250030517578,154.4499969482422,150.85000610351562,153.56300354003906,57684000,286.8878823912085,291.59609273510875,285.61092126640744,291.2549133300781,34627500,206.70579317292714,212.15013533807485,205.8597895233449,210.0400848388672,34239800
2022-03-01,134.23671311624648,135.6071599580106,132.58462329799266,133.42359924316406,26496000,162.07381467213503,163.9435277104657,159.38734940316522,160.5977325439453,83474400,152.7324981689453,154.0989990234375,149.9770050048828,151.14199829101562,44874000,288.9251642690598,292.4051405640387,284.7823438458841,287.5117492675781,31217800,208.8855076450031,210.75669353845154,201.2713994078726,202.5354461669922,27094900
2022-03-02,133.9874173025302,134.61888922639284,132.43832018027874,133.93118286132812,23520000,161.7687775639212,164.69142169446647,160.35173616541616,163.9041748046875,79724800,150.8489990234375,152.99949645996094,148.75,152.05250549316406,47334000,287.9114181165959,293.86734790006096,286.2933071815327,292.61962890625,31873000,203.8193927359262,208.1688885673236,201.0723451351296,207.13377380371094,29452100
2022-03-03,135.362821481941,135.79028217623375,132.3925254709241,133.2623748779297,24604000,165.78372557589515,166.21671212228483,162.91028714997404,163.57943725585938,76678400,153.531494140625,153.9290008544922,146.8560028076172,147.89849853515625,65198000,295.25156424335825,295.4855022692935,286.63447014714023,288.45733642578125,27314500,208.0395062161321,208.09922233042207,200.47515120370952,202.01788330078125,27263500
2022-03-04,132.29500752871238,133.2146069267177,129.71731977017836,131.2788543701172,30430000,161.86716622434736,162.91026182459296,159.51527604524227,160.56820678710938,83737200,147.15899658203125,147.85000610351562,143.8070068359375,145.64100646972656,60934000,286.8684138832805,288.2038595827067,279.92797538105896,282.55010986328125,32356500,201.42071328250708,204.9242058378436,197.8575046065067,199.12155151367188,32130900
2022-03-07,130.86235301354495,131.10817177136278,125.69405425346693,125.77716064453125,45112000,160.75520922600182,162.3887439653584,156.50408484630077,156.75994873046875,96418800,145.44349670410156,146.09449768066406,137.41650390625,137.4530029296875,86934000,281.25367397398566,282.384423958985,271.5058600494751,271.87628173828125,43157200,199.8481002649138,199.9476372461916,186.40148027856287,186.59059143066406,38560600
2022-03-08,125.6492685764528,130.62547723294597,125.07650647413256,126.49970245361328,40428000,156.28759642734667,160.28285666328267,153.3157466151268,154.92959594726562,131148300,136.68350219726562,140.69949340820312,133.57249450683594,136.01449584960938,91662000,270.7942690725029,276.79892624479913,263.1909858256169,268.8934631347656,48159500,186.96882784277634,195.77730461091662,185.23698447345748,189.39736938476562,37508100
2022-03-09,130.62548341324316,133.09916098406526,129.28240208203147,132.78515625,37026000,158.905153435018,160.80438687004462,156.86816795403388,160.35171508789062,91454900,139.5,140.25,136.8280029296875,139.2790069580078,82656000,276.2920648815301,282.29672236396794,273.6991425767522,281.2244567871094,35204500,194.82181517515326,198.16605446976786,193.01034526309815,197.56886291503906,31894700
2022-03-10,130.64141568020557,132.6378674373792,130.28959734180035,131.79937744140625,27102000,157.64559087729302,157.83256370946663,153.49287802702014,155.9923858642578,105342000,145.68499755859375,148.67449951171875,143.97799682617188,146.8175048828125,135062000,275.88265227991445,279.3723867449448,273.50418301542686,278.3878479003906,30628000,193.9260215700199,195.3592691052372,190.17371719450452,194.29429626464844,24853000
2022-03-11,132.85332926637238,133.15887530088736,129.01468700810108,129.25254821777344,31526000,156.39582947431037,156.74025467661986,152.03647371376925,152.26280212402344,96970100,149.57449340820312,149.6750030517578,145.36900329589844,145.52450561523438,68900000,280.6980597805448,282.2089888863428,272.38317514959226,273.0070495605469,27209300,191.73633808508686,192.65202060438423,185.79434173932367,186.7299346923828,34694500
2022-03-14,129.63024013957775,129.78848017881063,124.67891386783609,125.35169219970703,38812000,149.035105347276,151.66253001815127,147.70664029732,148.2183380126953,108732100,145.9810028076172,147.4499969482422,140.88400268554688,141.85299682617188,74086000,273.2702392726219,278.2026312310251,268.8642376481267,269.4685974121094,30660700,186.1526494033217,191.38796951071197,184.94833396415,185.75453186035156,31010500
2022-03-15,126.37182448632802,129.23663756892861,125.12229757961958,128.583251953125,30920000,148.49385829575584,153.089407270085,147.98216062819657,152.61705017089844,92964300,142.85000610351562,147.98500061035156,142.0,147.3665008544922,75584000,273.2800058454423,280.5616250101141,271.70086453830385,279.90850830078125,34245100,189.90497028464154,191.37802343015676,185.037909624631,191.1291961669922,31721700
2022-03-16,130.1109526032966,132.69857226432342,128.12195717811286,132.64633178710938,35576000,154.54582575293017,157.44878471807237,151.99712715402308,157.04531860351562,102300200,148.5,153.14999389648438,147.35350036621094,153.10400390625,84958000,281.8190374929418,287.14136537848043,276.05810557225556,286.9659118652344,37826300,193.78668618532524,202.77432648900052,193.60753783029702,202.6748046875,40640300
2022-03-17,132.51544446609907,133.44251542685555,131.55602693390728,133.20216369628906,28264000,156.08092377543556,158.43281401642653,155.11655432923627,158.05886840820312,75615400,152.6405029296875,157.49850463867188,152.13999938964844,157.23899841308594,72934000,285.8937333884048,288.15520432604643,282.0725760317402,287.7750549316406,30816600,200.75386846922032,207.06412533669481,200.1666396689908,206.8650665283203,29499700
2022-03-18,132.78963125023313,135.59571910651152,131.62917901519822,135.477783203125,44566000,157.95059431845095,161.85729217973787,157.21255338771132,161.36526489257812,123511700,156.81300354003906,161.593994140625,156.01100158691406,161.25050354003906,102962000,287.92121502824654,293.4092397879423,285.3478072645001,292.8536071777344,43390600,205.7303874737888,215.78301543625656,205.03367414278475,215.47447204589844,52128000
2022-03-21,135.5156199323404,136.39790698932094,133.45447478433732,135.45391845703125,26832000,160.90280343219604,163.69753062342352,160.410776006235,162.7429962158203,95811400,161.12100219726562,163.08399963378906,159.55299377441406,161.4915008544922,66538000,291.3525117932782,292.5709888982092,287.4631126457148,291.6156921386719,28351200,213.49379969667123,213.70282128783822,206.65603111174843,210.4979248046875,30142300
2022-03-22,135.45391090476724,140.37886680791058,135.45391090476724,139.20248413085938,35496000,162.87089425645846,166.71855188517935,162.28047042303692,166.1281280517578,81532000,161.8054962158203,166.16700744628906,161.69900512695312,164.88900756835938,64086000,292.2394806334095,297.30835631234925,291.23545688233907,296.3920593261719,27599700,210.3784669918694,218.430528670313,209.19404680393862,215.63369750976562,31998800
2022-03-23,138.0425085935887,138.92429430194807,137.1791437250509,137.61753845214844,25154000,165.31138391398235,169.88723307812018,164.9767938445975,167.49598693847656,98062700,163.7050018310547,166.3699951171875,162.68699645996094,163.4080047607422,55812000,292.93158249273176,295.5829892215264,290.2119339230564,291.9372863769531,25715400,212.32929941066044,215.7830233211375,211.16478954617054,212.4586944580078,23717300
2022-03-24,138.53765371288432,140.94514991308523,137.09505730306245,140.89837646484375,26396000,168.33244889860822,171.36334015450248,167.49601114298855,171.29446411132812,90131400,163.74949645996094,164.11849975585938,160.0500030517578,163.64950561523438,56798000,291.59615286917006,296.5285448908371,290.79682489779265,296.4310607910156,24484500,213.99145398040548,219.63485468849314,213.78243238949347,218.54002380371094,31502300
2022-03-25,141.24072608323831,141.35916312962928,139.07259464161262,140.99888610839844,24126000,171.10744910627062,172.4851197852727,169.99546240540764,171.93405151367188,80546200,164.0,165.36849975585938,162.25,164.77349853515625,49032000,297.53256612739574,297.7957464215104,291.74236167311045,296.0216369628906,22566500,219.4756122542055,224.44221031346072,217.8632163127484,220.77947998046875,40039000
2022-03-28,140.23007305677257,141.32683456688196,139.1462501767931,140.78244018554688,35050000,169.42471770580778,172.92795048627315,169.25743018713217,172.80003356933594,90371900,164.97500610351562,169.03750610351562,164.89999389648438,168.99049377441406,59854000,296.65524087861996,302.9620783750849,296.65524087861996,302.8646240234375,29578200,221.08802536519846,222.9890542909543,218.51016313589284,222.54116821289062,26224100
2022-03-29,141.96876091620584,143.10930412787826,141.36264991460445,141.82742309570312,34318000,173.8726518827145,176.15565130084448,173.52822668291532,176.10646057128906,100589400,170.38400268554688,170.8314971923828,167.86849975585938,169.31500244140625,66154000,305.99366879267336,307.8555050551628,301.25621516316215,307.4558410644531,30393400,225.0095386805417,229.80692071243064,224.23318359942581,228.78175354003906,31417900
2022-03-30,141.78215606095287,142.041414610686,140.92624749010545,141.2631378173828,19884000,175.7030016679424,176.74609743731983,173.88249413539714,174.93544006347656,92633200,168.50950622558594,168.95050048828125,165.5,166.30099487304688,56168000,305.84746141716585,307.9822353410379,303.72241507994283,305.9449157714844,28163600,227.83621420161512,230.06569690959634,225.64653717604276,226.78118896484375,25588000
2022-03-31,141.3770911257397,141.43183732694075,138.36301282244463,138.4058074951172,37524000,175.00431393883977,175.19128676604245,171.61916279397346,171.82582092285156,103049300,166.44500732421875,166.4949951171875,162.95350646972656,162.99749755859375,59966000,305.98390660172134,307.1926558891614,300.12549002106,300.5348815917969,33422100,227.37836930692887,227.4181901772471,221.21740331903376,221.3169403076172,24192300
2022-04-01,138.83622510765764,139.80259792884758,137.6493944528036,139.48362731933594,25942000,171.2550749570232,172.09152763755276,169.19840379678678,171.53060913085938,78751300,164.14950561523438,165.82699584960938,162.3195037841797,163.55999755859375,57090000,301.56809489142785,302.3089382205671,297.83469549172077,301.6168518066406,27110500,223.496677038869,226.21386681906534,221.65534900048968,223.79527282714844,19544800
2022-04-04,139.69065571151913,143.02819955507672,139.6428799730055,142.2912139892578,25942000,171.78645453057726,175.6439475646401,171.6585226009615,175.59474182128906,76468400,164.125,168.39450073242188,163.20550537109375,168.34649658203125,49882000,302.27000828188045,307.1634009699958,301.8995865319646,307.0269470214844,24289600,224.91994798989987,233.2506955517742,224.80051575683888,232.7928466796875,28054800
2022-04-05,142.18920353815585,142.3101159402801,139.7145388197234,139.9220428466797,21418000,174.66972709725982,175.4569739407951,171.638836509714,172.2686309814453,73401800,167.7415008544922,168.11050415039062,163.26600646972656,164.05499267578125,53728000,305.3697818354029,306.92943814434017,302.05553077139234,303.0400695800781,23156700,232.98195450257984,235.74891256840743,229.9363111054611,230.75245666503906,29727200
2022-04-06,138.08980328110664,138.69740254618586,134.87218475857597,135.89828491210938,32468000,169.61171210783138,170.86146610106397,167.4172737694601,169.0901641845703,89058800,161.65049743652344,162.1999969482422,157.25450134277344,158.75599670410156,79056000,297.4935609790899,299.25791307044943,289.2274033550409,291.9470520019531,40110400,225.84559954505218,227.91584436902596,220.37139930067923,222.25253295898438,28995100
2022-04-07,135.3628405109315,136.5118576914848,133.58882067273166,135.24192810058594,26234000,168.43084825224216,170.59576613151657,167.14173867476228,169.3952178955078,77594700,158.39999389648438,160.07899475097656,154.51150512695312,157.7845001220703,68136000,289.1786849009009,295.99239810286326,288.87650501412816,293.7698974609375,31411200,222.87955820593345,224.4621112082165,217.5347532292296,221.90415954589844,21037200
2022-04-08,134.93835487299648,135.0244453490223,132.33281575795365,132.65328979492188,25142000,169.04095440141643,169.04095440141643,166.50209088425444,167.37789916992188,76575500,156.75,157.36849975585938,154.2310028076172,154.4604949951172,46002000,292.8633276253669,293.52617184109016,288.808233411817,289.4808349609375,24361900,221.3368320887301,224.0739319847606,218.99784973905605,221.2870635986328,18375700
2022-04-11,131.19625072432203,131.46396795737343,128.0562642583226,128.2105255126953,36884000,166.0198950514866,166.33478478538393,162.8610724769926,163.10708618164062,72246700,152.71299743652344,154.13650512695312,150.5345001220703,151.1219940185547,52112000,284.4315461324585,285.2308444774175,277.81277039604595,278.06622314453125,34569300,217.39540789179856,219.57513721157125,214.2104218664918,215.44461059570312,20516600
2022-04-12,130.97382925450697,130.97382925450697,126.1857162540227,127.1068115234375,32710000,165.3409242166484,167.16141694537976,163.9829235206259,164.98666381835938,79265200,153.6925048828125,155.0989990234375,150.38299560546875,150.78750610351562,55178000,281.9458242566809,283.40799667634644,273.4164851419655,274.9468994140625,30966700,219.2068898590888,220.98848653242345,212.13024128563168,213.135498046875,20128800
2022-04-13,127.39095470279639,129.71384877798675,127.13318439512136,129.27593994140625,27928000,164.72092298955894,168.31271679879137,164.1108138532633,167.68292236328125,70618900,150.01849365234375,156.02499389648438,149.60000610351562,155.54100036621094,53390000,275.6000023217637,281.3024506732569,274.2060420766694,280.3666687011719,21907200,210.82637836040755,215.59390221069393,210.33867143977488,213.98150634765625,19231800
2022-04-14,129.8586621668281,129.8586621668281,125.99860730059869,126.12699890136719,31598000,167.8994330781819,168.5390777375964,162.4084052337266,162.6544189453125,75329400,155.38999938964844,155.89700317382812,151.4720001220703,151.7064971923828,51598000,280.82477532638273,281.0392284284024,272.27595299417413,272.7730712890625,28221600,213.8819738659461,213.9815108517496,209.01491292950467,209.19406127929688,18379500
2022-04-18,126.39571309247896,127.60243774339565,125.58160448146151,127.0689926147461,20808000,161.3062855621602,163.94356063555975,160.96187533903773,162.43795776367188,69023900,151.52349853515625,154.0395050048828,150.25050354003906,152.78500366210938,46514000,271.87629487230055,275.3367570834857,271.32066231224934,273.4456787109375,20778000,209.01490354428572,212.37905304219174,207.3228811720837,209.7812957763672,16580800
2022-04-19,127.0839183466349,129.7128443833924,126.39520967257236,129.39039611816406,26490000,162.38871857930025,165.14407487442162,161.29641720934256,164.7307586669922,67723800,152.0294952392578,158.6490020751953,151.55050659179688,158.11549377441406,54926000,272.3344435881337,278.953217898112,271.3889044009939,278.1051330566406,22297700,209.53247676469104,217.40536023272782,208.01960267463804,216.29061889648438,20089900
2022-04-20,130.2691902594668,130.77378162705162,126.89333171577131,127.43075561523438,31696000,166.06904837702882,166.1871451391912,163.45147456088696,164.56344604492188,67929800,157.6024932861328,157.6024932861328,153.60350036621094,153.9980010986328,59630000,282.1017411061781,282.3941933852175,278.17337311629467,279.1383972167969,22906700,212.60797227876438,213.15539530786995,197.9868795260212,199.47984313964844,43036500
2022-04-21,128.63499994743174,129.47945810187937,123.93397230591673,124.2206039428711,36446000,166.2166896462883,168.7949082587247,163.2645254279015,163.76638793945312,87227800,154.71400451660156,156.73800659179688,147.58949279785156,148.29600524902344,63970000,281.302466543198,285.90343697514515,272.9973378579603,273.7284240722656,29454600,200.6543208386935,202.0178894471708,184.70946478807872,187.1877899169922,49954100
2022-04-22,124.40522250559663,124.8053101263878,118.35913172906152,119.06624603271484,56884000,163.80576949112535,165.1932753547798,158.92485105020066,159.21022033691406,84882400,148.25,149.61500549316406,143.69749450683594,144.35000610351562,73078000,274.57639487331437,276.058081517307,266.4857218225343,267.11932373046875,29405800,189.47699822641022,191.81598080627415,182.41031236624798,183.24636840820312,36426800
2022-04-25,118.53428539159185,122.69091097374539,117.94709640481547,122.4883804321289,46128000,158.55090609825874,160.5682214607871,155.9333317168137,160.28285217285156,96046400,144.0229949951172,146.22149658203125,142.30650329589844,146.07400512695312,61874000,266.39803633315773,274.02080482203013,263.9415679894354,273.6406555175781,35678900,181.8728275197423,186.30194997557484,180.80785468050712,186.11285400390625,29281100
2022-04-26,121.71260107377317,121.92707556109316,117.94710303931359,118.08544158935547,73054000,159.66290065876512,159.7514619922399,154.22107849702726,154.2998046875,95623200,144.8000030517578,144.8560028076172,138.92950439453125,139.39100646972656,77530000,270.5018646305653,271.34016243652076,263.1910034243338,263.40545654296875,46518400,185.75454469167235,186.31191536521624,178.65798585330194,180.10118103027344,31747400
2022-04-27,113.92482651279367,116.68413343389656,112.20007840202844,113.75066375732422,91820000,153.4240064759593,157.24212936237095,152.90245856859522,154.073486328125,88063200,140.19149780273438,141.94850158691406,135.7834930419922,138.16700744628906,71336000,274.9858557260027,283.63216251371057,272.11999585469886,276.0776062011719,63477700,173.6117532700364,180.3599627166506,168.20723232599158,174.1293182373047,71062900
2022-04-28,115.86107166046905,119.08017825241917,113.57201255036027,117.95854187011719,48884000,156.71073111363518,161.89670425341123,156.3958263617354,161.03073120117188,130216800,142.17799377441406,145.9375,140.3000030517578,144.59649658203125,117316000,277.9979262014816,283.6419191689695,274.36198065629725,282.3259582519531,33646600,201.96812219345097,207.55180689185846,191.99512068773245,204.7649383544922,100890600
2022-04-29,116.17905335741958,117.35891362880432,113.27294906445184,113.56654357910156,42676000,159.25942241026976,163.54990186297132,154.74261456190868,155.13623046875,131747600,129.8489990234375,130.76100158691406,121.625,124.28150177001953,272662000,281.3316542777626,282.5696457327582,269.52706543762076,270.5213317871094,37073900,203.50090610223927,211.4832741821555,198.96228383038402,199.5296173095703,49193400
2022-05-02,112.86540213135079,116.19000744946392,112.0642321288155,116.02828216552734,35534000,154.21124610323508,155.70699870242646,150.8260949299853,155.44131469726562,123055300,122.4010009765625,124.66799926757812,118.375,124.5,148788000,270.706608976148,277.75429115248687,269.2541938086495,277.296142578125,35151100,200.22631793158442,210.88608444179363,200.04716959408694,210.1396026611328,49915300
2022-05-03,115.87649904343223,117.87843306840782,115.48238717008276,116.77570343017578,24968000,155.62829305402306,158.1474864801479,153.827485608277,156.9370880126953,88966500,124.05349731445312,126.22049713134766,122.82499694824219,124.25350189208984,79134000,276.79890537561334,276.96463129515183,273.0849907910324,274.67388916015625,25978600,209.46277980213057,213.89190189481963,207.11384991214564,211.03536987304688,41556300
2022-05-04,116.47464340177527,122.26993450529203,114.56825328439439,121.67926025390625,49916000,157.12403328379716,163.82544428980776,156.7205671988061,163.37278747558594,108256500,123.5999984741211,126.0,119.18299865722656,125.92849731445312,110746000,275.4634656066809,283.5444115470414,269.75126101959535,282.6671142578125,33599300,209.6618462564299,223.24782396273906,205.98916860256648,222.36199951171875,41375900
2022-05-05,119.63204464005044,120.46307061064945,114.45827869555946,115.95114135742188,45840000,161.23738888499025,161.46371729012728,152.47929194392455,154.27027893066406,130525300,123.0,123.4990005493164,115.07250213623047,116.40699768066406,144392000,278.33911462820026,279.12868525425324,267.42155005496926,270.35565185546875,43260400,217.71391840321272,219.13720312897797,205.19292807963836,207.302978515625,41129200
2022-05-06,114.63643262732876,117.01207587544798,113.47299621973782,115.19575500488281,39710000,153.74795219056614,157.12822726592017,151.94448418251287,154.99954223632812,116124600,114.8499984741211,119.05049896240234,113.08149719238281,114.77249908447266,124260000,267.8796661979223,272.2076978652137,264.42893181498096,267.80169677734375,37780300,206.3673936858556,208.39783283868715,200.07704781099332,202.81414794921875,34747200
2022-05-09,112.71113673169168,114.52944700923064,111.4675855939926,111.97565460205078,40802000,152.68360662844097,153.5705662251753,149.29349706523496,149.855224609375,131577900,111.3125,114.0,107.95700073242188,108.78900146484375,128124000,263.2494978241472,265.4914834457657,256.67947982600253,257.9076843261719,47726000,198.90257364463199,201.61977851457536,194.66256220223283,195.28961181640625,36303200
2022-05-10,114.95788698251471,115.6968542910652,112.36328947356759,113.85067749023438,39900000,153.26504901265346,154.46736088090017,150.71259117184084,152.26968383789062,115366700,111.25,112.64250183105469,107.1709976196289,108.85900115966797,105434000,264.8383871382154,266.84643464097286,258.38533839168707,262.70361328125,39336400,198.57411490604073,202.0079434824973,193.2790783425283,196.72283935546875,34452500
2022-05-11,112.6977024843236,115.81081721712015,112.6977024843236,113.06195831298828,37534000,151.27435948498825,153.1960828683304,143.6958565940324,144.3758544921875,142689800,108.10350036621094,110.15599822998047,104.42849731445312,105.37200164794922,109704000,258.9799118410286,264.51666298143766,252.76080183031553,253.97927856445312,48975900,195.40902131796477,199.72865881096772,187.38683306318495,187.85462951660156,31153400
2022-05-12,110.84754643399383,113.7511601444871,109.30193451554294,112.30706787109375,53836000,140.69995800707954,144.0802186431024,136.78751850070398,140.4929962158203,182602000,102.75,110.78050231933594,102.40550231933594,106.93049621582031,132026000,251.1914465609955,253.32622042112627,243.71487425735856,248.91046142578125,51033800,186.18252590919263,197.12097886107114,183.91322227752548,190.34292602539062,38262200
2022-05-13,113.98802503631337,117.31412595224855,113.06444685150308,115.49830627441406,35038000,142.49355408899086,145.95267144882655,141.03501714594583,144.97702026367188,113990900,109.06900024414062,113.18399810791016,107.80000305175781,113.05500030517578,93684000,250.8599668968625,256.4064747276029,248.9104043482146,254.53488159179688,34925100,191.67663302715846,198.95234029762156,190.3827281278088,197.68829345703125,24549800
2022-05-16,114.4085130103672,115.61723456489342,113.34759099386139,113.90044403076172,25990000,143.43964368471316,145.3810814533927,142.08949737035988,143.42977905273438,86643800,113.0999984741211,113.99250030517578,110.35399627685547,110.81050109863281,74566000,253.404208303593,259.11644376588214,249.3296284853974,254.90538024902344,32550900,196.1256590780549,204.4066228034296,195.01090257076893,199.10162353515625,27112600
2022-05-17,116.28455202745589,116.34377055599607,114.32343087143941,115.9188003540039,23054000,146.70164625018603,147.5984555661727,144.55324673702833,147.07614135742188,78336300,113.2750015258789,115.80000305175781,111.27649688720703,115.36849975585938,76448000,259.399100730676,261.5631169343919,255.8411540674959,260.0912170410156,28828800,201.17188581721405,204.49623000773238,197.42952878240413,201.66954040527344,24872700
2022-05-18,114.45279916514005,114.85089737650672,111.02468525353758,111.36705017089844,35126000,144.72079733304852,145.22339732349553,137.8715547980024,138.77822875976562,109742900,111.43949890136719,112.85299682617188,106.2490005493164,107.11250305175781,108380000,256.96461327816115,257.5508502985202,246.96937793228923,248.2493133544922,31356000,199.06181944544653,200.05712854267378,190.7310871615623,191.33822631835938,23960000
2022-05-19,110.90128865895407,112.4722766682842,109.47659675819857,109.85877227783203,34144000,137.8518359532745,139.6060259100609,134.61939501913687,135.3585205078125,136095600,106.28050231933594,110.03399658203125,106.19300079345703,107.31900024414062,88142000,248.07344082605815,251.75694511743646,246.09980696588278,247.3308868408203,32692300,190.30308025270364,194.37389047104043,188.71059494419177,190.3926544189453,24446900
2022-05-20,111.418305686061,111.6497051639263,105.29309506741203,108.38978576660156,48962000,137.07329814838306,138.65995498562737,130.68725738522548,135.5950469970703,137426100,109.56849670410156,109.89800262451172,105.0094985961914,107.59100341796875,99500000,251.3368168478214,252.60700218610816,240.78466843805458,246.76422119140625,39199300,194.05542583372602,196.98163715930048,186.9887248068325,192.6321258544922,31465600
2022-05-23,109.06606499448633,111.61388163619868,108.22358859840143,110.95751953125,37184000,135.79214749031698,141.1828380246541,135.65417798096212,141.03501892089844,117726300,108.46099853515625,108.81900024414062,103.94999694824219,107.55699920654297,107798000,249.62695761286102,255.4990332782694,247.61421847946846,254.6685333251953,33175400,194.2743792709637,196.06593862949725,190.34291149267773,195.3094940185547,25059200
2022-05-24,105.26871860398441,105.951952644931,101.39971155887439,105.46577453613281,76780000,138.76833186496543,139.9115161270146,135.33879411636306,138.32485961914062,104132700,104.0250015258789,105.4000015258789,101.26000213623047,104.0999984741211,102934000,251.97190512383696,255.33293591210185,247.68263337364417,253.6621856689453,29043900,179.70307029563975,182.818377611748,175.2838952341355,180.4296417236328,50406300
2022-05-25,104.4859474528287,105.99324451926378,103.36232172356168,105.30155181884766,40258000,136.42285136269513,139.73413423560646,136.33415991086508,138.48255920410156,92482700,103.65550231933594,108.17500305175781,103.6500015258789,106.7750015258789,93120000,252.21614400385604,258.508329616122,251.22931223025788,256.49560546875,28547900,179.55374864716,184.5800624459455,178.47882822532142,182.96766662597656,28030200
2022-05-26,105.17416668495665,108.1325189038604,104.7243139415563,107.27960205078125,37948000,135.3979334424933,142.2471599393567,135.1515582804655,141.69528198242188,90601500,107.97000122070312,112.66549682617188,107.45349884033203,111.07749938964844,93002000,256.2513925154789,260.98032015992106,255.43067249294842,259.798095703125,25002100,182.02212486885114,191.92544693032073,181.40502292734416,190.7310791015625,23056500
2022-05-27,108.96206020855854,111.7835698138087,108.61919412203534,111.78207397460938,37914000,143.28194375102797,147.50973506608682,143.15382385017716,147.47032165527344,90978500,113.55000305175781,115.18699645996094,112.62799835205078,115.14649963378906,93660000,262.31888853076333,267.0673461571398,261.4199877190789,266.9696350097656,26910800,190.46234125703288,194.41371941796862,188.9096615621262,194.21466064453125,22562700
2022-05-31,112.21002456042172,115.18430708649075,111.54520378568205,113.22069549560547,50012000,146.90857598068396,148.47551826509655,144.710898900611,146.68190002441406,103718400,116.27999877929688,121.99449920654297,115.67500305175781,120.20950317382812,144634000,266.27596136768364,268.46454814999765,262.75856845520855,265.631103515625,37827700,193.97581070281703,196.6731053355779,191.10931532736834,192.73167419433594,26131100
2022-06-01,114.30849764115457,116.54430641015415,112.71113124806907,113.3500747680664,36606000,147.72652020499015,149.53985256911304,145.53870787317794,146.5537872314453,74286600,122.25599670410156,125.17900085449219,120.62249755859375,121.68399810791016,127528000,268.8846905955963,271.3175402469702,263.8430992924874,266.1684875488281,25292200,195.5882055002462,198.59404353782838,184.13220207121236,187.755126953125,36623500
2022-06-02,113.45756701556255,117.33851047218953,112.40908243525307,117.06282806396484,37992000,145.68659562637686,149.0767210300662,144.73065857809644,149.01759338378906,72348100,121.68399810791016,125.61000061035156,120.04499816894531,125.51100158691406,100560000,258.3814187430901,268.3473314616389,255.59681452126713,268.2789306640625,44008200,187.56599834187975,199.99741456665316,186.84937456923174,197.9271697998047,31951600
2022-06-03,115.51024691373239,115.76801720266153,112.97835314878134,113.99598693847656,26136000,144.77002952584698,145.82452236693706,142.36542073655667,143.27207946777344,88570300,124.19999694824219,124.4000015258789,121.04650115966797,122.3499984741211,97604000,264.1068396667638,267.1747962824876,262.2504474211242,263.823486328125,28059000,195.06067513561032,195.68772473485097,188.88976169072905,189.88507080078125,19465000
2022-06-06,116.14919546785866,118.77912375848886,115.61127043127397,116.2646484375,33542000,144.89816741340283,146.4158469197131,142.79904610031343,144.0210723876953,71598400,125.25,128.99000549316406,123.80999755859375,124.79000091552734,135269000,265.8167420959057,267.8880873887345,261.08781439672373,262.58270263671875,22400300,193.08001599733524,195.99626434360303,187.5162266373198,193.3387908935547,30574200
2022-06-07,114.93102184671086,117.13100649382692,114.50456340116364,116.59207916259766,31590000,142.257004413004,146.83957576238276,142.01062928588593,146.5537872314453,67808200,122.01000213623047,124.0999984741211,120.62999725341797,123.0,85156700,260.52113323788575,266.862190534899,259.83718498016987,266.24664306640625,22860700,191.02965739580154,195.6080850699879,190.5917341739949,194.73220825195312,18828700
2022-06-08,116.20592298566977,118.00632111258021,116.04519240682265,116.63636779785156,26108000,146.42570291726497,147.69699226544608,145.3219468917094,145.814697265625,53950200,122.61000061035156,123.75,120.75,121.18000030517578,64926600,265.4747453002484,266.7351505141469,263.4229304866885,264.20458984375,17372300,193.75683009472488,201.0823060343679,193.49805518353978,195.71759033203125,22267200
2022-06-09,115.77399057256335,117.73611398435301,114.22987449001698,114.28909301757812,25798000,144.9474487547002,145.80482957531117,140.46341743862806,140.5718231201172,69473000,119.98999786376953,121.30000305175781,116.0999984741211,116.1500015258789,67029800,261.6349682995289,266.45182722597934,258.5572606402289,258.7135925292969,26439700,193.368647499835,198.514393638331,182.81836514135458,183.13687133789062,23501600
2022-06-10,111.90996185455049,112.73999313613125,109.84085182107376,110.632568359375,41452000,138.2460293933542,138.71906549283727,135.07271611079338,135.14170837402344,91437900,113.41999816894531,114.5,109.05000305175781,109.6500015258789,87266000,254.60014614141426,254.60014614141426,246.73489104071965,247.18434143066406,31422800,182.1813427796029,182.24107407361413,174.19897596808107,174.74639892578125,27450800
2022-06-13,106.27839110394777,108.27384824703032,105.61407143207575,105.88626861572266,47252000,130.94345514835987,133.23967326736573,129.5341965596281,129.9678192138672,122207100,104.19000244140625,106.54000091552734,101.86000061035156,103.66999816894531,99277700,239.4851959678667,243.3054725413383,235.9873483160347,236.70059204101562,46135800,169.78976417362642,171.77043461528172,163.2605393517498,163.4894561767578,31749300
2022-06-14,106.02809576378536,107.41098020496892,105.29659238534681,106.20773315429688,33706000,131.19968263156562,131.94865757666818,129.57359783046005,130.8350372314453,84784300,104.19000244140625,104.87999725341797,101.43000030517578,102.30999755859375,69728800,238.26384714045005,240.10070925355024,235.96776949907485,238.87939453125,28651500,165.25114293235535,165.96776658777102,160.60305198141782,162.96192932128906,27244300
2022-06-15,108.02851540213744,110.89332070160148,107.1571853080472,109.24221801757812,39698000,132.34286902822936,135.3486488673454,130.24376297463832,133.46633911132812,91533000,103.86000061035156,109.05999755859375,103.52999877929688,107.66999816894531,85011100,242.61173342919113,249.44133097278552,240.76510609798785,245.98255920410156,33111700,166.41567933900382,171.3524191827835,163.21078280553314,168.55560302734375,30008300
2022-06-16,106.71082612689229,108.13153172918454,104.6377371893725,105.52897644042969,51684000,130.16494057459525,130.47044340040713,127.16900988024103,128.17422485351562,108123900,104.47000122070312,104.58000183105469,102.01000213623047,103.66000366210938,82186300,240.33522097758944,241.7421780918866,237.44315571698203,239.34840393066406,33169200,162.95200874316495,164.3056297405773,158.86128769259773,160.11537170410156,26944100
2022-06-17,105.528970887289,108.18228586085846,104.54616658355276,106.6336898803711,51376000,128.18407944512376,131.15043105016284,127.92783964673345,129.6524658203125,134520300,102.80000305175781,106.9800033569336,102.51000213623047,106.22000122070312,99772100,239.0846034844519,244.75150764110145,238.42998048259105,241.96690368652344,43084800,160.92158931208894,165.1217954853802,159.1499400944122,162.97193908691406,31374200
2022-06-21,108.41119057692619,111.95425661827566,108.08326009819567,111.01325225830078,47416000,131.48547490267777,135.07269612109914,131.38693387520644,133.8999481201172,81000500,108.19999694824219,111.62999725341797,103.55999755859375,108.68000030517578,70901200,244.51699356218077,248.90396178868318,243.7842046658451,247.91714477539062,29928300,165.15162772651811,166.97304515845718,155.23835783225354,156.31329345703125,50724900
2022-06-22,110.03045374439513,112.8071716946308,109.85727808662209,110.95702362060547,30774000,132.83561923956722,135.7625572241762,131.96838893721528,133.38751220703125,73409200,107.43000030517578,112.12999725341797,107.0199966430664,108.94999694824219,60040100,246.1095868286238,251.26843424817747,244.6244638607428,247.32113647460938,25939900,157.63705777251027,160.03574112554074,154.71084663209396,155.11892700195312,47267800
2022-06-23,111.69747579437303,112.20604591984649,109.97471708378085,111.70792388916016,28362000,134.83620952437622,136.58053489148253,133.66346131552876,136.2651824951172,72433800,110.38999938964844,113.0,107.93000030517578,112.44000244140625,64345300,249.70510758970073,253.41789208510144,247.80962492556682,252.91958618164062,25861400,155.53694789245958,159.00061909833292,153.52641937976747,158.00531005859375,40499200
2022-06-24,112.45735057227827,117.51715954815482,112.41504945457397,117.41365051269531,41164000,137.87151232385762,139.85237792973814,137.7434074858847,139.6060028076172,89116800,112.37999725341797,116.70999908447266,111.43000030517578,116.45999908447266,69867600,255.80194348120352,261.8303665392892,255.7140123924243,261.5567932128906,33923200,160.97135198810747,169.45139058894296,160.54337632376567,169.36181640625,68736000
2022-06-27,117.71023220229814,118.01526949121953,114.6314459624472,115.28234100341797,36420000,140.6309166991209,141.40947050604774,138.92600506455636,139.6060028076172,70207900,117.08999633789062,117.9800033569336,112.69999694824219,113.22000122070312,62133200,262.0550687832511,262.1429998718292,257.238210310739,258.811279296875,24615100,170.5163483567806,170.94432394491855,167.2218627479508,168.69493103027344,29174600
2022-06-28,115.25148924100075,116.75132243650623,111.31580714736661,111.47454833984375,35792000,140.06920480029078,141.34049395514106,135.328949330103,135.44720458984375,67083400,113.5,114.8499984741211,107.04000091552734,107.4000015258789,74942900,257.922126251473,260.78488066236616,250.4379064264816,250.59423828125,27295500,169.103021258367,170.49646320334057,159.85660578696826,159.92626953125,27744500
2022-06-29,111.02121914854789,112.62206327148687,110.34494794788081,111.17000579833984,24716000,135.46693252662052,138.63038134531047,134.6883785543866,137.2112579345703,66242400,107.37999725341797,110.98999786376953,106.91000366210938,108.91999816894531,66375300,251.6788100350008,255.95830237758284,249.89080316458814,254.2875518798828,20069800,162.80271522785688,165.54976285032362,159.5679606836343,163.1709747314453,28595200
2022-06-30,109.47659494140807,110.36037012107478,106.24205918177555,108.44452667236328,43170000,135.25993916685138,136.36369487845758,131.83040175040082,134.7376251220703,98964500,108.11000061035156,108.18000030517578,102.5199966430664,106.20999908447266,97679400,251.15117086547428,253.57427023351318,247.0964115747402,250.93621826171875,31730900,161.3893634177571,164.4549172478533,157.7465436782428,160.49359130859375,35250600
2022-07-01,107.41943163222562,108.73016641639377,106.22265397774427,108.22010803222656,35476000,134.06750724522163,137.02400931509246,133.69302720857007,136.9156036376953,71051600,106.29000091552734,109.75,105.8499984741211,109.55999755859375,73021200,250.50633991832885,253.80875014835922,248.7671738970016,253.62310791015625,22837700,159.55801274893219,159.866556165809,154.27292341542866,159.27932739257812,31423900
2022-07-05,106.59089187479918,112.8375236690026,105.22840262829631,112.72406768798828,39342000,135.77243576693132,139.5567548491927,134.94460374967946,139.50747680664062,73353800,107.5999984741211,114.08000183105469,106.31999969482422,113.5,76583700,250.28154597370147,256.94504516270433,248.89413446557137,256.8180236816406,22941000,157.39817250750363,167.46074760716715,156.28343123177942,167.40103149414062,28618600
2022-07-06,112.76288648601033,115.0395005469071,110.94557098037903,114.02684020996094,37432000,139.30050454673838,142.03033016068872,139.03441519576913,140.8477325439453,74064300,113.20999908447266,115.4800033569336,112.01000213623047,114.33000183105469,66958900,257.6974130616981,261.8401031652253,256.3783871640925,260.1009521484375,23824400,167.41099021110313,170.7850875055919,164.68385295409936,168.9736328125,23085900
2022-07-07,114.53242824450783,118.62237150865167,114.28710302372731,118.21780395507812,40936000,141.2123976378396,144.42513974752345,141.20254804373226,144.22804260253906,66253700,113.8499984741211,116.98999786376953,113.48999786376953,116.33000183105469,57872300,259.0360237779557,262.88561107764684,258.93831261363266,262.2407531738281,20859900,168.65511099185295,171.90977575106322,166.9929467451006,171.38226318359375,24083400
2022-07-08,116.69209965966292,119.11551098399944,116.34525479851375,118.78559112548828,38238000,143.15379978350074,145.41060438999426,142.89757506242208,144.90798950195312,64547800,114.5999984741211,116.58000183105469,113.69000244140625,115.54000091552734,45719700,258.71356617323374,261.9476053921388,257.2479884069412,261.5177001953125,19658800,169.1826428402313,171.59128912909785,167.3612252972131,170.07843017578125,19249200
2022-07-11,117.4365476052986,117.4365476052986,114.78173665895066,115.12609100341797,31196000,143.5578737194986,144.51381052529135,141.6952781464939,142.76947021484375,63141600,114.08000183105469,114.30000305175781,110.87000274658203,111.75,53487600,259.5538260801544,260.4136365057184,256.16345486227567,258.44000244140625,19455200,166.2862991091349,166.7043271098819,161.15050049330895,162.11595153808594,21885600
2022-07-12,115.66202058231765,116.41741177109778,113.14904114568549,113.47796630859375,29960000,143.64656111311933,146.29756011597522,142.94686411267188,143.7451171875,77588800,112.16000366210938,113.2300033569336,108.33999633789062,109.22000122070312,54280300,259.7785332128201,259.83715393450507,246.25612518586624,247.84872436523438,35868500,164.02694157042103,165.1317352711838,161.33961005665554,162.50411987304688,16639700
2022-07-13,111.16949673952026,113.65262767517154,110.67237700140517,110.82365417480469,43722000,140.91674157030096,144.32656535504097,140.05934579014044,143.3804931640625,71185600,107.02999877929688,111.77999877929688,106.01000213623047,110.4000015258789,61353800,244.448637681969,247.73153293675992,242.4163677710384,246.9205780029297,29497400,159.4087025077127,164.20608427394072,158.86127948791204,162.72308349609375,16555100
2022-07-14,109.68610316058955,110.56440377859388,107.85734476528513,109.84235382080078,37004000,141.9909585625348,146.7903426970183,141.1729910854223,146.3173065185547,78140700,110.23999786376953,111.18000030517578,107.58000183105469,110.62999725341797,51163100,244.81986703868395,249.28498583631665,240.29611261211394,248.2493133544922,25102800,160.46373708780524,161.82730571844314,156.54221673613603,157.30860900878906,23765200
2022-07-15,111.46758971888954,112.60216483443524,110.37232404487976,111.24564361572266,46770000,147.6083005741264,148.67264318460957,146.05120759050547,147.99264526367188,76259900,112.5,115.58999633789062,111.58999633789062,113.55000305175781,84317800,249.85171396560196,254.39499935360527,248.923517638966,250.82876586914062,29774100,159.78690935880238,164.20608400267676,159.07030080986016,163.92739868164062,23342800
2022-07-18,112.10403093176883,113.13908327050366,107.85435196917416,108.5112075805664,43164600,148.55434594792092,149.37231314080057,144.57291563649574,144.93756103515625,81420900,115.0,117.23999786376953,113.1500015258789,113.76000213623047,59115400,253.78918985162395,254.854172671776,247.48720910074877,248.4154052734375,20975000,165.9677820373673,170.88461111358544,164.86298839802592,166.44552612304688,23574300
2022-07-19,110.32255584496407,113.47747063825159,109.03869296718022,113.26847076416016,36530900,145.77524895701922,149.03725358197892,144.7798987508147,148.8105926513672,82982400,115.69999694824219,118.94999694824219,114.02999877929688,118.20999908447266,60990000,251.66897121053262,253.7598762226603,247.85847543127215,253.57423400878906,25012600,169.570803302963,175.66210520716854,168.71483688564845,174.95542907714844,25933700
2022-07-20,112.63151001819001,114.85090252062787,111.9447983557441,113.35803985595703,35600400,148.92887000877803,151.49117799927419,148.18974443892895,150.82102966308594,64823400,118.62000274658203,123.4800033569336,118.31999969482422,122.7699966430664,71268300,253.93573497770862,258.79168319801533,252.9684633205692,256.2513427734375,22788300,176.65741826877792,182.73875749938003,175.87111557208019,182.23114013671875,24784300
2022-07-21,113.73623213542243,114.00495167460863,110.58131743938425,113.79594421386719,32676200,152.25986777550145,153.31436080918664,149.73698823001865,153.09754943847656,65086600,123.19999694824219,124.8499984741211,121.26000213623047,124.62999725341797,60239900,253.82832050457455,258.8112911394695,251.1316477290945,258.7624206542969,22404700,179.78271223745008,182.987609193753,178.03095826150494,182.310791015625,27195800
2022-07-22,110.47184488302739,111.80546531170556,105.99325657695871,107.3865966796875,48901200,153.13692762960554,154.01402250481192,151.18564077957626,151.85577392578125,66675400,125.01000213623047,125.5,121.3499984741211,122.41999816894531,51463800,259.1532104358892,259.2411415200037,253.1248175148645,254.38519287109375,21881300,172.25816044187403,174.7762913553687,167.62001619667512,168.47598266601562,42583900
2022-07-25,107.89416270496079,109.34721476148648,105.79420198666402,106.99844360351562,34690900,151.77694330248553,152.79200772624299,150.07203146028309,150.73231506347656,53623900,122.69999694824219,123.63999938964844,120.02999877929688,121.13999938964844,50221300,255.01052009346162,255.49904599402382,250.91667066137012,252.8903045654297,21056000,168.20723807758844,169.76988065609982,164.03689051423166,165.86825561523438,26166300
2022-07-26,106.09277036719988,106.68991390610014,103.57480992289085,104.5202865600586,47991000,150.05232023117222,150.87028755705626,148.61349773507445,149.4019012451172,55138700,115.79000091552734,118.1500015258789,114.52999877929688,114.80999755859375,67075100,253.89666285886076,253.91622297762817,243.84282144692108,246.1193389892578,39348000,165.16159989819332,165.22131601619705,157.2090744611017,158.4034423828125,28468400
2022-07-27,108.7401268402842,113.36800296920033,107.49607452568807,112.52204132080078,59858500,150.36772753245657,155.04885675783189,149.95381896335044,154.5166778564453,78620700,117.30999755859375,121.9000015258789,117.16000366210938,120.97000122070312,61582000,255.166807224463,263.8527807086817,252.90982034493575,262.5728454589844,45994000,161.8272994536616,170.06845740995198,161.25998117617786,168.78451538085938,43846600
2022-07-28,111.83532546250933,113.79594545946627,110.92965176635761,113.67652130126953,32816600,154.70386654701585,155.35430049556004,152.17113804441613,155.06851196289062,81378700,121.56999969482422,122.83999633789062,118.08000183105469,122.27999877929688,82245500,263.5597258949392,271.4640714641904,261.72286372035086,270.06689453125,33459300,160.3044811608668,160.7523672182703,154.12362015683283,159.96607971191406,73214300
2022-07-29,112.54194397943671,116.15466896108313,112.52203489140882,115.76652526855469,37223400,158.90211167106582,161.2574573481273,157.18733532671283,160.1536865234375,101786900,134.89999389648438,137.64999389648438,132.41000366210938,134.9499969482422,148892900,271.3272998322268,275.5286106924797,270.28184723835176,274.2975158691406,32152800,156.9502939994109,159.38879825060556,154.44211082153643,158.3536834716797,42065400
2022-08-01,114.75138539504273,116.16462696340376,113.79594656165995,114.3134765625,26034300,158.6754929629622,161.21808706491137,158.55723766812045,159.16824340820312,67829400,134.9600067138672,138.8300018310547,133.50999450683594,135.38999938964844,76846900,271.4445457557554,274.8251367286238,269.5099724039233,271.63018798828125,21539600,156.51234291833012,164.41509894301535,154.50181445163443,159.1797637939453,40596700
2022-08-02,113.4575633556852,115.79638002904798,113.17889687110984,114.58218383789062,20236000,157.77866315380257,160.05516729364513,157.31547663627524,157.68995666503906,59907000,134.72000122070312,137.44000244140625,134.08999633789062,134.16000366210938,61922400,269.6662805978078,271.5129227011394,266.1293580650753,268.51336669921875,22754200,157.56738213610367,161.47895481991452,157.26878636687042,159.43856811523438,27374500
2022-08-03,115.1594320713057,118.05558946224379,114.93053070088145,117.51815795898438,28499000,158.50793002421338,164.17455908657996,158.41923856963987,163.7212371826172,82507500,136.2100067138672,140.49000549316406,136.0500030517578,139.52000427246094,71827800,270.4089258514928,276.99424690662045,270.26234419508773,275.9878845214844,23518900,161.92683951716316,168.74469772334,160.81209818776804,168.0081787109375,31721900
2022-08-04,116.92101136605847,118.21482116526452,116.33381474881479,117.62763214111328,21602900,163.60296566260632,164.76586430720064,162.04587275334626,163.40586853027344,55474100,140.5800018310547,143.55999755859375,139.5500030517578,142.57000732421875,70585000,275.33322553041455,277.2873294158462,273.74065591028534,277.1407775878906,18098700,167.51052626976846,171.34245723138352,166.01756260459624,169.76988220214844,23938200
2022-08-05,115.67695125259638,117.54800299790868,115.44804231050304,116.91104888916016,19159500,161.0669786444056,163.67231353700947,160.85972942250632,163.1788787841797,56697000,140.10000610351562,142.86000061035156,139.60000610351562,140.8000030517578,50686900,272.744060573087,277.1407945849603,272.28484493915647,276.41778564453125,16774600,166.20667860306156,170.8050019657225,165.02225829759746,166.32611083984375,25832700
2022-08-08,117.82668469128856,119.57831251315469,116.32386733757586,116.74187469482422,19138300,164.18545853040564,165.6065528867567,162.0439537228382,162.7051544189453,60276900,142.0500030517578,144.22999572753906,138.2899932861328,139.41000366210938,52229000,277.5315916851269,279.3587038597867,272.91015509105625,273.88720703125,18739200,167.2119248175936,176.6773086657649,166.3460107811244,169.4513702392578,27299100
2022-08-09,116.58262580661216,116.7617696373508,115.15942970493639,116.0750503540039,19086500,161.8663855989373,163.64275421535987,161.10649165166032,162.7545623779297,63135500,138.0500030517578,138.9499969482422,136.2100067138672,137.8300018310547,40434700,273.2227242517133,276.5837543301853,271.239280875413,275.8216552734375,23405200,168.15746891628208,168.73475001506094,165.81850165044239,167.73944091796875,18655100
2022-08-10,118.21481912974991,120.34463596242325,117.84658452538288,119.13043975830078,30930400,165.4782929876242,167.11650019395563,164.7085358778416,167.017822265625,70170500,142.89999389648438,144.60000610351562,141.00999450683594,142.69000244140625,54773800,281.5570202861987,283.1593696760918,280.3552358808387,282.5242919921875,24687800,175.16446579702543,179.63339423778683,173.13402659116673,177.50343322753906,30262100
2022-08-11,120.70292085614055,120.91192071702521,117.99586202223843,118.27452850341797,24293700,167.8270416248752,168.74483818248612,165.9816002931334,166.2776641845703,57149200,143.86000061035156,144.49000549316406,139.75999450683594,140.63999938964844,44867300,284.17553591957807,284.52726027253226,279.9351344778462,280.43341064453125,20065900,178.86701243504587,182.24110981599185,175.54266836138663,176.6574249267578,24079100
2022-08-12,119.6877792993413,121.10102081298828,118.89158283337814,121.10102081298828,19096300,167.59017930923486,169.90931351048877,167.17568088366417,169.84024047851562,68039400,142.0500030517578,143.57000732421875,140.1199951171875,143.5500030517578,47643500,281.85993143304614,285.2112121582031,280.35526321914153,285.2112121582031,22619700,179.96183318123636,180.60879319864185,178.07075199512173,179.65328979492188,21274000
2022-08-15,120.55363833935155,121.71807703386351,120.03611593641816,121.4991226196289,19494800,169.2678538821815,171.11329495244684,169.10008788110582,170.91592407226562,54091700,142.8000030517578,143.75999450683594,141.49000549316406,143.17999267578125,39014600,284.32209329350565,287.42911107438584,283.4525028196031,286.73541259765625,18085700,178.12051890328047,180.58888115906342,177.36407428579042,180.0414581298828,15878700
2022-08-16,120.94178207281517,121.84745576956125,120.06597200873036,121.12092590332031,19041200,170.51130875130826,171.4291052045612,169.406019744618,170.75802612304688,56377100,143.91000366210938,146.57000732421875,142.0,144.77999877929688,59102900,285.28931942726337,287.29229332427917,283.7553709027829,285.9927978515625,18102900,178.59825473705163,180.14098677068188,176.20950395320818,178.62811279296875,21156700
2022-08-17,119.54844289474703,120.71287393111825,118.81195852562857,118.98115539550781,22847000,170.5014454179234,173.83705404292962,170.30407453228813,172.25807189941406,79542000,142.69000244140625,143.3800048828125,140.77999877929688,142.10000610351562,48149800,283.6919170451894,287.22657693681026,283.4275638200521,285.23895263671875,18253400,175.9308138086824,177.30434509199418,173.35296713722312,174.02978515625,20118100
2022-08-18,118.86172875873096,120.2451142565541,118.15510799023149,119.59820556640625,17987700,171.46858522763415,172.60347919281742,170.84685258911696,171.8633270263672,62290100,141.32000732421875,142.77000427246094,140.3800048828125,142.3000030517578,37458700,284.132517315576,285.8166148810079,283.0456721434277,284.1129455566406,17186200,173.52217679631798,174.93551383026298,171.05381459528806,173.84068298339844,18844500
2022-08-19,118.49347840387087,118.58305410832624,116.2044269718424,116.65228271484375,21809500,170.758051022337,171.4587350859564,169.06063405258988,169.26788330078125,70346300,140.47000122070312,141.11000061035156,137.91000366210938,138.22999572753906,47792800,282.8694145780961,283.21211455626116,279.5991382584274,280.17681884765625,20570000,169.40161721404766,171.51168297574213,166.26639941236283,167.17213439941406,26240800
2022-08-22,114.65184995934078,115.07980422824266,113.30827507565557,113.69641876220703,21456600,167.461909771558,167.62967580149297,164.94538920566245,165.3697509765625,69026800,135.72000122070312,136.32000732421875,132.85000610351562,133.22000122070312,50461500,276.1918113279742,276.5638839382038,271.4332739585335,271.95220947265625,25061100,164.7137129506601,164.7137129506601,161.49885353456378,162.28515625,19499700
2022-08-23,112.94004053241602,114.46275924088157,112.89027540618044,113.31822967529297,15870400,164.88612479798257,166.49472657906531,164.46176316770573,165.03414916992188,54147100,133.41000366210938,134.99000549316406,132.9499969482422,133.6199951171875,36252100,270.6695251464844,273.0389927321079,269.65122599832847,270.6695251464844,17527400,161.7178320283796,164.27578392214167,159.94618289513025,160.35426330566406,18111800
2022-08-24,112.9599418544723,114.23385011599804,112.33294226755979,113.14904022216797,17734600,165.12302704926418,165.90264739975865,164.06706935977206,165.33026123046875,53841500,132.75,135.47000122070312,132.10000610351562,133.8000030517578,38627000,269.6610085134701,271.4430244316459,269.3672528796194,270.0330810546875,18137000,159.84664525778507,164.68384802236503,159.02053689408802,162.49415588378906,20891500
2022-08-25,113.69641910388675,116.1646220653855,113.56704040567818,116.09495544433594,16956800,166.56385255540565,167.9059958352742,166.13950584864693,167.7974395751953,51218200,135.25999450683594,137.4199981689453,134.27999877929688,137.27999877929688,37496300,271.54088479493174,273.1956094206998,268.7895442970541,273.0291748046875,16583400,164.40516214706705,168.08781824233088,163.25061504697777,167.98828125,15550500
2022-08-26,114.17414361532893,114.57224186477183,109.66569935363755,109.81497955322266,37245700,168.3303593412636,168.80405254539968,161.4123936253421,161.4716033935547,78961000,136.5500030517578,137.8300018310547,130.5,130.75,53322700,273.2543867966453,274.48809473855994,262.3861154474646,262.4938049316406,27549300,167.68967075178267,170.11822735439944,160.9116182981977,161.02110290527344,24023600
2022-08-29,109.46664820361845,110.42207946188543,108.2823155735555,108.89936065673828,21191200,159.03401076431982,160.7610323552504,157.72148760663381,159.26100158691406,73314000,129.89999389648438,131.9499969482422,128.77000427246094,129.7899932861328,48101600,260.3005345079081,261.8181671643971,258.3422833999013,259.6934814453125,20338500,159.90637119893756,162.28515945273423,158.2641019940911,158.42335510253906,20052700
2022-08-30,109.64579701810739,109.974228663608,107.2870786022774,108.4216537475586,27513300,160.00116164152158,160.4255083111715,155.64906340226676,156.8234405517578,77906200,131.25,132.07000732421875,126.8499984741211,128.72999572753906,49203000,261.1034593568575,261.47550201720145,255.2189044329555,257.4806823730469,22767100,159.5978135949157,160.9016660315116,155.1786389455111,156.4227752685547,19567900
2022-08-31,110.1235084111581,110.3225537370346,107.61549478379631,107.70507049560547,28627000,158.20506309707196,158.47152210531658,155.07668827346,155.1556396484375,87991100,129.4499969482422,130.58999633789062,126.73999786376953,126.7699966430664,53648700,259.85017923118824,261.53424671982935,255.87490146998655,256.0119934082031,24791800,166.28628921082225,167.05266623963342,161.3794077283267,162.1656951904297,40953000
2022-09-01,107.76478233631381,109.92445524897461,106.84916169035981,109.21783447265625,28360900,154.5832350896264,156.33986156326952,152.6391010050158,155.8859100341797,74229900,126.0,128.02000427246094,123.66000366210938,127.81999969482422,56636100,253.46629417161157,255.44414743540307,250.07852722864436,254.96435546875,23263400,162.81267101337778,166.57493834921172,159.5978267422207,164.58432006835938,30145700
2022-09-02,110.06377498827145,110.21306276057402,106.74962592723023,107.3368148803711,24160700,157.6524290472663,158.25442014549628,152.93519325134068,153.76416015625,76957800,129.5,131.3800048828125,126.38999938964844,127.51000213623047,57429800,256.2371876448455,259.2137080265582,249.1580986293186,250.71490478515625,22855400,166.66452215935502,167.14226632195155,158.47313171264273,159.56797790527344,22634200
2022-09-06,106.7894393506126,107.51596155243057,105.27666768751821,106.30176544189453,25068300,154.4155062278411,155.0273606352828,151.67200961207504,152.5009765625,73714800,127.91999816894531,128.6199951171875,124.73999786376953,126.11000061035156,43888600,250.85204083793536,252.44799078544023,246.6809553860228,247.96360778808594,21328200,159.3489746821426,160.93151232444234,156.95027638172508,157.79627990722656,19339800
2022-09-07,106.55057966549539,109.45669135552637,106.39134493339468,108.92920684814453,23167000,152.78715495485997,154.61285463504657,151.59303614241935,153.9121856689453,87449600,126.12000274658203,129.82000732421875,125.4000015258789,129.47999572753906,47900300,249.3833096821503,253.42708861317715,247.93420784755494,252.70254516601562,24126700,157.01996634774872,160.2049677838299,156.07442569081752,159.63763427734375,16831200
2022-09-08,107.52593262689165,109.07850751547035,106.65012251414598,107.86431121826172,24238300,152.60951406525444,154.30693097885487,150.6752430270464,152.431884765625,84923800,127.72000122070312,130.27999877929688,127.0999984741211,129.82000732421875,43988500,252.13466903377497,254.99369934994252,249.47143098936897,253.12356567382812,20319900,157.96551307438028,161.46899015231475,157.00006203771443,161.29978942871094,22530800
2022-09-09,108.55102080160147,110.46188319968864,108.5012556752909,110.12350463867188,23197700,153.42861893209738,155.74776853082003,152.71807161072002,155.3036651611328,68028800,130.91000366210938,133.69000244140625,130.75999450683594,133.27000427246094,49387600,255.06227583640336,259.6935517170331,254.85666778097755,258.9396057128906,22084700,162.48420422097,168.74469153277727,162.25528738934116,168.3565216064453,22086800
2022-09-12,110.46188297027061,111.08889015087576,109.40692911388913,110.33250427246094,22966800,157.49451256385936,162.10319169268726,157.20832701154205,161.28408813476562,104956000,134.10000610351562,136.49000549316406,134.0,136.4499969482422,53826900,260.2320277253486,261.867180794142,259.62497457136203,261.0838623046875,18747700,166.60477697553068,170.58601307286074,166.4952923753657,168.16741943359375,23220400
2022-09-13,107.2870684416698,107.7846893387219,103.59471470362199,103.82362365722656,38172900,157.80045022276116,158.4320461932663,151.35619264515168,151.8200225830078,122656600,131.00999450683594,131.39999389648438,126.2699966430664,126.81999969482422,72694000,253.43690662678696,254.96434041286705,246.3382449089679,246.7299041748047,33353300,160.78223592808004,160.8718252952653,151.9538484891474,152.4116973876953,44444100
2022-09-14,104.07243482099148,104.77905558849064,103.16676873054044,104.5003890991211,26395100,152.75752979849568,155.0372110898694,151.59303096684667,153.2707061767578,87965400,127.36000061035156,128.83999633789062,126.33000183105469,128.5500030517578,45316800,248.23773036455412,248.92311534672746,244.6443409420498,246.955078125,23913000,152.6107513043194,152.81975771757354,148.35082942673566,150.7594757080078,43064200
2022-09-15,103.53500749392786,104.76910525057787,101.86300089749223,102.42034149169922,34188300,152.6193698403597,153.2016343191028,149.39231725485783,150.3693084716797,90481100,127.37999725341797,130.3699951171875,125.5,126.27999877929688,52887200,244.55623484084325,246.15219960227225,238.92626196066945,240.25787353515625,31530900,149.09730750175274,153.47666150459145,148.0024614074372,148.84848022460938,34606300
2022-09-16,101.58432982803475,102.639283702151,100.45970933191258,102.31085968017578,42797200,149.2245349767334,149.36269609630034,146.42181431655243,148.72122192382812,162278800,122.77999877929688,123.87000274658203,120.69999694824219,123.52999877929688,115667800,239.16128018660825,240.17957946034204,237.0072062556293,239.6312713623047,39791800,147.35551347989295,147.88302608142735,143.61314159011064,145.603759765625,40122800
2022-09-19,101.26586321155096,102.83834723413165,101.0668178690112,102.57958221435547,23036800,147.34950026158054,152.530565756339,147.142266074514,152.4516143798828,81474200,122.16000366210938,124.70999908447266,121.80000305175781,124.66000366210938,47279700,237.40860661356453,240.0228704060289,235.82242778090065,239.4158172607422,26826900,144.55871004345596,147.88303904300327,144.41936736644539,147.32566833496094,22169500
2022-09-20,101.59428213900198,101.882903164709,100.04169980785068,100.65875244140625,26517100,151.38579993733708,156.0043577800845,151.07000947628035,154.83984375,107689800,123.3499984741211,124.4000015258789,121.13999938964844,122.19000244140625,47698400,237.01694998589443,238.42687835254904,234.63766692038863,237.38900756835938,26660300,145.09615023192904,148.141793455889,144.53877960103583,145.40469360351562,23217400
2022-09-21,101.18622915681169,102.39047078999764,98.79764738492318,98.80760192871094,31487300,155.27406232514645,156.6556888275703,151.5831795854477,151.70159912109375,101696800,122.48999786376953,123.76000213623047,118.44999694824219,118.54000091552734,58498900,239.17105337813675,242.4902891041455,233.91313789195507,233.96209716796875,28625600,145.70329744159392,148.89824631084826,141.3338911330671,141.4533233642578,38338600
2022-09-22,98.34978678329364,100.75826993110525,98.3199307464922,99.66350555419922,34298600,150.37917767527796,152.44173129494766,148.92847832058902,150.7344512939453,86652500,117.08000183105469,118.79000091552734,116.26000213623047,117.30999755859375,55229200,232.90462550627097,238.76959382847815,232.61089974845348,235.94970703125,31061200,140.8860081046165,143.90179350464157,140.20919000984014,142.15005493164062,34418500
2022-09-23,99.15593670389735,99.18580033576465,97.00621838807963,98.27017211914062,31625400,149.2048340849056,149.4811563994393,146.60936192506745,148.45480346679688,96029900,116.0,116.05000305175781,112.05999755859375,113.77999877929688,65126700,234.5397923286239,236.09661373689661,230.29038985586033,232.95361328125,34176000,140.75661478213078,141.95098269593655,138.2384839082262,139.75135803222656,31710700
2022-09-26,97.63322186449305,99.40475110446,97.33465387177638,97.70288848876953,27072700,147.69490315670595,151.750937683408,147.67516154898482,148.7903289794922,93339400,113.30000305175781,117.33999633789062,113.12999725341797,115.1500015258789,62723300,232.1017486430267,236.40989571851813,231.9548708248314,232.49339294433594,27694200,139.46269445432551,141.57275989543223,135.5511373115221,135.73028564453125,30497000
2022-09-27,98.95688868137792,99.52417618189102,96.40907220091097,97.03607177734375,30072800,150.73444637733243,152.68844368705126,147.98107215786084,149.76730346679688,84442700,117.19999694824219,118.31999969482422,113.05000305175781,114.41000366210938,60094700,234.97056844503464,236.75258429285282,229.6049640859191,231.47509765625,27018700,137.273039043162,138.76600279967622,133.49086115588344,133.76954650878906,30826500
2022-09-28,97.18536972439702,100.22085285955642,96.64793820563632,99.5739517211914,32466300,145.70144817206113,148.66205739939247,142.93820988153112,147.87255859375,146691400,114.37999725341797,118.69999694824219,113.80000305175781,118.01000213623047,55763800,231.8667567155219,237.27153481149165,229.83017344834093,236.037841796875,29029700,133.988508300892,141.36375249344968,133.64015922271042,140.9457244873047,32658500
2022-09-29,98.17065531531073,98.17065531531073,95.50340685796787,96.95645904541016,31047200,144.18163918720862,144.7934934551737,138.83279327495222,140.60916137695312,128138200,115.5999984741211,116.06999969482422,113.05999755859375,114.80000305175781,58969700,233.9033272029391,234.94119800713992,229.51684845035993,232.54234313964844,27484200,138.70630092004708,139.18404511876105,134.5658106986214,135.7701416015625,38985400
2022-09-30,96.58821763291844,98.4294134043774,95.10530191604596,95.19487762451172,32941500,139.42492055869818,141.22103026133098,136.1879898311541,136.38536071777344,124925300,114.08000183105469,116.91999816894531,112.83999633789062,113.0,59479600,233.3158317018502,235.51886429289485,227.8718957784232,228.03834533691406,35694800,135.41179272435343,140.32862162290934,134.86436973595366,135.04351806640625,33166400
2022-10-03,96.29960237487207,98.8175630102199,96.06073886671564,98.170654296875,27982000,136.39525702678367,141.1914439900878,135.88208060719077,140.57957458496094,114311700,113.58000183105469,116.91000366210938,112.44999694824219,115.87999725341797,50941900,230.49598001028534,236.5665562407545,229.76163574998006,235.7147216796875,28880400,136.49668751865056,138.9650498008152,135.4615727510368,137.9597930908203,27723100
2022-10-04,99.96208499329005,101.35541738545221,99.90236532427448,101.1563720703125,28850800,143.12568302717952,144.30006014683647,142.36578929238382,144.181640625,87830100,119.88999938964844,123.0,119.79000091552734,121.08999633789062,62812600,239.97391960048338,245.13391633829488,239.86621517346092,243.684814453125,34888400,139.83096981895702,141.72205088385482,138.68635533255224,139.6219482421875,34670700
2022-10-05,99.35499464162503,101.4450009855778,98.3298967620206,100.94738006591797,22176900,142.17831393701783,145.44484998263232,141.13221948664446,144.4777069091797,79471000,118.58000183105469,121.75,117.69000244140625,120.94999694824219,48217500,240.8551530786187,245.34933676862912,239.00460597448068,243.99813842773438,20347100,137.59154490008095,139.5523051767072,134.14776849521687,138.32806396484375,27979300
2022-10-06,100.2009393105423,102.44023323947894,100.11136360497702,100.93741607666016,22324000,143.895462065149,145.60274235287363,143.31321258240413,143.52044677734375,68402200,120.7699966430664,121.52999877929688,119.5,120.30000305175781,42253800,242.7546304477217,245.11432699777998,240.94325684585763,241.638427734375,20239900,137.07397491197278,140.7864737229414,135.95923354373198,138.4176483154297,36231100
2022-10-07,99.37489560091394,100.0516603517211,97.83227531415282,98.21046447753906,27502800,140.66837666148692,141.2210362492612,137.61895341738395,138.25054931640625,85925600,118.0,118.16999816894531,113.87999725341797,114.55999755859375,54678000,235.8713841468346,236.28263010395378,228.30274638054547,229.3504180908203,37769600,136.11847603550902,137.64129784407285,131.81874833697955,132.82400512695312,33214800
2022-10-10,98.52893845076046,98.62846111239529,96.54840938978579,97.39436340332031,18225100,138.57623291015625,140.0269324842531,136.75053311295184,138.57623291015625,74899000,115.0999984741211,116.25,112.43000030517578,113.66999816894531,42339700,228.18528080251446,229.66375544761493,221.997198300621,224.464599609375,29743600,132.9235348251432,135.47152371961099,131.25140762114134,133.1623992919922,24024000
2022-10-11,96.96640841022621,98.77774817376962,95.85173486608706,96.71759796142578,26507100,138.06306971513882,139.49404287569013,136.40513579064609,137.1551513671875,77033700,112.70999908447266,115.4800033569336,110.38999938964844,112.20999908447266,56432200,222.86858659888884,224.27852999445886,219.43186077739125,220.70472717285156,30474000,131.0025808746313,132.03771085921403,126.39430240523782,127.93702697753906,38481400
2022-10-12,96.83702964877843,98.28012721366622,96.27968908051714,97.09578704833984,21876400,137.30314907900447,138.51699426564903,136.34588452399208,136.5235137939453,70433700,112.48999786376953,113.83000183105469,111.4000015258789,112.9000015258789,45728700,220.69494343568198,223.1035994129206,219.28501487125726,221.0376434326172,21903900,127.71806961752692,129.06172777563606,125.65777251299689,126.90190887451172,34605200
2022-10-13,94.69726194514989,99.30522889923341,93.93092148147386,98.58865356445312,34574500,133.2175166847836,141.70458518782445,132.60564736672077,141.1124725341797,113224000,107.87999725341797,113.44000244140625,105.3499984741211,112.52999877929688,86868100,215.26079932824376,231.17159255986616,214.55582760214386,229.3504180908203,42551800,122.95053360742253,130.5248365706016,121.95522449366555,129.67881774902344,34325700
2022-10-14,99.51422753973247,100.21090137017602,95.91145700787062,96.10054779052734,25410700,142.4151641571206,142.62241342006476,136.37552640505737,136.5630340576172,88598000,114.0999984741211,114.95999908447266,106.5999984741211,106.9000015258789,67737300,230.62326425216398,232.2877899192671,223.57356209482342,223.78897094726562,30198600,130.38549080100034,131.17177829979363,125.92650273623762,126.1653823852539,23559400
2022-10-17,98.38960472757987,100.44975494508492,98.35974868854377,99.49432373046875,28419200,139.21768336307096,141.0236412417774,138.4281847753723,140.5400848388672,85250900,110.11000061035156,114.19000244140625,110.08999633789062,113.79000091552734,62782000,230.89741980026062,233.97187376822876,230.2316065839964,232.57171630859375,28142300,129.68877807103863,134.1577061862259,129.56933065237612,133.41122436523438,29612200
2022-10-18,102.63929113068001,102.9776773142655,99.49433077567657,100.29051971435547,24060700,143.57966155321216,144.77376532008952,138.76373315265158,141.8625030517578,99136600,119.05999755859375,119.5199966430664,114.79000091552734,116.36000061035156,65607400,238.16256123142458,238.83814547298792,230.45683114701563,233.52149963378906,26329600,136.44693271546402,137.19341460524663,130.78362101502597,132.17706298828125,25445000
2022-10-19,99.53413393609323,100.53932268092686,98.44931643231148,99.15593719482422,23811100,139.82957901773042,143.04676902151695,139.64207135355937,141.97108459472656,61758300,114.70999908447266,116.58999633789062,113.22000122070312,115.06999969482422,47198100,232.0919481353956,234.60830834251115,229.39935247453639,231.54364013671875,19985700,132.26662479833314,136.35734577919754,131.59976952830172,132.6050262451172,30691000
2022-10-20,99.52417976950483,101.83314043643365,98.91708166546346,99.49432373046875,25323200,141.14208050988137,143.97439116428012,140.77692855410262,141.50721740722656,64522000,113.83000183105469,118.23999786376953,113.51000213623047,115.25,48795100,230.848477660121,236.27282763329708,229.9672555385192,231.2205352783203,21811000,132.3064517824057,136.12845085825867,130.69405565158917,130.91302490234375,26356300
2022-10-21,97.38441171770614,100.82794754437543,97.25503301309253,100.6488037109375,32458700,140.99405322955806,145.90867462024406,140.7769407155068,145.33628845214844,86548600,114.79000091552734,119.58999633789062,114.5,119.31999969482422,55660500,229.83998021019283,237.92755339567935,229.60498465550126,237.06591796875,26299700,125.71749057589625,129.50961583458374,124.85157651477564,129.40013122558594,46348600
2022-10-24,101.31561310491232,102.26108972940727,99.50427342510781,102.03218078613281,27176400,145.25733581108966,148.2574127069579,144.08295860217441,147.48765563964844,75981900,119.9800033569336,120.38999938964844,116.56999969482422,119.81999969482422,49531500,238.67168249474804,242.66651726478315,236.26304156622302,242.08883666992188,24911200,126.65308131198296,132.85385267114452,123.98565265526337,129.1114959716797,63563400
2022-10-25,102.41038054718946,104.3212429399577,102.23123672329918,103.98286437988281,40611400,148.1192649256449,150.48776116501867,147.39885428402872,150.3397216796875,74732300,119.6500015258789,121.31999969482422,118.94999694824219,120.5999984741211,50934600,242.0986216482708,245.7997156975737,240.6984790313292,245.4276580810547,34775500,130.26605566520792,137.70101561731497,129.97740753068192,136.8649444580078,38433200
2022-10-26,95.9711646644133,97.8422164678502,94.2394461020253,94.47830200195312,88114100,148.9778376688811,149.9943121264643,146.09616525843597,147.38897705078125,88194300,116.0,119.3499984741211,114.76000213623047,115.66000366210938,68802300,226.3444857065967,233.32565671091658,225.25765558472068,226.49136352539062,82543200,131.0623047961983,134.91416162846235,127.92708697169783,129.21104431152344,82791500
2022-10-27,94.07025591284439,94.97592963709896,91.36320447078887,91.78120422363281,60710900,146.12576416144415,147.09289198935082,142.23749618636535,142.89869689941406,109180200,113.91999816894531,114.12000274658203,109.7699966430664,110.95999908447266,129605400,226.21718131389076,228.81187322430617,221.06698582548745,222.01673889160156,40424600,97.52038883670613,102.01918262186933,95.92788820382158,97.48057556152344,232316600
2022-10-28,91.8309566371646,96.09059787724979,91.6916233939895,95.83183288574219,43697300,146.25406355734995,155.4319533375391,145.87906336998515,153.695068359375,164762400,97.91000366210938,103.95999908447266,97.66000366210938,103.41000366210938,223133400,221.51742465253554,231.66116845947738,221.33138836153447,230.94639587402344,40647700,99.11287959633101,100.37691878148325,97.05259011305071,98.73465728759766,95928300
2022-10-31,94.96596110272472,95.57305914660351,93.53281821936909,94.06029510498047,31675000,151.14893931793952,152.21476020669766,149.92521569193562,151.32656860351562,97943200,103.55999755859375,104.87000274658203,100.73999786376953,102.44000244140625,99251400,228.88040371716804,230.01619304269877,226.3248852048597,227.28443908691406,28357300,97.75926119813265,98.85409969144031,92.16562131206909,92.7229995727539,121361400
2022-11-01,94.99582786175144,95.57306993471083,89.940005230544,90.0395278930664,47161400,153.04371444627304,153.408851320098,147.17184429440783,148.671875,80379300,103.98999786376953,104.58000183105469,96.05999755859375,96.79000091552734,153370000,229.70290606892462,230.81910882214837,222.58465770971134,223.40711975097656,30592300,93.8875039602185,97.032676591161,93.11116412073285,94.75341796875,110189600
2022-11-02,90.50729412723294,90.74615003951523,86.46660714853941,86.55618286132812,57038300,146.99424473621292,150.17196650314528,143.09611227556596,143.12571716308594,93604600,97.31999969482422,97.73999786376953,92.01000213623047,92.12000274658203,135761800,224.67020238397998,226.47179018805932,215.44682462164948,215.50558471679688,38407000,93.76807039402826,94.75342428726674,90.05557166408238,90.11528778076172,71821100
2022-11-03,85.90926808736477,86.10831340135847,82.94344431306968,83.03302001953125,61288000,140.1946956802254,140.92498461939732,136.92815965034873,137.05645751953125,97918500,92.47000122070312,93.5,89.0199966430664,89.30000305175781,136683300,215.49578557184125,215.80911298730175,209.5133265628878,209.77769470214844,36633900,89.65743726823088,90.03565195759467,87.99527304724108,88.49292755126953,60664000
2022-11-04,84.99365177935555,86.22774949314112,83.3116906968652,86.16803741455078,51124900,140.45691755937278,141.03025327243037,132.83553912246873,136.78956604003906,140814800,91.48999786376953,92.44000244140625,88.04000091552734,90.9800033569336,129101300,213.00882199127454,216.96448367208396,208.97481351291196,216.76866149902344,36789100,89.92617442608974,90.96129678704688,87.67677376490204,90.3641128540039,55638100
2022-11-07,86.86470514307494,88.47699963071189,86.436750855232,88.0689468383789,34078900,135.5341392248018,137.55068603269024,134.11068732115655,137.32333374023438,83374600,91.94999694824219,92.0999984741211,89.04000091552734,90.52999877929688,77495700,217.35609400442831,223.64207846763654,216.6609082653215,223.11334228515625,33498000,94.33539432242684,96.42554189242217,92.66327474770942,96.26629638671875,81987300
2022-11-08,88.47699737548828,89.89023890654045,87.17322545658932,88.47699737548828,30429000,138.796212085486,139.8044779338877,135.9097746908865,137.89666748046875,89908500,90.79000091552734,91.72000122070312,88.2300033569336,89.9800033569336,88703400,223.92604919971197,226.81446708596394,221.12574904260384,224.09249877929688,28192500,95.47003309227578,97.34121878662516,94.34533670739906,96.0174560546875,52088300
2022-11-09,88.0291386855819,89.01443358511959,86.86470754222943,86.9045181274414,31769100,136.90818484099725,136.95761319516816,133.04311982943733,133.3199005126953,74917800,89.47000122070312,89.4800033569336,85.87000274658203,86.13999938964844,90796200,222.62381708948223,223.85752509677178,219.64728138196077,219.82351684570312,27852900,101.24284583698697,104.40792917158052,100.26743954918638,100.9940185546875,107677300
2022-11-10,91.81105799655386,93.94087488626228,91.1741038384967,93.4930191040039,51620100,139.61669377296678,145.18197631835938,137.8966866598679,145.18197631835938,118854000,92.94000244140625,98.69000244140625,91.6500015258789,96.62999725341797,173414900,230.515571727907,238.2506742370908,230.0945548202056,237.90797424316406,46268000,106.61751194751989,112.22109936387615,104.11928401728964,111.34523010253906,80671000
2022-11-11,94.23944635528495,96.46878581115081,93.47310593436431,95.95126342773438,33090500,144.14406562748653,148.28589635779667,142.71071873245964,147.97946166992188,93979700,97.87999725341797,101.19000244140625,96.66000366210938,100.79000091552734,111590500,237.91777362051934,242.8134024168077,236.87988776587653,241.95176696777344,34620200,108.71762262169742,114.36102372260916,108.29958700438058,112.48983764648438,59961700
2022-11-14,94.6375384345769,96.32945403822642,94.0603039654914,95.24463653564453,30179500,147.25781653663145,148.55275765609238,145.7355080589872,146.57574462890625,73374100,98.7699966430664,100.12000274658203,97.29000091552734,98.48999786376953,99533100,236.93866076555872,238.81858053288596,234.21669220179876,236.50784301757812,31123300,110.46935243850882,115.72458315525292,110.28024887734493,113.6842041015625,53395000
2022-11-15,97.79245956917397,99.66351138474529,96.2498317707238,97.97160339355469,41640800,150.47047343692662,151.8247226304383,146.85253571913623,148.31552124023438,89868300,103.20999908447266,103.79000091552734,97.33999633789062,98.94000244140625,111336300,240.5320439197712,241.84406888595643,235.01956096953973,236.9190673828125,31390100,115.52552791061386,118.18300140763097,113.87331873931102,116.53079223632812,50670500
2022-11-16,97.43416966800666,99.16588820159294,97.1754046847515,98.37964630126953,29105200,147.41599873753398,148.14748399123684,145.5971350727314,147.07989501953125,64218300,96.8499984741211,98.48999786376953,95.54000091552734,97.12000274658203,87958800,238.39186999771098,239.38358350898213,236.06480717183115,237.35107421875,24093300,113.96289175268743,115.53548195043007,112.13152665678899,112.6988525390625,33287800
2022-11-17,96.50859755213386,98.80760365631383,96.32945372628268,97.89198303222656,26052600,144.74701489370946,149.7389762643868,144.47023425105218,148.9877166748047,80389400,95.37000274658203,96.97000122070312,94.02999877929688,94.8499984741211,82617900,233.4726257376434,238.8435381539188,233.3253489732536,237.30197143554688,23123500,109.8920854969386,111.80307721813635,109.28494631568212,110.92720031738281,35093800
2022-11-18,98.30002812804044,98.4294144201493,95.91145390965606,96.9664077758789,28342300,150.55945907613687,150.9449761011956,148.24635692578445,149.55117797851562,74829600,95.94999694824219,95.98999786376953,92.4800033569336,94.13999938964844,72428200,239.09882143559938,239.3246657828085,234.6999806378717,236.85031127929688,27613500,113.26618215369642,113.78373956066838,110.10109881313593,111.5243911743164,33357700
2022-11-21,96.82707985856685,97.93179891222259,94.90626279702143,95.1451187133789,21647400,148.43416682216127,148.6417447784354,146.02220810744817,146.30886840820312,58724100,93.97000122070312,95.0199966430664,90.58999633789062,92.45999908447266,84330300,237.05650427423635,240.23781728148245,236.8208614471362,237.665283203125,26394700,110.99685930401769,111.84287805150252,108.67779504320532,109.34465026855469,24351100
2022-11-22,95.49344664625919,96.757407970804,93.60249332105981,96.58821868896484,23438500,146.42749193221246,148.6911654782662,145.24127190945183,148.45391845703125,51804100,92.62000274658203,93.3499984741211,90.87000274658203,93.19999694824219,62192000,239.17739163059406,240.86623522743278,236.34957268666008,240.59130859375,19665700,109.34465382193905,111.09639989187181,107.81187695994858,110.91724395751953,29029000
2022-11-23,96.62802445978609,98.2900840665078,96.62802445978609,97.99150848388672,18868100,147.73230356123182,150.0849540196098,147.62356723542243,149.3336944580078,58301400,93.23999786376953,94.58000183105469,92.83000183105469,94.12999725341797,59414700,240.66985070471313,243.78242458645812,239.84507083963527,243.09510803222656,19508500,111.19593594667465,112.14147657191677,110.2105820454552,111.71349334716797,21343100
2022-11-25,97.77255664966751,98.17065490597226,96.93655714521095,96.99626922607422,9701400,146.60539786998885,147.16885381990136,145.42907271146612,146.40769958496094,35195900,93.79000091552734,94.43000030517578,93.06999969482422,93.41000366210938,35088600,242.82998203144444,244.19480161069367,242.26048692164872,243.00672912597656,9200800,110.77791315042687,112.20120556074406,110.4992202054756,110.88739776611328,12007600
2022-11-28,96.5782667025875,97.11569819421372,95.1550706024734,95.59297943115234,26237500,143.47186332830165,144.95462339373816,141.73209694821898,142.56243896484375,69246000,93.93000030517578,96.4000015258789,93.43000030517578,93.94999694824219,74943100,241.62227427823314,242.1819409644526,236.43792242620464,237.38052368164062,24778200,110.2603401720271,111.51443175614992,107.87159682870937,108.26972198486328,23309400
2022-11-29,95.27449965265858,95.66264334231307,93.66220522349144,94.73706817626953,20061700,142.63159015554842,143.14561773694626,138.73688738198348,139.54745483398438,83763800,94.04000091552734,94.41000366210938,91.44000244140625,92.41999816894531,65567300,237.027064989401,238.39188472426275,233.8948640019652,235.97645568847656,17956300,109.0261673885818,110.41960174524618,108.03085821862243,108.94654083251953,23899200
2022-11-30,94.36882794469375,100.55923320625755,93.97072970281681,100.50946807861328,43647500,139.77482505617792,147.01070049689147,138.93460350915308,146.32862854003906,111380900,92.47000122070312,96.54000091552734,91.52999877929688,96.54000091552734,102805800,236.21210017721677,250.70471852080405,235.51495518026599,250.51815795898438,47594200,108.99629650081332,117.60572132644997,108.8669014640389,117.5459976196289,43348600
2022-12-01,100.53932411796288,101.7634748829433,99.772991266651,100.50946807861328,28687100,146.5065813559001,147.41600568948158,144.92496463802757,146.6054229736328,71250400,96.98999786376953,97.2300033569336,94.91999816894531,95.5,68488000,249.27115626054174,251.48039765327633,246.37459831987624,250.07630920410156,26041500,118.6408493161661,120.63146764424678,117.8446065410976,119.87503814697266,36551400
2022-12-02,98.57869651029138,100.29050590971822,98.4294087319965,99.96208190917969,21480700,144.28243209151336,146.29897894842466,143.9759823709456,146.1111602783203,65447400,94.4800033569336,95.36000061035156,93.77999877929688,94.12999725341797,72496400,245.29456022277358,251.42151409140007,245.1669103563843,250.40036010742188,21528500,117.27726788767282,123.45813621402769,117.05829868038205,122.91071319580078,39950500
2022-12-05,98.92703166952748,100.89760608639799,98.5289334501006,99.00665283203125,24405100,146.07164500360574,149.18543519719876,144.0946315261712,144.9447479248047,68826400,93.05000305175781,94.05999755859375,90.81999969482422,91.01000213623047,71535500,247.4448425749525,249.22206707564106,243.56639967850296,245.66763305664062,23435300,121.17888711668026,124.08518796674628,120.7807619441876,121.85569763183594,35474900
2022-12-06,98.82751539763453,99.30522721733549,95.96121410705892,96.5185546875,24910700,145.3796777864446,145.60703008872727,140.28885957535718,141.26748657226562,64727200,90.5,91.04000091552734,87.9000015258789,88.25,75503600,246.2764137142749,247.29756756690452,239.3639346203721,240.67965698242188,22463700,119.34751932239357,119.98451654689222,113.20645632725221,113.58467864990234,43689200
2022-12-07,95.95127276156492,96.41903006436401,94.26931156393444,94.48826599121094,31045400,140.55576270463825,141.72219330934035,138.39093073198447,139.32012939453125,69721100,88.33999633789062,89.88999938964844,87.4800033569336,88.45999908447266,68086900,240.39494158070943,241.70085061999154,237.82240729803337,239.94326782226562,20481500,113.22635288295118,115.33640308285669,112.35047611142363,113.39555358886719,29461100
2022-12-08,94.92615870890563,95.12521162173816,93.00534176035212,93.26410675048828,32213300,140.7238376931598,141.87050927485603,139.4783244751628,141.010498046875,62128300,89.23999786376953,90.86000061035156,87.87999725341797,90.3499984741211,73305900,240.40472694227282,244.23408754539898,238.65697278896897,242.91835021972656,22611800,115.84403439087818,116.78957507066605,114.05247483657799,114.78900909423828,30619400
2022-12-09,93.32382016253814,93.81149411113351,92.30867686839619,92.38829803466797,28225400,140.7040317435328,143.89691905591846,139.28057976630063,140.52610778808594,76097000,88.9000015258789,90.30000305175781,88.62999725341797,89.08999633789062,67398500,240.26726946853532,243.81187510910007,239.73705813217018,240.97422790527344,20609700,114.7591469061642,116.98863725407364,113.33585453188854,115.35633087158203,26033400
2022-12-12,92.2688614145164,93.11481538049334,91.17409701189375,92.86600494384766,29420000,141.0598951045821,142.83921008074833,139.4387448115005,142.82933044433594,70462700,89.20999908447266,90.58000183105469,87.87000274658203,90.55000305175781,61999800,242.96745501103524,247.96524636882398,242.69252839292668,247.935791015625,30665100,114.63969434712979,115.17716213441233,112.60926301526418,114.1718978881836,24747100
2022-12-13,97.2948424708287,99.05641715165841,94.57782896066584,95.17497253417969,40593700,147.7817301412846,148.2463294293383,142.5821910860748,143.7980499267578,93886200,95.2300033569336,96.25,90.5199966430664,92.48999786376953,100212000,256.94949571953015,259.13911012222144,248.48565156116547,252.2659149169922,42196900,121.5571031179108,122.7216205884405,118.08347632884896,119.58639526367188,44701100
2022-12-14,94.7470163347805,96.4090759117415,93.154630973197,94.61763763427734,28733600,143.67944472283807,144.9743859949628,139.5375995292449,141.5640411376953,82291200,92.5,93.45999908447266,89.87000274658203,91.58000183105469,70298000,252.47213503033785,257.8332195935308,249.70321169806795,252.5605010986328,35410900,118.8299459472177,123.55766389792424,118.8299459472177,121.01962280273438,36922000
2022-12-15,92.6868611344438,93.19443655131441,89.58171174439282,90.42766571044922,40107000,139.48815264772358,140.17022454523527,134.46653782385624,134.93113708496094,98931900,89.88999938964844,89.97000122070312,87.47000122070312,88.44999694824219,84802900,249.1238609216548,249.59516152190355,242.85942988957908,244.49917602539062,35560400,117.77493790534987,118.0735261052484,113.47520252179538,115.60516357421875,34531000
2022-12-16,90.32814916628604,90.89543669655227,89.09404384987789,89.83052825927734,58011800,135.11900305847902,136.06796118297987,132.19301616053025,132.96405029296875,160156900,88.2699966430664,89.3499984741211,86.7300033569336,87.86000061035156,146144100,244.04755403849336,245.31417927422603,239.09884455300138,240.25747680664062,86102000,119.66601655358838,122.73156281350674,118.26262707625729,118.86976623535156,67064000
2022-12-19,89.83051992764071,90.12908788829876,87.79027136089782,88.01918029785156,29493000,133.55714671976315,133.64610870665976,129.81071279854106,130.8486328125,79592600,87.51000213623047,87.62999725341797,84.51000213623047,84.91999816894531,83531500,240.42435459914438,240.76802033194576,234.38576802042482,236.09423828125,29696400,116.28196032757056,117.24741133926021,113.79368765563045,113.94298553466797,29769900
2022-12-20,87.69075421287637,88.75566261824142,87.0239440398078,88.59642028808594,23453800,129.87988952300458,131.7185125149171,128.39712953221752,130.77943420410156,77432800,85.33000183105469,86.61000061035156,84.33000183105469,85.19000244140625,74348300,235.06329699213606,238.50972342913573,234.1010537480817,237.41983032226562,25150800,112.7287128164845,116.77962062248262,111.93246248474388,116.54074096679688,28742500
2022-12-21,88.65614191430713,89.7907169658723,87.89975601556621,89.15376281738281,24745600,131.45160643001654,135.2375886040089,131.224254130209,133.89321899414062,85928000,86.18000030517578,87.2300033569336,85.20999908447266,86.7699966430664,59267200,237.3117960868346,241.1705970760226,235.76041593639175,240.0021514892578,23690600,116.15256830609113,119.77549280306249,115.07764025502914,119.1982192993164,20392800
2022-12-22,87.74052072393032,88.11870987437933,85.909271863705,87.34242248535156,27658300,132.80586453500828,133.0134424692819,128.802409885042,130.71022033691406,77852100,85.5199966430664,85.68000030517578,82.25,83.79000091552734,81431300,236.8895930796324,237.60637998766668,229.63346281298368,233.87521362304688,28651700,116.65022900701699,118.06357376709225,113.84345751583483,116.57061004638672,23618100
2022-12-23,86.69551223985816,89.12390461779462,86.655701657406,88.80542755126953,23003000,129.41528379353238,130.89804371107982,128.14999653723166,130.344482421875,63814900,83.25,85.77999877929688,82.93000030517578,85.25,57433700,231.83290694581507,234.5429046080073,229.70221793529785,234.4054412841797,21207000,115.48571651138852,117.6256326479817,114.99801716654831,117.48628997802734,17796600
2022-12-27,88.37746898869531,88.51680222396423,86.5959853742235,86.97417449951172,20097300,129.87001251300126,129.89966650674359,127.24058112280677,128.5355224609375,69007800,84.97000122070312,85.3499984741211,83.0,83.04000091552734,57284000,234.37596618226544,234.60179555616128,231.55796079001962,232.66749572753906,16688600,117.3768113753746,118.043666700522,115.50563285905454,116.33173370361328,21392300
2022-12-28,86.56613367944158,87.62108754027969,85.53108131331513,85.6106948852539,19523200,128.17966932882732,129.52403912125024,124.42334817846398,124.59139251708984,85438400,82.80000305175781,83.4800033569336,81.69000244140625,81.81999969482422,58228600,232.5987588155398,235.37749542343812,229.9280301670431,230.28150939941406,17457100,115.70467869540127,117.59576743581066,114.96815211421644,115.07763671875,19612500
2022-12-29,86.2078424115069,88.42722724367383,86.1978878680228,88.02912902832031,23333500,126.51896259932623,128.9803420184741,126.26195630324504,128.12034606933594,75703700,82.87000274658203,84.55000305175781,82.55000305175781,84.18000030517578,54995900,231.38118476179736,237.53760765421987,231.38118476179736,236.6440887451172,19770700,115.85398325880043,120.46226175754701,115.22693365236125,119.69587707519531,22366200
2022-12-30,86.56613603016086,87.87985491647791,86.15808324311536,87.81018829345703,23986300,126.93417169125195,128.45646564507604,125.96543163347312,128.4366912841797,77034200,83.12000274658203,84.05000305175781,82.47000122070312,84.0,62401200,233.89484197649975,235.61314079654275,232.37291716798632,235.47567749023438,21938500,117.60572332496524,119.85511635517314,117.18768774453578,119.7754898071289,19583800
2023-01-03,89.16370297479997,90.61676258298985,88.09879462707987,88.6959457397461,28131200,128.78264911213327,129.39551842727084,122.74287269172645,123.63253021240234,112117500,85.45999908447266,86.95999908447266,84.20999908447266,85.81999969482422,76706000,238.67661840759735,241.2982496784464,233.09950356417312,235.24002075195312,25740000,122.24386970149921,125.77722022728734,121.70640184837725,124.15486145019531,35528500
2023-01-04,89.92009958818068,90.21867518028262,86.8547528692259,87.66090393066406,34854800,125.43161455867813,127.18127564102066,123.64241984503863,124.90770721435547,89113600,86.55000305175781,86.9800033569336,83.36000061035156,85.13999938964844,68885100,228.07226219993836,228.6515707937887,221.86675636636124,224.9498748779297,50623400,126.7824772261883,128.44464928350433,125.25965543646576,126.77252960205078,32397100
2023-01-05,87.05380204485257,87.1533247069017,85.4912727120948,85.78984069824219,27194400,125.66884902202133,126.30149268134268,123.32609306355886,123.58309936523438,80962700,85.33000183105469,85.41999816894531,83.06999969482422,83.12000274658203,67930800,223.0843004172486,223.42796620859252,217.7428428679085,218.2828826904297,39585600,125.53832273624256,127.91711825699146,123.9557850547859,126.34452819824219,25447100
2023-01-06,86.37704473293368,87.2727639545087,84.45622757731456,86.92442321777344,41381500,124.5617315121944,128.79253144434853,123.45460129199294,128.13023376464844,87754700,83.02999877929688,86.4000015258789,81.43000030517578,86.08000183105469,83303400,218.9603615409851,221.67035882828523,215.37648717687478,220.8553924560547,43613600,128.36501760802327,129.71863861013483,125.44876160115716,129.41009521484375,27584500
2023-01-09,87.93956719506664,89.62152828865293,87.44194628861791,87.60118103027344,29003900,128.97047367930062,131.87668586554148,128.3971379685157,128.65414428710938,70790800,87.45999908447266,89.4800033569336,87.08000183105469,87.36000061035156,65266100,222.34786087714497,227.05109853622983,222.30859206839725,223.00572204589844,27369800,130.54473025603667,132.3263266587046,128.6735445023442,128.86265563964844,26649100
2023-01-10,85.5708904595706,88.24808564924614,85.42160267591623,87.99927520751953,30467800,128.76286346285156,129.7513700565325,126.64745995571087,129.2274627685547,63896200,87.56999969482422,90.19000244140625,87.29000091552734,89.87000274658203,67756600,223.6341254274707,227.11982022415233,223.21192206293,224.7043914794922,27033900,126.6730027961756,132.81406653751813,126.55357054807357,132.36618041992188,28684400
2023-01-11,88.75566389809731,91.1641472282376,88.58647461468658,91.08452606201172,26862000,129.7415193359335,131.97553930551643,128.9606055895864,131.95578002929688,69458900,90.93000030517578,95.26000213623047,90.93000030517578,95.08999633789062,103126200,227.10019792483945,231.67578608133306,226.92346579858452,231.49905395507812,28669300,130.34567767697496,133.22212017558306,129.7285757490559,132.26661682128906,25423000
2023-01-12,91.0447289711645,91.43287269029972,89.32295720715761,90.6963882446289,30258100,132.34127780837738,132.71690008626126,129.92931912019301,131.87667846679688,71379600,96.93000030517578,97.19000244140625,93.5,95.2699966430664,85254800,230.99828080713587,235.55422702400872,229.32907915113603,234.1894073486328,27269500,132.8140453994428,137.03414615767494,131.1419182560742,136.06871032714844,30757700
2023-01-13,90.41771741423032,91.75134539532985,89.70114209221775,91.68167877197266,26329200,130.51253218381837,133.36931580754018,130.14678954891528,133.21115112304688,57809700,94.18000030517578,98.37000274658203,94.12000274658203,98.12000274658203,85549400,232.7067627824332,235.0338256158968,230.6644400284827,234.8963623046875,21333300,134.33686708767706,136.7455132270694,134.20747204800026,136.33743286132812,22423800
2023-01-17,91.62196184719421,91.81106022758811,89.62153120519707,90.85562896728516,32602400,133.28035102906594,135.7120688975574,132.5883994032112,134.37759399414062,63646600,98.68000030517578,98.88999938964844,95.7300033569336,96.05000305175781,72755000,233.65917216292138,236.54591642939235,232.79510857775296,235.99606323242188,29831300,135.54118216295166,136.1085156239696,133.62024294345827,134.72503662109375,21147600
2023-01-18,91.70157513878183,92.35843834492154,90.2087124991102,90.68643188476562,29116700,135.2475023487297,137.016922815115,133.47806679892827,133.656005859375,69672800,97.25,99.31999969482422,95.37999725341797,95.45999908447266,79570400,237.19398238340665,237.9893068890098,231.25357474268407,231.53831481933594,30028700,135.17291686238818,136.60616429477886,132.17704215107878,132.39601135253906,20215500
2023-01-19,90.28833877439054,93.16458701556465,90.19876306253057,92.60725402832031,37000400,132.53894591357104,134.6840030885313,132.23251132906404,133.71527099609375,58280400,94.73999786376953,95.44000244140625,92.86000061035156,93.68000030517578,69002700,229.5451006306224,231.25358612173252,226.50125078588513,227.72860717773438,28623000,131.86851726412772,136.80524223737595,131.52015298010343,135.51133728027344,28625200
2023-01-20,94.64749230458399,97.83227057478473,94.56787113938321,97.55359649658203,63191100,133.72517191147224,136.4336854309728,132.67735732670167,136.285400390625,80223600,93.86000061035156,97.3499984741211,93.19999694824219,97.25,67481500,230.60553401218095,236.37902316517145,230.26186823597817,235.86843872070312,35389800,135.25254580936195,139.28355048775077,133.97855144399023,138.71621704101562,28688600
2023-01-23,97.48393658664499,99.56399601043773,97.03608078946915,99.315185546875,40005100,136.5325490508029,141.67279627654958,136.3150763566329,139.48818969726562,81760300,97.55999755859375,97.77999877929688,95.86000061035156,97.5199966430664,76501100,236.7325136482929,240.72877838403122,235.30876820697657,238.18569946289062,31934000,138.63660481536394,143.085637930656,138.0095703781944,142.5979461669922,27470100
2023-01-24,97.63321326625847,99.13603042112301,96.73749418080635,97.23511505126953,33078500,138.6973598255773,141.51460969317372,138.68748018952127,140.891845703125,66435100,96.93000030517578,98.08999633789062,96.0,96.31999969482422,66929500,238.10711498113173,239.5308452494921,236.0844342572351,237.6554412841797,40234400,141.0253715047145,144.31984272595273,140.69691762638976,142.46856689453125,21970200
2023-01-25,95.11526275334147,95.70245938987009,93.313877444999,94.76692962646484,42330000,139.2707157250627,140.79300948686725,137.21461987031523,140.2295684814453,65799300,92.55999755859375,97.23999786376953,91.5199966430664,97.18000030517578,94261600,230.23239799467638,238.89263116418337,226.7172477839659,236.25135803222656,66526600,140.5575421042181,142.49839167075575,139.65180724409703,140.8362274169922,26622000
2023-01-26,96.0408260243726,97.10573436154094,94.92615256394458,97.05596923828125,30114000,141.52450641893512,142.59209549504305,140.26909865118563,142.30543518066406,54105100,98.23999786376953,99.48999786376953,96.91999816894531,99.22000122070312,68523600,239.23628611084743,243.81187403333118,237.61618177352415,243.5074920654297,33454500,143.72261873097537,146.81803044058447,142.62778790364493,146.60902404785156,25482100
2023-01-27,96.84697541487013,99.84265530593878,96.84697541487013,98.89717864990234,33879800,141.51462437013356,145.53783884062292,141.43554202324185,144.25277709960938,70555800,99.52999877929688,103.48999786376953,99.52999877929688,102.23999786376953,87775600,244.4795782533274,245.30435814766528,242.3587028258491,243.66461181640625,26498900,147.54463153104425,152.4714087082204,146.69861269203298,151.02821350097656,35771900
2023-01-30,97.01617600106465,97.82231944586147,95.94131301260722,96.47874450683594,27226200,143.29394037386407,143.8771557170406,141.20819059706298,141.35646057128906,64015300,101.08999633789062,101.73999786376953,99.01000213623047,100.55000305175781,70691900,240.08070505569438,241.1509711328646,237.81255301690885,238.31332397460938,25867400,148.70913006731004,150.4111000524141,146.26066310116065,146.37014770507812,28040100
2023-01-31,96.40907756904596,98.40950815466127,96.35931244094722,98.36969757080078,29870700,141.05990031223737,142.68105066516867,140.64472931637368,142.63162231445312,65874500,101.16000366210938,103.3499984741211,101.13999938964844,103.12999725341797,66527300,239.03991858279355,243.45840142159702,238.5489760451487,243.32093811035156,26541100,147.2559901010702,149.17694471526661,146.82801444365583,148.27120971679688,29842100
2023-02-01,98.24032358536897,100.70852675158986,97.11570301140503,99.95214080810547,35531100,142.31530314667881,144.92496009089808,139.69576656602072,143.75851440429688,77663600,102.52999877929688,106.23999786376953,101.23999786376953,105.1500015258789,80450100,243.507493740727,250.55742124700228,241.02332574913956,248.17144775390625,31259900,147.33559867807605,152.85956698881722,146.37014767659468,152.40171813964844,55661000
2023-02-02,105.29658441835562,107.33682553198318,105.10748604846768,107.22734832763672,69883800,147.18861728641792,149.4424109834998,146.46701173795722,149.08656311035156,118339000,110.25,114.0,108.87999725341797,112.91000366210938,158154200,254.131528608111,259.89518980059495,252.58996168925287,259.80682373046875,39940400,182.51977587056913,196.23513317084434,179.31487955986577,187.88449096679688,150475700
2023-02-03,102.44023732028235,107.29701450167059,102.09190421385664,104.28143310546875,65309300,146.32863460622823,155.571177590554,146.13093629775682,152.72427368164062,154357300,105.26000213623047,108.77999877929688,102.5199966430664,103.38999938964844,144374800,254.83845905637355,259.4140470711342,252.44265709216836,253.67001342773438,29077300,182.6093704771839,195.8469851742293,182.03208934926204,185.65501403808594,76809700
2023-02-06,101.91275662788445,103.8634295449767,101.3952266662137,102.4103775024414,31999600,150.81647157748358,151.3403789118004,149.04703617157855,149.98611450195312,69858300,102.93000030517578,103.94999694824219,100.6500015258789,102.18000030517578,81945200,252.77649801588666,253.62090480368727,250.1646801008737,252.11862182617188,22518000,185.6549912811039,189.80542809429326,184.64973463290946,185.18719482421875,42483800
2023-02-07,102.72886341728358,107.6652620074092,102.62934075240821,107.1278305053711,49010200,148.90866692988584,153.44590961879757,148.90866692988584,152.87257385253906,83322600,101.16999816894531,102.41000366210938,98.08000183105469,102.11000061035156,119501300,255.81054419875986,263.90126847590375,255.36868388280342,262.71319580078125,50841400,184.7094699164498,192.87100173389837,183.53499724729815,190.72113037109375,47080700
2023-02-08,101.56442693043918,102.64923682856325,97.57350525697757,98.89717864990234,94743500,152.11139923515765,152.80335083301824,149.43253973358082,150.17391967773438,64120100,102.04000091552734,102.66999816894531,98.77999877929688,100.05000305175781,75878300,268.25102168143684,271.7465302451499,261.387624446795,261.8982238769531,54686000,189.10872214145795,189.93483048696228,182.06193214656355,182.5695343017578,36139100
2023-02-09,99.52417665215816,99.55403269025908,93.18448386590254,94.55792236328125,119455000,152.0125441621068,152.55622581029445,148.69116137357645,149.135986328125,56007100,101.31999969482422,101.77999877929688,97.56999969482422,98.23999786376953,64622500,268.8400948175214,269.0168568866588,258.0393600664708,258.8445129394531,42375100,185.2568823432022,185.7744321256041,176.43844336198575,177.08538818359375,37118800
2023-02-10,94.99582036740944,96.2896376574072,93.80153332517445,94.12001037597656,54980700,147.9677914305051,149.8290111554016,147.73018216274517,149.50230407714844,57450700,97.55999755859375,98.81999969482422,96.2300033569336,97.61000061035156,52740100,256.7924175253064,259.30604106753316,255.938182254322,258.333984375,25818500,175.52277640780264,178.05085499135262,172.5368489283654,173.3330841064453,33433600
2023-02-13,94.2891992478543,94.74700953187015,93.39348017343556,94.15982055664062,50076100,149.44289446147238,152.71984461594153,149.413195193509,152.31394958496094,62199000,97.8499984741211,99.68000030517578,96.91000366210938,99.54000091552734,52841500,262.79173001037145,269.62564159022224,262.3105859582913,266.4050598144531,44630900,177.38400227491994,180.15096056474957,174.99526633126692,178.58831787109375,31463200
2023-02-14,93.98068935134434,94.39868911112639,91.8210163327109,94.22949981689453,54726100,150.60122163396125,152.23475701699866,149.35380697400552,151.67044067382812,61707600,98.41000366210938,100.91999816894531,97.5199966430664,99.69999694824219,56202900,267.730597042681,269.9889205644407,264.4019924983087,267.2396545410156,37047900,176.32896751888825,180.65855308285208,175.05497305900255,178.63807678222656,24034600
2023-02-15,94.04039749081163,96.65788833824551,93.70201891653383,96.47874450683594,50169000,151.58132321108715,153.9474604229768,151.35362380168024,153.77915954589844,65573800,99.08999633789062,101.16999816894531,98.44999694824219,101.16000366210938,47957600,264.11929330764815,266.49156688669603,262.01278189893924,265.1036376953125,28922400,175.59243003019583,177.35413139393586,174.50754675346582,176.32896423339844,25308900
2023-02-16,94.9162087541605,97.21521477469815,94.28920158994696,95.0555419921875,42462600,151.97733873436857,154.76919088525318,151.8189476677602,152.17535400390625,68167900,99.20999908447266,100.62999725341797,98.0999984741211,98.1500015258789,56339200,259.88655633115474,262.5639738748259,257.7997513414909,258.04583740234375,29603600,171.93964690645842,175.02511118921583,170.98414348874408,171.631103515625,25827500
2023-02-17,94.39867524030484,95.10529594746632,92.76647943357575,93.90105438232422,34284100,150.8289315997935,151.47243590583543,149.34390771836374,151.0269317626953,59144100,97.80000305175781,97.94000244140625,95.6500015258789,97.19999694824219,60029400,255.32910759019907,256.0181306443046,251.99216566482698,254.01991271972656,30000100,169.4215201087607,172.36762660759723,168.90395511245242,172.0690460205078,24171300
2023-02-21,92.55748257079424,92.65700522698316,91.28357434815544,91.35324096679688,33629300,148.7004026088836,149.78942626925934,146.92828058675818,146.99757385253906,58867200,95.33999633789062,95.61000061035156,94.2699966430664,94.58000183105469,56580400,250.4959553706836,251.49015281418258,247.65120069336206,248.71429443359375,28397400,173.49233173468545,177.33422557764814,171.07373784262953,171.27279663085938,34592600
2023-02-22,91.26367813182742,91.67173095076852,90.17886811812298,91.21392059326172,30884000,147.383654456277,148.45287338487984,145.6907358158214,147.4232635498047,51011300,95.0999984741211,97.01000213623047,94.80000305175781,95.79000091552734,59534100,250.11207443958386,250.35816054888014,246.42078280013976,247.5724639892578,22491100,170.2675379536797,171.94959760433574,168.8940065121616,170.31729125976562,22433200
2023-02-23,91.48262500616492,91.50253409442122,89.33290665311979,90.45752716064453,41206400,148.591484366889,148.83898834448985,145.7699480861059,147.9083709716797,48394200,96.12000274658203,96.43000030517578,93.66999816894531,95.81999969482422,48467000,251.559058591663,252.8190182527777,246.55858711540606,250.78143310546875,29219100,171.19316550970734,172.87524032170427,168.58546052289745,171.23297119140625,20017800
2023-02-24,89.01443223203913,89.46228802095382,88.15852364572393,88.70590209960938,36585100,145.64125487541327,145.72045796846467,144.26513323484133,145.24525451660156,55469600,93.52999877929688,94.13999938964844,92.31999969482422,93.5,57053800,246.0467338648536,247.0704454363902,244.21585267237742,245.3183135986328,24990900,167.84892261131276,169.91916731977852,166.8735239655202,169.59071350097656,19791300
2023-02-27,89.4423828125,89.73100384409955,88.91489828317458,89.4423828125,27502300,146.23526611588312,147.6806809778149,145.97785229460726,146.4431610107422,44998500,94.27999877929688,94.77999877929688,93.13999938964844,93.76000213623047,47470300,248.50758636453622,248.8619509386829,245.48564193779885,246.24359130859375,21190000,171.0737401340374,172.3079137499204,168.2669610646023,168.7447052001953,19277000
2023-02-28,88.90495506752045,90.79591607528975,88.89500052309056,89.63147735595703,30142000,145.58185657335414,147.59158785522064,145.36405184371336,145.93826293945312,50547000,93.13999938964844,94.69000244140625,92.91999816894531,94.2300033569336,43959300,245.17067096137697,247.5527826462789,244.83598244472995,245.5151824951172,22491000,171.09363645113456,176.717142249163,171.0637783916742,174.119384765625,46051100
2023-03-01,89.55186454339591,90.59686392466584,89.24333440817962,89.9300537109375,31111200,145.36403554214274,145.76003585720164,143.5621993638043,143.8592071533203,55479000,93.87000274658203,94.68000030517578,91.58999633789062,92.16999816894531,52299500,246.8342018468034,247.00153859615037,241.9420088680049,242.4145050048828,27565300,173.771016199502,177.01573366141542,172.23824683192723,172.60650634765625,30998400
2023-03-02,89.23338599577193,91.84091472708995,89.16371177840199,91.56224822998047,32204400,142.93850860687647,145.24524759786468,142.46329007120497,144.45323181152344,52238100,91.41000366210938,92.2300033569336,90.38999938964844,92.12999725341797,55509400,242.69013305703822,247.46419474376637,241.76484684833787,247.17874145507812,24808200,171.57138005511212,174.18903254694888,170.62582430147143,173.71128845214844,17352000
2023-03-03,92.03996045341758,93.28401264189694,92.01009682269682,93.20439147949219,35160100,146.56197176838737,149.60132834219667,145.85906882111533,149.52212524414062,70732300,92.73999786376953,94.94000244140625,92.66000366210938,94.9000015258789,55759600,248.24178516701014,251.6180788214088,247.45430674286618,251.29324340820312,30760100,178.08070349683496,185.74458057876782,176.21948032775157,184.38101196289062,45877700
2023-03-06,93.57262632205895,95.51335229721735,93.55272482794965,94.6773452758789,32639300,152.25454983701871,154.73949959731118,151.92785785960842,152.29415893554688,87558000,95.19000244140625,96.55000305175781,93.73999786376953,93.75,52112400,252.41542732051573,256.0476605602481,251.97247534442963,252.84854125976562,24109800,187.1181027011441,188.77031938056356,183.77386366240117,184.0326385498047,33209400
2023-03-07,94.52807232544816,95.21478402463518,93.08496711653402,93.41339874267578,27835500,152.16545023619062,152.49215731620518,149.62111707090608,150.08642578125,56182000,94.05999755859375,95.08999633789062,92.77999877929688,93.55000305175781,49100700,252.28747719365353,253.6557304344605,249.42304618349874,250.171142578125,21473200,188.11342901660902,189.46705006569852,183.1468308995148,183.6444854736328,36701500
2023-03-08,93.67215024496228,95.50339130300965,93.55271850909732,93.80152893066406,34103300,151.28433620073233,151.93775035888638,150.31412479121082,151.34373474121094,47204800,93.5999984741211,94.16999816894531,92.18000030517578,93.91999816894531,44899100,250.06283815522548,250.55501034221174,246.88341003286706,249.72816467285156,17340200,182.01217025459715,184.39095839607606,180.48934854659495,184.10232543945312,19432400
2023-03-09,93.60250146148456,95.07545518561926,91.46272990977579,91.88072967529297,28813500,152.02685072996366,152.99706215582498,148.73009571987657,149.0865020751953,53833600,93.68000030517578,96.20999908447266,92.18000030517578,92.25,56218700,251.8150022990688,255.49644089849014,247.6413764588662,248.3697967529297,26653400,185.4758514347984,188.0437354729427,179.45422851848588,180.83770751953125,26582800
2023-03-10,91.73143425906332,92.34848690437508,89.96985962601842,90.19876098632812,35941000,148.7102983763868,149.43300577006005,146.13625093512175,147.01736450195312,68572400,92.66999816894531,93.56999969482422,90.25,90.7300033569336,69827500,247.1491888076624,248.8324092868265,243.72367456979757,244.6981658935547,28333900,180.16090194224154,183.9032740280053,177.96127724794607,178.66793823242188,25665000
2023-03-13,89.66133224210813,92.1295353055602,88.99452204264824,90.67648315429688,37335600,146.33426615185107,151.61105337476013,146.2253637849075,148.96771240234375,84457100,89.97000122070312,94.0199966430664,88.12000274658203,92.43000030517578,72397100,243.52680285893817,253.87227229864152,241.8829494842542,249.94473266601562,33339700,177.12521091650575,182.91790187644207,173.99994100648928,180.05140686035156,24728000
2023-03-14,92.11957834566286,93.91101661837747,92.00015418954344,93.52287292480469,36050200,149.76962498664284,151.86845415267095,148.60141331315802,151.06654357910156,73695900,93.83000183105469,95.06999969482422,92.70999908447266,94.87999725341797,60912700,252.7304240608025,256.98279906760126,251.85435814781437,256.7071838378906,33620300,186.70008541627902,193.40847431166495,185.68486586763575,193.10987854003906,41642600
2023-03-15,92.77644636636741,96.46879271449647,92.19920427168174,95.65269470214844,50622100,149.68050801163758,151.71993837140982,148.42318357477492,151.46253967285156,77167900,93.22000122070312,96.66999816894531,93.06999969482422,96.19999694824219,70731800,255.90988102264944,262.3081199500826,255.15191657038366,261.2843933105469,46028000,192.04488576977488,196.85223049422967,189.94478298357055,196.82237243652344,42123600
2023-03-16,95.74225265197431,100.70851441722463,95.04558646901931,99.8426513671875,65492000,150.64082983435895,154.89790141964556,150.1260173130943,154.2939910888672,76161100,95.75,100.98999786376953,95.61000061035156,100.04000091552734,84446900,261.0579509308683,272.23026506647096,259.1581735865581,271.87591552734375,54768800,197.32999377461536,204.79481267058574,195.17017466318015,203.9687042236328,50447100
2023-03-17,99.78294515178816,102.35066322909664,99.62370281885212,101.136474609375,61028500,154.52170325241562,155.17511745555205,152.7396713831552,153.45248413085938,98944600,99.79000091552734,100.66000366210938,97.45999908447266,98.94999694824219,87300200,273.9036927174477,278.89429618396935,271.9940621060292,275.05535888671875,69527400,199.61919032932525,200.95290087614472,194.5132497950303,194.69241333007812,50141100
2023-03-20,99.6436083783907,101.26584972399411,99.3947979368084,100.73837280273438,32960400,153.5217825705538,156.24432646768744,152.6109545912959,155.82850646972656,73641400,98.41000366210938,98.4800033569336,95.69999694824219,97.70999908447266,62388900,272.643714369976,273.1358865548913,265.6253342067157,267.96807861328125,43466600,197.54895062735395,198.42482751615233,192.7316581133867,196.88209533691406,25186300
2023-03-21,100.76823312250937,104.59991256706779,100.73837708314564,104.42076873779297,42110300,155.7493201936468,157.80854012474336,154.97709383642948,157.6897430419922,73938300,98.13999938964844,100.8499984741211,98.0,100.61000061035156,58597300,270.5765591245479,270.69467563118206,265.3004581897297,269.4937744140625,34558700,202.24679993080582,202.59516418009426,197.02142731474626,201.21168518066406,31827000
2023-03-22,103.77386251455106,106.08282326179875,102.83834035547768,102.8781509399414,43427400,157.70955140928402,160.5211932163919,156.23442213481738,156.2542266845703,75701800,100.44999694824219,102.0999984741211,98.61000061035156,98.69999694824219,57475400,269.1197685728432,276.64017464446556,267.91886713354575,268.02716064453125,34873300,201.5500796578903,206.39722980012576,198.73335326539132,198.87269592285156,28477800
2023-03-23,104.56010268824097,105.79420800627038,103.96295911766454,105.0975341796875,40797800,157.24422341863578,159.93706781022715,156.10569609721924,157.3432159423828,67622100,100.43000030517578,101.05999755859375,97.62000274658203,98.70999908447266,57559300,273.58866452624983,276.65981401873677,270.89157068422304,273.31304931640625,36610900,201.88849925631558,206.90486575081258,201.20173353015846,203.32174682617188,27389700
2023-03-24,104.49043770663731,104.98805862211833,103.34590808241246,104.93830108642578,30393300,157.27394850099208,158.73916800835937,156.27403774029648,158.6500701904297,59196500,98.06999969482422,98.30000305175781,96.4000015258789,98.12999725341797,56095400,272.8996370155353,276.2365790138879,270.9703303661151,276.1775207519531,28172000,204.21751649177017,206.60626747501993,202.59517296507255,205.0436248779297,27716400
2023-03-27,104.12219127070134,104.26152450377403,101.44498861949126,101.97246551513672,31120900,158.34315238139064,159.1648674270664,156.29381212775743,156.69972229003906,52390300,99.06999969482422,99.33999633789062,97.08000183105469,98.04000091552734,46721300,276.1085945660647,277.0535567459473,271.20654881077553,272.0531005859375,26840200,203.84924885877598,204.89432642311226,200.41543559356643,201.88848876953125,18527200
2023-03-28,101.95257284782572,101.96251979884079,99.2654154207413,100.54927825927734,32057900,156.3928163743877,156.9076288835252,154.42267925169685,156.0760040283203,45992200,98.11000061035156,98.44000244140625,96.29000091552734,97.23999786376953,38720100,271.4723425051547,271.8168690429862,267.79087413033056,270.9211120605469,21878600,199.21111956955335,200.0869964782602,196.9716739902379,199.73863220214844,19127300
2023-03-29,101.793334518348,102.00233439427095,100.1710930472741,100.9075698852539,28779600,157.778824672489,159.44205919265104,157.75903523168998,159.16485595703125,51305700,98.69000244140625,100.41999816894531,98.55999755859375,100.25,49783300,274.59271732819036,276.73861104356007,274.0513399006214,276.11846923828125,25087000,202.60513730369368,204.75500880981895,201.58991767237677,204.38674926757812,18851100
2023-03-30,100.42985934560198,100.6786698096316,99.3052311886087,100.40995025634766,33086200,159.9172833200629,160.84790077737682,159.659884598305,160.73899841308594,49501700,101.55000305175781,103.04000091552734,101.01000213623047,102.0,53633400,279.7802016370314,280.00658160899906,277.07325471108254,279.6029968261719,25053400,202.425995871436,207.11389383559185,201.86862513310197,206.8650665283203,22608300
2023-03-31,100.8180045169263,103.39567731678657,100.55923950453533,103.23644256591797,36863400,160.8181856716707,163.35262396586768,160.29347845168977,163.2536163330078,68749800,102.16000366210938,103.48999786376953,101.94999694824219,103.29000091552734,56750300,279.28803758659916,284.7412837418121,278.56945538558534,283.7864685058594,32766000,206.26786624192704,211.17473288382774,205.80006974339463,210.94581604003906,25440300
2023-04-03,101.90280629620425,104.0326231198909,101.44499598386052,103.86343383789062,25035400,162.62991638134497,164.62973762588464,162.5804125649775,164.5109405517578,56976200,102.30000305175781,103.29000091552734,101.43000030517578,102.41000366210938,41135700,282.0343397141944,283.7569423716875,279.5045974988717,282.7332458496094,24883300,207.8603425627802,212.4885388512506,207.22334536538006,212.0705108642578,17924600
2023-04-04,103.83357415733603,105.07762635151548,103.54495313711536,104.22171783447266,24420100,164.9366655701128,165.17425973324032,163.46153634610226,163.97634887695312,46278300,102.75,104.19999694824219,102.11000061035156,103.94999694824219,48662500,282.7332562405726,285.90284644844036,281.1976813612138,282.68402099609375,25824300,212.38903597395148,215.22567335422661,211.54301705359896,213.71279907226562,21026400
2023-04-05,105.2766800226226,105.59515710589082,103.16677219338038,103.97291564941406,28290500,163.09524181864398,163.40214436262949,160.18459235196994,162.12501525878906,51511700,103.91000366210938,103.91000366210938,100.75,101.0999984741211,45175400,281.37482777678053,282.65446336729383,278.4907061502915,279.8884582519531,22064800,213.14543424703638,214.18056419915374,208.95519150856262,210.4879608154297,19396600
2023-04-06,104.75916104758119,108.65055279918359,103.8335858075378,107.90412139892578,48711500,160.80827539475462,163.31302951982073,160.3825758088242,163.01602172851562,45390100,100.75,102.37999725341797,99.80000305175781,102.05999755859375,43808000,278.7761866204537,287.50731719041386,277.61466736506213,287.03485107421875,29770300,208.26843026535886,215.92235971438376,207.6712387273477,215.0863037109375,26104400
2023-04-10,106.47097183107455,107.07806234756984,104.61982146300264,105.93354034423828,27067400,159.80836691031573,160.4122772216797,158.48174921205518,160.4122772216797,47716900,100.95999908447266,102.19999694824219,99.56999969482422,102.16999816894531,37261200,284.68223121557776,285.06613994489004,280.25268148244174,284.85943603515625,23103000,213.70282432311066,214.64836493411835,209.6718194159604,213.7426300048828,16106100
2023-04-11,106.04301910676263,106.22216293833723,104.18191416724264,104.84872436523438,26311800,160.72912334632053,160.73901806921322,158.90748220210756,159.19459533691406,47644200,100.80000305175781,101.0,99.01000213623047,99.91999816894531,60417800,281.27639833215596,281.5028083472433,277.230757468165,278.402099609375,27276600,214.46919096688868,215.00666636154685,212.40890911992813,212.8468475341797,16710100
2023-04-12,106.07286892315904,106.24205820052738,103.84352190700692,104.14209747314453,24370300,159.61038476928212,160.44199460478865,158.18475927615913,158.50157165527344,50133100,100.4000015258789,100.51000213623047,97.70999908447266,97.83000183105469,56735000,280.331454092245,282.51669989305793,277.5457425781535,279.0517883300781,27403400,213.83219549453068,215.8228136209453,211.5828024790781,212.9961395263672,18972200
2023-04-13,105.33638488558677,106.97853531836758,105.33638488558677,106.9188232421875,24843600,160.01628790137767,164.14465273087802,159.80837789845614,163.90704345703125,68445600,98.94999694824219,102.56999969482422,98.70999908447266,102.4000015258789,67925100,279.15021586087715,285.3614264229886,278.73680804839455,285.3023681640625,24222700,214.71803716451024,220.11261089704294,214.6782314811641,219.31637573242188,23310400
2023-04-14,106.38139243712666,108.42164110764425,106.33162731127321,108.35197448730469,26578000,162.94674189589546,164.65948057952454,162.18444039601638,163.56056213378906,49386500,102.06999969482422,103.19999694824219,101.11000061035156,102.51000213623047,51450500,282.5068611754226,283.96370179651217,279.24868340268176,281.66033935546875,20987900,216.85795280807292,221.06810607273064,216.52949898072916,220.45101928710938,21591200
2023-04-17,104.16201021070087,105.65487290751938,104.02266937335287,105.46577453613281,37571200,163.4417358903036,163.73874370809605,162.39232135968928,163.58033752441406,41516200,103.16000366210938,103.7300033569336,101.58999633789062,102.73999786376953,39919500,285.3910006419592,287.0348692146032,281.6800326007046,284.2786865234375,23836200,218.75898897403798,219.9434092793781,216.11147820663248,217.83335876464844,15481900
2023-04-18,105.98329077756064,106.03305590180257,103.57480758885212,104.00276184082031,26596400,164.44168227100437,165.7386009608918,163.9961629353784,164.8079833984375,49923000,103.94999694824219,104.19999694824219,101.5199966430664,102.30000305175781,39790500,287.0052911530972,287.19231898396373,282.51668329191097,283.8553771972656,20161800,218.8784333482308,219.40594596956302,215.19579262276017,216.86790466308594,12281000
2023-04-19,103.08715206626977,104.48049216706148,102.57957659955501,103.68429565429688,20905700,164.14464415802902,166.48108235627174,163.8872303481945,165.9563751220703,47720200,101.58000183105469,105.12000274658203,101.38999938964844,104.30000305175781,58398900,281.51266456597375,284.5247562324658,280.08538311239806,283.9341735839844,17150300,212.46865143110782,216.31054546546787,211.93117597017783,214.6881866455078,15898100
2023-04-20,103.41557815605778,105.74444030250633,103.37576757324341,104.78900909423828,27820800,164.43175373561738,166.19398100625685,163.90704646438456,164.9861602783203,52456400,103.52999877929688,105.25,103.20999908447266,103.80999755859375,57696900,280.78427646531526,284.50509757761904,280.6169246781258,281.63079833984375,23244400,212.47857604073408,215.7332409525059,211.77191510577404,212.0705108642578,16475400
2023-04-21,104.96815934695626,105.49563631362956,104.28144003927596,104.908447265625,25800100,163.4021510550257,164.78816747380588,162.84774448751364,163.37245178222656,58337300,106.0999984741211,108.1500015258789,105.08000183105469,106.95999908447266,86774200,280.54802704778444,281.7882806530925,278.6285433150847,281.2862854003906,21676400,209.2239362767764,212.40892241540604,208.59688667282944,211.891357421875,17717200
2023-04-24,104.98805513219027,106.12263017432495,104.20181320069477,105.46577453613281,23542800,163.3526447044582,163.94666036414364,162.25372630855222,163.67935180664062,41949600,107.66000366210938,109.2300033569336,105.06999969482422,106.20999908447266,69575600,277.67370102270286,280.48894155472334,274.35646528671094,277.35870361328125,26611000,212.67763354165274,212.91651318444914,209.72157959330661,211.79180908203125,15750900
2023-04-25,105.3264476991522,106.18235630484261,103.34591093386543,103.35586547851562,46664100,163.54072367407858,164.64953661232676,162.09529385976796,162.13490295410156,48714100,104.91000366210938,105.44999694824219,102.44999694824219,102.56999969482422,65026800,275.1340884128389,277.19136442128627,271.05888853978684,271.1081237792969,45772200,209.8310656719504,210.2689889060037,206.1583727694138,206.57640075683594,19198200
2023-04-26,104.42077155594797,105.84396768440436,102.14166684153358,103.2165298461914,53347600,161.43200707778223,163.62984381357916,161.1746083552498,162.12501525878906,45498800,105.04000091552734,106.62000274658203,104.0999984741211,104.9800033569336,73803800,292.05498339426265,294.8800468988335,288.1471350865969,290.74578857421875,64599200,211.50317348573273,213.10562166645425,207.90015957849502,208.41770935058594,41992700
2023-04-27,103.95299784504715,107.85435127935429,103.0473318001292,107.07805633544922,50089200,163.54073931024718,166.87708827078586,163.54073931024718,166.7285919189453,64902300,108.16000366210938,110.86000061035156,106.80000305175781,109.81999969482422,149961200,291.336431237466,300.42194142413604,290.62770202416357,300.0577087402344,46462600,238.76468079109065,240.55624006896562,235.65932150091436,237.44091796875,71196500
2023-04-28,106.53068615790889,106.83920869473445,104.5899600378611,106.82925415039062,36139800,166.80779457565893,168.15421688581486,166.2038842356674,167.98590087890625,55209200,107.7300033569336,109.4800033569336,104.33000183105469,105.44999694824219,130565000,299.2505571443168,304.0935148750173,298.5615040334557,302.4496765136719,36446700,237.88882032208997,239.302157408545,234.64411815351386,239.19268798828125,39554000
2023-05-01,106.33163086061985,107.47616045562452,106.31172936546945,106.6899185180664,26681700,167.58993273754442,168.74824982078258,166.95632300552234,167.89683532714844,52472900,104.94999694824219,105.2300033569336,101.81999969482422,102.05000305175781,74728100,302.16426617499104,303.7687526958826,300.37275177498856,300.7763366699219,21294100,237.5006388027442,242.85540630997818,235.35078281375567,242.03924560546875,29143900
2023-05-02,106.63020263275621,106.68991470916808,103.21652305785557,104.81886291503906,30997200,168.3918123170909,168.6492261368123,165.86726857821876,166.85728454589844,48425700,101.47000122070312,103.9000015258789,101.1500015258789,103.62999725341797,73469400,302.9418469765617,304.33959922450805,299.1521149683054,300.6286315917969,26404400,242.03924162107515,243.7710847934838,237.86890955993888,238.11773681640625,24350100
2023-05-03,105.0278714282875,106.97854454706649,104.46058387636243,104.908447265625,21795400,167.80771888799373,169.21353985292495,165.4910849784499,165.77818298339844,65136000,103.73999786376953,105.95999908447266,103.27999877929688,103.6500015258789,65051900,301.81967570546,303.77851145251077,299.32928557023496,299.6344299316406,22360800,238.34667803957808,240.6159816358931,231.65819948605633,235.91812133789062,34463900
2023-05-04,104.98806056672765,105.09753777760864,103.47529629660639,104.1918716430664,23419500,163.243711633137,165.37223965151196,162.6695006318279,164.1347198486328,81235400,104.04000091552734,105.38999938964844,103.30999755859375,104.0,45345500,301.44562423928016,302.9418469765617,298.65008970357985,300.6286315917969,22519900,234.95266955894937,237.08263047842968,231.83734713856848,232.42459106445312,17889400
2023-05-05,104.32124140643722,105.37619524656543,103.61462066511625,105.06767272949219,26625100,169.27294405611536,172.5598046719848,169.0551393113796,171.83709716796875,113316400,104.2699966430664,105.76000213623047,103.55000305175781,105.66000366210938,56912900,300.93377975527426,307.085932430796,299.50646831862997,305.7865905761719,28181200,231.15060431226985,233.57914590043632,228.77181603223144,231.6880645751953,26978900
2023-05-08,104.67952961034783,107.44630051441501,104.65962811592014,107.2572021484375,26511400,170.75794076749395,172.1142728432519,170.39163971305302,171.76776123046875,55962800,105.04000091552734,106.0999984741211,104.69999694824219,105.83000183105469,49430900,305.2747115147881,305.3436228273613,301.2979520150605,303.81787109375,21318600,230.3344380180247,234.51473334429355,229.18983858856006,232.17576599121094,16400500
2023-05-09,107.8742552366085,109.62588288426798,106.67996814548604,106.83920288085938,36360100,171.3222729910744,171.80737116626167,169.88675280256177,170.0550537109375,45326900,105.4800033569336,106.79000091552734,105.16000366210938,106.62000274658203,44089400,303.1781005859375,305.1861717412248,301.51455600745976,302.1937561035156,21340800,230.37425494196762,234.77351941738263,229.99603261753614,232.27528381347656,16865600
2023-05-10,107.45625661998795,112.4026095007465,107.41644603746185,111.21826934814453,63153400,171.29256173687202,172.29247239543182,170.18373361448457,171.82716369628906,53724500,108.0999984741211,110.66999816894531,108.05000305175781,110.19000244140625,78627600,303.78836006860274,308.09979329228884,302.85325092434726,307.42059326171875,30078000,235.06215005629753,235.6394311610159,229.63771845877667,231.9866485595703,19119000
2023-05-11,114.85090401178836,117.35890998003737,113.86561676637899,116.01533508300781,78900000,172.11429695457542,172.8468991660868,170.45106212923693,172.01528930664062,49514700,111.02999877929688,113.27999877929688,110.48999786376953,112.18000030517578,74924800,305.2452123832041,306.24923288297435,301.46533339371814,305.2550354003906,31680200,231.9567771077636,237.09257544998172,231.21029532036715,234.6839141845703,20449000
2023-05-12,116.12480660274282,117.46838143400169,115.55751911429611,116.95085906982422,41073800,172.1243165202818,172.5605284867848,169.52689179090092,171.0833740234375,45497800,112.16000366210938,112.63999938964844,109.31999969482422,110.26000213623047,49810100,305.68812438304315,305.78656482552327,301.79998224342324,304.13287353515625,19758100,235.62947452992515,235.84844374014472,230.3642810485693,232.7132110595703,16155300
2023-05-15,115.55752919181069,117.91625505636303,115.45800652768493,115.95562744140625,36266800,171.6682987112497,171.71787100649163,169.99285497252012,170.5876922607422,37266700,111.1500015258789,112.29000091552734,109.25,111.19999694824219,53011100,304.26088478130237,305.04834834939237,302.77451500373724,304.615234375,16336500,235.8086303848226,239.13295913720881,234.22609255917436,237.73953247070312,20653200
2023-05-16,115.93571083863797,120.17544287482168,115.87599876265112,118.94134521484375,45035600,170.5083796138232,171.64846676768477,170.3200139683082,170.5876922607422,42110300,111.05000305175781,114.79000091552734,111.05000305175781,113.4000015258789,71472900,304.9793957630767,308.79865663517415,304.9793957630767,306.8594970703125,26730300,234.68392179887599,238.515867840056,234.4151992814864,237.69972229003906,18163800
2023-05-17,119.04087149490434,121.09106715915512,118.3242961888887,120.2650146484375,33323600,170.23079334736886,171.44026961578084,168.9518977126324,171.2023468017578,57951600,114.88999938964844,115.83000183105469,114.22000122070312,115.5,65655200,308.07289612814964,310.18398226866987,306.5438090074736,309.7597961425781,24315000,237.33143628120126,242.6961513706199,237.0228929104052,241.3524932861328,21193100
2023-05-18,120.37449262022581,122.72326387464808,120.25506846385703,122.24555206298828,35234200,171.50964938607018,173.73035780662187,171.09326939359272,173.5419921875,65496700,116.69000244140625,118.5999984741211,116.33999633789062,118.1500015258789,73174100,310.28270017640136,314.73180841196273,309.48364052996965,314.21881103515625,27276000,240.16809372378933,245.93092684694426,240.05860911308702,245.6920623779297,22943300
2023-05-19,122.96211465423258,125.37059773770306,121.56877476035085,122.17587280273438,41330300,174.8704617599002,174.8704617599002,173.43295602393476,173.65106201171875,55772400,118.16000366210938,118.30999755859375,115.69999694824219,116.25,54990200,312.46279877914503,314.44566578774686,312.0977999996557,314.04119873046875,27529500,246.3091648203921,247.52344323906496,242.26821196591578,244.4877471923828,21599800
2023-05-22,122.35503332746399,125.82842519711046,122.15598040509195,124.45499420166016,35253000,172.48118909452026,173.20491116640216,171.9557561601792,172.6992950439453,43570900,116.7699966430664,116.7699966430664,114.25,115.01000213623047,70741100,314.29771785830155,318.23382834454407,313.71568867126024,316.8428649902344,24115700,244.25881345757563,252.3805394775979,243.9701653095046,247.15516662597656,27738500
2023-05-23,123.5692224434729,124.03697969958147,121.62849642613534,121.9768295288086,34046300,171.6385439691014,171.88639029719062,169.80447509030535,170.08206176757812,50747300,114.2699966430664,117.13999938964844,113.77999877929688,114.98999786376953,67576300,315.70838374356634,318.3620609809565,310.99293302124596,311.0028076171875,30797200,245.6522290451414,250.4297156168021,245.49297594907011,245.5825653076172,17748100
2023-05-24,120.54368432083105,121.32992621989823,119.28967758115877,120.3247299194336,34182600,169.61611066863975,170.93465495874622,169.0510289027881,170.35964965820312,45143500,115.3499984741211,117.33999633789062,115.0199966430664,116.75,63487900,310.4799378174826,312.2260251295259,308.38854073338916,309.61181640625,23384900,244.12942750285802,248.41920751653527,243.8009736603465,248.04100036621094,17724300
2023-05-25,123.92750080475773,124.72369725121857,121.37968432503033,122.8924560546875,42317000,170.92476575302507,172.40192036340346,170.21096703266915,171.49977111816406,56058300,116.62999725341797,116.87000274658203,114.30999755859375,115.0,66496700,318.87502712507745,322.48560688715077,315.67878902000206,321.51885986328125,43301700,252.21133017450006,254.42091768179606,248.00117676182518,251.50466918945312,22371400
2023-05-26,122.58393158206252,124.66399090771507,121.86735626591603,124.01708221435547,35635900,171.82687781321437,174.25576835370958,171.61868028010377,173.91868591308594,54835000,116.04000091552734,121.5,116.0199966430664,120.11000061035156,96779900,319.64446830879535,328.89780691493297,319.50637450410005,328.39471435546875,36630600,251.74353926510716,261.0795440723746,251.5245852215198,260.8108215332031,25727200
2023-05-30,125.04218589426755,125.06209498347394,121.41950615416448,123.08155822753906,35076700,175.43553093054112,177.44804166812344,175.0488913092159,175.77259826660156,55964400,122.37000274658203,122.91999816894531,119.86000061035156,121.66000366210938,64314800,330.70313021071354,331.20622279832344,326.05671145740513,326.7373962402344,29503100,264.0057485798782,267.3897935706732,260.0643329023369,261.2885437011719,23816500
2023-05-31,122.16593049458432,123.46969481793454,121.91712004551185,122.28536224365234,37325800,175.80236562165695,177.80496826079084,175.23726871202743,175.72305297851562,99625300,121.44999694824219,122.04000091552734,119.16999816894531,120.58000183105469,72800800,327.8028654551653,331.4035709455312,322.9098221088515,323.9555358886719,45950600,258.78038053593673,263.75692631547395,257.23766349405014,263.4782409667969,25473700
2023-06-01,122.23559042304707,123.82797569129428,122.03654511192563,123.13130950927734,30772700,176.16916396782793,178.56831456742498,175.4057930547119,178.53857421875,68901800,120.69000244140625,123.48999786376953,119.93000030517578,122.7699966430664,54375100,321.5286739937124,329.0260505461007,320.3350221149729,328.0888671875,26773900,264.6526915197554,272.71470154543596,264.6427590830665,271.3312072753906,25609500
2023-06-02,123.40003273525558,125.5497587390049,123.17113136582034,124.07679748535156,26963100,179.4704869589175,180.21402596420296,177.71573067078862,179.39117431640625,61945900,124.91999816894531,126.38999938964844,124.0199966430664,124.25,61215000,329.73638489709236,332.94249783924806,328.0593291620814,330.870849609375,25864000,271.3809909565315,274.0583749454534,269.84820639191184,271.3312072753906,19405300
2023-06-05,123.41994715640348,126.82367254963857,123.25075026674988,125.41043090820312,32305500,181.05668691999816,183.35669275593358,176.50621727974132,178.032958984375,121946500,123.36000061035156,125.80000305175781,123.02999877929688,125.30000305175781,47950100,330.693316375745,333.9882106590151,330.1408808136087,331.4035949707031,21307100,269.031999347484,274.27729699869366,268.29548043796774,270.1169128417969,20742900
2023-06-06,125.41042902818297,127.6795716632302,124.76352029992727,126.70423889160156,26638300,178.41961560329207,178.56831734898336,175.90148844243106,177.66616821289062,64848400,125.06999969482422,127.4000015258789,125.0,126.61000061035156,45695200,330.80175444190655,330.84122271907466,327.6844529715384,329.1740417480469,20396200,268.8728524691586,275.2726835876364,268.42495116172773,269.8482360839844,19419000
2023-06-07,126.36584609093107,128.4259886146352,121.53892512668912,121.9171142578125,52539000,176.90280103766142,179.64894264257165,175.79245430672572,176.28814697265625,61944600,127.01000213623047,127.37000274658203,120.62999725341797,121.2300033569336,95663300,327.17146599385774,329.9731116515835,318.1450315839659,319.0131530761719,40717100,270.39561545536134,272.9634993681727,261.5671989129693,262.36346435546875,26163600
2023-06-08,121.64841360475143,122.64365544606527,120.66311871482401,121.558837890625,29389200,176.367453055308,179.2821284929526,175.93125619506344,179.01446533203125,50214900,123.01000213623047,125.62999725341797,122.26000213623047,124.25,62159300,319.5656155034306,322.229167569566,318.9835862960409,320.8677978515625,23277700,259.39748173400665,266.39450427298254,257.665653426529,263.3388977050781,20899400
2023-06-09,121.66830847720398,123.17112570184304,121.3299299142625,121.64840698242188,23762500,179.93643394119178,180.6601409825454,179.0739335613958,179.40109252929688,48870700,124.08000183105469,125.80000305175781,123.19000244140625,123.43000030517578,51330000,320.6014248165846,325.53390634602147,320.0292702055803,322.37713623046875,22514900,261.2487386737778,266.69308056511954,260.47239880510483,263.7071533203125,16938500
2023-06-12,122.20573518054296,123.45974190942171,121.08111473851741,123.05168914794922,28306400,179.70840047119435,182.30582486935572,179.4109818840196,182.20668029785156,54274900,124.0199966430664,126.77999877929688,123.52999877929688,126.56999969482422,51338000,324.1429427458358,327.61542900796314,320.7691422408111,327.3688049316406,24260300,265.91672985333565,270.47523189644943,264.085334488373,269.77850341796875,15442500
2023-06-13,124.38532858556286,124.5644724206038,122.59389023515342,123.24079895019531,22278300,181.22524912557424,182.56361030209754,180.86834978636662,181.73085021972656,54929100,128.1199951171875,128.41000366210938,125.18000030517578,126.66000366210938,50564800,329.95341049295934,332.42952577838406,325.9285189350578,329.7758483886719,22951300,273.59053876903874,274.42659467185166,267.82769123868513,270.0472412109375,16164000
2023-06-14,122.51427067464085,123.45975499153305,120.87212009737992,123.08155822753906,30592300,181.79033583961464,182.8015531826157,180.45197462688512,182.36534118652344,57462900,126.69999694824219,126.94999694824219,124.12000274658203,126.41999816894531,52422500,329.82517898213644,334.46172377002256,328.31584080318265,332.78466796875,26003800,270.6145758852196,273.70000945484793,267.0613155008698,272.0677185058594,19175100
2023-06-15,122.55407822349193,124.86303896319669,121.8176013960505,124.49479675292969,35246300,182.37524971506843,184.91319370821412,182.19679249165128,184.40757751464844,65433200,125.20999908447266,127.69000244140625,124.31999969482422,127.11000061035156,60458500,332.9227380100379,345.1158162103727,332.6465202868888,343.3993225097656,38899100,271.02267007942214,282.6578365022489,270.14682353972785,280.5079650878906,25973500
2023-06-16,125.3308045165231,125.50994835044854,122.69341213660132,122.94222259521484,45514000,185.12137027990616,185.37914013584773,182.68257094685526,183.32696533203125,101235600,127.70999908447266,127.9000015258789,125.30000305175781,125.48999786376953,84188100,346.5758039117134,346.72377229999813,337.33234062272635,337.7071838378906,46533600,283.414263334987,286.49972758840875,278.81594019978445,279.6818542480469,43102500
2023-06-20,122.34507006124343,123.97726594287386,121.55882815838247,122.5142593383789,26097500,182.82136138571053,184.49680491343358,182.82136138571053,183.4161834716797,49799100,124.97000122070312,127.25,124.5,125.77999877929688,56930100,334.72804129963237,337.46062508330874,331.3246171835482,333.48504638671875,26375400,277.4225093020109,283.4640123003581,274.92427380491404,282.9962158203125,20701600
2023-06-21,121.81759809801702,122.07636309263388,119.52853891590576,119.97640228271484,30306300,183.30713360389032,183.81274978200145,181.01703601018858,182.375244140625,49515700,125.63999938964844,126.7300033569336,123.8499984741211,124.83000183105469,52137700,331.82771592550745,333.1693663878864,327.5857943850583,329.0556640625,25117800,282.19999663631,282.6677931427556,277.05423506540825,280.3188781738281,20556200
2023-06-22,119.429020209191,122.65360162877322,118.26458908449361,122.56403350830078,26952200,182.15714267343606,185.43862563579464,182.0877384404729,185.38905334472656,51245300,125.30999755859375,130.3300018310547,125.13999938964844,130.14999389648438,90354600,329.608079403054,335.5270561339279,328.8386136322593,335.1225891113281,23556800,277.77085945854066,283.9218929847252,276.4869325466224,283.5436706542969,17563100
2023-06-23,120.80244992420262,122.20574454143095,120.48397284408658,121.75788116455078,34885300,183.95153754819322,185.94421646985703,183.41618103785228,185.07179260253906,53079300,129.11000061035156,130.83999633789062,128.27999877929688,129.3300018310547,71855200,329.8448805246099,333.39627314072527,328.9471954059109,330.4959716796875,23084700,280.1894773602233,288.3112033451979,277.64148846781046,287.3756103515625,50988400
2023-06-26,120.1853997584649,121.41949744247009,117.70724225347334,117.77690887451172,33969900,185.2205087707664,186.42999999051133,183.63428631385352,183.6739501953125,48088700,129.3300018310547,131.49000549316406,127.0999984741211,127.33000183105469,59989300,329.2135144395698,331.571224712544,324.05412845410723,324.16265869140625,21520600,287.34574985333995,288.43063312942365,276.29781274794044,277.1637268066406,24232700
2023-06-27,116.52290793494869,118.51339146949954,115.54756766205826,117.76696014404297,39535900,184.28860667459685,186.7670698420573,184.07050070567323,186.43991088867188,50730800,128.6300048828125,130.08999633789062,127.55000305175781,129.17999267578125,46801000,327.3786061607091,331.61068318067953,324.85317836133345,330.0520324707031,24354100,280.68712477465124,287.992689813464,279.3334886243804,285.7034606933594,26108300
2023-06-28,116.53286076190481,119.81716179676539,116.2940048517799,119.60816192626953,27091400,186.31105393141783,188.2640844107442,185.9839100562617,187.61968994140625,51216800,128.94000244140625,131.47999572753906,128.44000244140625,129.0399932861328,52149500,330.140794992461,333.4159693347915,329.3022672697206,331.3147277832031,20259500,283.4839552004256,288.19174797067035,282.7275105377967,283.9517517089844,16722100
2023-06-29,118.67262791972016,119.48872587696212,117.73710580825735,118.53329467773438,24090900,187.4511250421375,188.43260188630063,187.3123317121149,187.95672607421875,46347300,128.77000427246094,129.25999450683594,127.26000213623047,127.9000015258789,40761000,330.19013811405165,331.57122678735186,328.1283646472187,330.5255432128906,16997000,283.16545046570934,285.2257476763586,279.37332507044584,280.2093811035156,15395700
2023-06-30,119.59820461658656,120.50387829421939,119.12049280738276,119.13043975830078,29519700,189.97918829297507,192.80462759541973,189.6123654098311,192.2990264892578,85069600,129.47000122070312,131.25,128.9499969482422,130.36000061035156,54310500,333.18910383853483,338.1018659336961,332.64654295071426,335.9414367675781,26823800,283.4242018574071,287.6940556173731,283.08580044078826,285.6337890625,19676000
2023-07-03,118.67263503107024,119.61811933616502,118.25463528006463,119.32949829101562,14467900,192.11065327577057,192.20979786240994,190.1080506189076,190.80203247070312,31458200,130.82000732421875,131.85000610351562,130.07000732421875,130.22000122070312,28264800,334.60968039782284,336.29658063116784,332.0250649242067,333.4258728027344,12508700,285.3551475204468,288.04246402024535,283.5138195047325,284.6783142089844,8629300
2023-07-05,118.67262585976906,122.02659333927569,118.66267890915145,121.17068481445312,27584800,189.91968534956396,191.3175270975779,188.97785723169864,189.68174743652344,46920300,130.24000549316406,131.39999389648438,129.63999938964844,130.3800048828125,35895400,330.5649730377632,337.03638501598806,330.2098488939996,333.5836486816406,18172400,286.3006573561467,296.72154487782586,285.0167001086486,292.9891357421875,33865500
2023-07-06,119.22996777471036,119.72758866259632,117.83662777001128,119.53849029541016,24745200,188.204592923582,190.365820872437,187.57010689891024,190.15762329101562,45094300,128.25,128.72999572753906,127.37000274658203,128.36000061035156,40639900,332.7451687923729,338.3583347909345,330.9694876074592,336.66156005859375,28161200,294.50199923617,296.72151890155914,289.94346693457334,290.6202697753906,47600500
2023-07-07,119.52853643899117,120.47402068726721,118.83187022918119,118.91149139404297,21692600,189.76104508696721,191.01018499526114,188.6011262162648,189.03732299804688,46778000,128.58999633789062,130.97000122070312,128.1300048828125,129.77999877929688,41928700,334.7379385766014,337.1745856915764,332.44925988855226,332.6662902832031,21185300,290.809429367597,294.81059171695284,287.30595198342843,289.16717529296875,25546200
2023-07-10,117.73711569558557,117.74706264721117,115.58738962197427,115.89591217041016,35315200,187.62957811566648,188.3533002828443,185.42870151973196,186.9851837158203,59922200,129.07000732421875,129.27999877929688,125.91999816894531,127.12999725341797,61889300,330.08161258316045,330.7031099646927,323.1662650474364,327.3489990234375,32791400,294.16360851643054,296.73152314518745,285.7034807016354,292.7204284667969,37058300
2023-07-11,115.73667231326417,117.14991387720602,114.80114257142738,116.58262634277344,23078800,187.53044524382943,187.66923857945199,184.9925013196807,186.45974731445312,46638100,127.75,129.77000427246094,127.3499984741211,128.77999877929688,49951500,326.58944439701025,328.36512559547043,322.58427205153635,327.98040771484375,26698200,292.52138586793785,298.77192681492375,290.5307673450197,296.89080810546875,27585900
2023-07-12,118.2347265266947,119.75744523552781,117.8465828398585,118.36410522460938,30404400,188.0459566971953,190.04855924155865,186.84638895388292,188.13519287109375,60750200,130.30999755859375,131.25999450683594,128.8300018310547,130.8000030517578,54022800,332.0546416428547,337.03643563123427,331.1372073615491,332.64654541015625,29995300,300.3345235261289,307.99841581227344,298.69226957179035,307.888916015625,36677100
2023-07-13,120.35458719688465,124.23603160712076,119.87686780772502,123.9474105834961,44297900,188.8589108119984,189.5429691298021,188.14511214362412,188.8985595703125,41342300,134.0399932861328,134.6699981689453,132.7100067138672,134.3000030517578,61170900,334.9746620206647,339.09820909301106,334.4419456196633,338.0328063964844,20567200,312.148825735841,314.7565306398543,308.8344598968248,311.9398193359375,30281000
2023-07-14,124.20617426975937,126.17674869583614,122.90240240521798,124.8232192993164,33266800,188.59122781892412,189.53304086059518,187.99640569502964,189.04727172851562,41573900,134.05999755859375,136.64999389648438,134.05999755859375,134.67999267578125,54388100,342.8962140090438,346.684355842652,339.66050764457793,340.57794189453125,28302200,310.32742795194724,313.4029293780309,305.9181856231809,307.4211120605469,22576000
2023-07-17,125.34075523343135,126.49523177773591,123.60902902733594,124.05689239501953,25716200,190.2468257033596,192.64599134916114,190.1576046603519,192.31883239746094,50520200,134.55999755859375,135.6199951171875,133.2100067138672,133.55999755859375,48450200,341.0119974589969,342.30430506599646,337.5790099679338,341.06134033203125,20363900,306.09736421786033,310.2477860887302,303.2806225002827,309.16290283203125,25323100
2023-07-18,124.0071191056456,124.08674026707224,122.37492326185865,123.1711196899414,26226400,191.68434955477355,192.65590289157154,190.76235338000512,192.06106567382812,48353800,132.7100067138672,133.86000061035156,131.35000610351562,132.8300018310547,54969100,341.1599567699789,361.8270635461225,337.5494072854083,354.635498046875,64872700,309.42171744719434,312.7261511581507,306.1769998560628,310.5862121582031,20764600
2023-07-19,124.00712721064436,124.5843692790778,121.22045471640399,121.44935607910156,37224000,191.43652547824442,196.52232225877913,190.99038994943103,193.41929626464844,80507300,133.38999938964844,135.99000549316406,132.52999877929688,135.36000061035156,54531000,356.86503882465547,357.5654427726351,347.6807606209098,350.28509521484375,39732900,311.56161677383153,317.18510730194566,309.06338112949766,314.52764892578125,21763700
2023-07-20,120.84225815158732,123.49955194883329,117.65748741253887,118.63282012939453,37906800,193.40935427253197,194.777470825343,190.84166997972974,191.46624755859375,59581200,134.07000732421875,134.7899932861328,129.3300018310547,129.9600067138672,59820600,348.7955115153894,353.1360893076159,340.70622963927934,342.18597412109375,33778400,312.0293957162204,314.05983473863796,300.8023105398768,301.10089111328125,23836900
2023-07-21,120.04607237662714,120.41430699448074,118.16506592367423,119.44892120361328,72937900,192.42789492586837,193.29039530573385,189.58260879656223,190.2864990234375,71917800,131.33999633789062,131.3699951171875,128.4199981689453,130.0,133265000,344.4351622996389,345.56962697471664,335.2410099540345,339.1278076171875,69368900,303.1412721234402,304.02708134664186,289.8339955346659,292.879638671875,42089700
2023-07-24,121.08112274560483,122.41474313178708,120.40435800830701,120.95173645019531,29686100,191.7438412670713,193.230919269526,190.5938306479448,191.0895233154297,45377800,130.30999755859375,131.66000366210938,128.35000610351562,128.8000030517578,45591100,341.1797041463386,342.2352622665316,337.68749929823326,340.4496765136719,26678100,294.3925176464592,296.1243457210145,286.9475948140285,290.2420654296875,24915700
2023-07-25,120.78254786384007,122.56403163253377,120.44416169668466,121.62850189208984,52509600,191.66453127210508,192.7649696142135,191.25805964859208,191.9520263671875,37283200,129.30999755859375,129.5800018310547,128.52999877929688,129.1300048828125,39236700,342.42271258678073,347.1381937516986,340.41028183220885,346.240478515625,41637700,293.8053078788138,296.90070472883343,290.4909114282854,293.08868408203125,19585600
2023-07-26,129.45111902909898,130.35677760125301,127.70944573360788,128.65492248535156,61682100,192.0015959886147,193.95462630849192,191.6546201978147,192.82444763183594,47471900,126.51000213623047,129.0800018310547,126.11000061035156,128.14999389648438,53910100,336.82928631733375,340.01568008356725,328.611755590644,333.2088317871094,58383700,299.7771692586956,300.35443520853624,290.5307386288225,297.1694641113281,47256900
2023-07-27,131.04348970124676,132.60602666094323,128.1771883763532,128.78428649902344,44952100,194.33134751765755,195.50117489112708,190.89123937354253,191.5554656982422,47460200,131.0,132.6300048828125,127.79000091552734,128.25,52610700,335.8822723979397,336.72077017189247,324.6065967639276,326.2540588378906,39635300,323.5949019127115,323.82383394912125,308.38657950722336,310.247802734375,64229200
2023-07-28,130.15771946410177,133.1036418304535,129.94872719345616,131.94915771484375,36591200,192.99297950413737,194.9361013981904,192.46754649179775,194.1429901123047,48291400,129.69000244140625,133.00999450683594,129.3300018310547,132.2100067138672,46317400,329.16420605704235,335.418588461766,328.6709579484161,333.80072021484375,28484900,315.39355222445687,324.66984031915814,312.77588443356973,323.9532165527344,39220300
2023-07-31,132.09843266820528,132.89462910208388,131.1529560469299,132.08848571777344,28055500,194.37100498050742,194.7973085377491,193.57789369266726,194.7576446533203,38824100,133.1999969482422,133.8699951171875,132.3800048828125,133.67999267578125,41901500,332.37034639692763,333.1398123061402,328.8583918744818,331.38385009765625,25446000,322.1715881591069,324.1323481985344,316.10019689176113,317.10546875,25799600
2023-08-01,130.15771659691958,131.99891993360347,130.05818634611023,130.92405700683594,23166800,194.54945856713078,195.0352276872512,193.59772201405482,193.9248809814453,35175100,133.5500030517578,133.69000244140625,131.6199951171875,131.69000244140625,42098500,330.66369203212577,333.96846060651745,329.1938222018752,331.79815673828125,18311900,316.05046637065453,322.61951263548195,313.1839712460445,321.1961975097656,22817900
2023-08-02,128.83404293845086,129.47099705811388,126.95303661740036,127.7691421508789,26273300,193.35977399392826,193.49856732490423,190.19726772902345,190.9209747314453,50389300,130.14999389648438,130.22999572753906,126.81999969482422,128.2100067138672,51027600,329.12474134255,329.12474134255,321.9528944979642,323.0775146484375,27761300,316.5082639516628,316.8964490437781,309.19273668166954,312.8355712890625,20461100
2023-08-03,127.36109434055177,128.7743358739839,126.81370831340226,127.83880615234375,20089500,189.91969553388512,190.71279169853844,189.04727159995883,189.52313232421875,61235200,127.4800033569336,129.83999633789062,126.41000366210938,128.91000366210938,88585200,321.597779707483,325.42539000063243,321.5484669368351,322.2488708496094,18253700,308.47616856598734,314.4679493022101,308.47616856598734,311.72088623046875,15180200
2023-08-04,128.6648583264697,130.88424328208276,127.30138192389168,127.50042724609375,26130000,183.92181504025928,185.76579240309633,180.35282171627148,180.42222595214844,115799700,141.05999755859375,143.6300048828125,139.32000732421875,139.57000732421875,152938700,327.39836976439574,330.61435706998384,322.82101286060225,323.3537292480469,23727700,313.48253785122665,316.916366310776,308.74488730741234,309.27239990234375,17600200
2023-08-07,128.5454412168282,130.98378071638075,128.4061079650305,130.90415954589844,22746300,180.5610076771683,181.55239296699656,175.8221872019764,177.30926513671875,97576100,140.99000549316406,142.5399932861328,138.9499969482422,142.22000122070312,71213100,323.9357887677664,326.6387790256658,323.09726088247197,325.65228271484375,17741500,311.760676823609,315.5826600797192,309.00365120796704,315.0750427246094,16236500
2023-08-08,129.99846246582507,130.88422694733512,128.9235996366585,130.77474975585938,23535200,178.14203038384454,178.71703568412062,176.05020675575068,178.25108337402344,67823000,140.6199951171875,140.83999633789062,138.4199981689453,139.94000244140625,51710500,322.54480993915706,324.31064668065517,318.6382931645677,321.6470947265625,22327600,312.92518533349585,316.3988348621986,308.6553006481801,311.1734619140625,15183500
2023-08-09,131.03352848369946,131.411710010648,128.38618186414243,129.0430450439453,24912900,179.31184291731705,179.37132361114365,175.48509529864398,176.65493774414062,60378500,139.97000122070312,140.32000732421875,137.10000610351562,137.85000610351562,50017300,322.0614270294025,322.69276896492516,316.7146041895466,317.8786926269531,22373300,311.41232415491487,312.1588059993001,301.4293748376465,303.7782897949219,19955800
2023-08-10,130.6951554251583,131.4216776590085,128.83404300432582,129.07290649414062,20857800,177.93384562444598,179.1929093058464,176.07005137717866,176.43685913085938,54686900,139.07000732421875,140.41000366210938,137.49000549316406,138.55999755859375,58928400,321.6175143529931,323.8272865467836,316.842875851902,318.5692443847656,20113700,306.4955397166187,310.8748944394901,302.4446236888305,304.30584716796875,14358900
2023-08-11,128.04781566195854,129.3117618339363,127.56014170520349,128.9435272216797,19569200,176.02984778529373,177.32037701982404,175.26544597344693,176.4964141845703,51988100,137.39999389648438,139.3300018310547,137.0,138.41000366210938,42832100,315.9352987108156,318.05625962756983,314.8994595848591,316.6751708984375,24342600,301.15069736001476,303.29060596157103,298.95104226487763,300.2250671386719,13967800
2023-08-14,128.7743521360614,130.74492689646604,128.34640539745578,130.7051239013672,24695600,176.6751020557822,178.38258864969947,176.01990054114177,178.15426635742188,43675600,138.3000030517578,140.58999633789062,137.75,140.57000732421875,47148700,317.0500366268224,319.6839646920239,315.7576988733088,319.66424560546875,18836100,299.56817077238907,304.7736183935267,296.850965750425,304.75372314453125,15641900
2023-08-15,130.47620201058947,130.79467147990303,128.6648547013604,129.1624755859375,19770700,177.5785085022154,178.1741339293912,175.76182141117968,176.15890502929688,43622600,140.0500030517578,141.27999877929688,137.22999572753906,137.6699981689453,42781500,318.63832268798944,320.7000964574307,316.5666743212441,317.5137023925781,16966300,304.70394748127944,305.788830773249,298.62259298523816,300.5335998535156,11623600
2023-08-16,128.0876007080078,129.66008437897048,127.26155588739324,128.0876007080078,25216100,175.84123193317788,177.24096145960885,175.2158108770956,175.28530883789062,46964900,137.19000244140625,137.27000427246094,135.00999450683594,135.07000732421875,41675900,317.13801214006867,320.7167146880456,316.1494272765782,316.7425842285156,20698900,298.7917956428592,299.6676421119351,292.8995525703216,292.9095153808594,18547700
2023-08-17,129.18239468568078,131.36197675884557,128.6748116249142,129.30181884765625,33446300,175.8511621348624,176.2184652373002,172.21778796969687,172.7340087890625,66062900,135.4600067138672,136.08999633789062,133.52999877929688,133.97999572753906,48354100,316.88098033707746,318.19578484702873,312.60039125699797,313.26275634765625,21257200,291.67530660740397,294.66123377434315,283.6133275562058,283.7526550292969,23950100
2023-08-18,127.89851493202701,128.63499931194184,125.77865268655036,126.853515625,30491300,171.04636032936088,173.82599075554495,170.70883778094841,173.22042846679688,61114200,131.6199951171875,134.07000732421875,131.14999389648438,133.22000122070312,48469400,310.90003574711136,314.74564524442695,307.9935939126714,312.8673400878906,24744800,277.72108965942147,284.3498517361462,273.0929085409362,281.9212951660156,34061200
2023-08-21,126.5748532050452,128.11747344866333,125.95780055174251,127.75918579101562,25248700,173.79620604217206,174.84849110751958,172.47588124297116,174.5605926513672,46311900,133.74000549316406,135.19000244140625,132.7100067138672,134.67999267578125,41442500,314.30079649101214,319.08554388527233,313.42097159988043,318.2057189941406,24040000,282.1203448313788,289.137261047832,280.52784437550855,288.5400695800781,20181500
2023-08-22,127.89850997505022,129.6600920991953,127.70942680168035,128.46580505371094,22067500,175.77169895247258,176.3871829499476,174.96759498215445,175.94046020507812,42084200,135.0800018310547,135.64999389648438,133.72999572753906,134.25,32935100,321.7843590357293,322.357724957099,317.7904679139887,318.779052734375,16102000,291.1776775592595,291.5260418341039,285.40489668112855,286.25091552734375,12999900
2023-08-23,129.56056100573272,132.77520272479933,129.25203849949906,131.74014282226562,27819700,177.22112651388355,180.2290795956185,177.0325064942749,179.8022003173828,52722800,134.5,135.9499969482422,133.22000122070312,135.52000427246094,42801000,320.1235498834675,325.44214114565574,319.76764365334907,323.2672424316406,21166400,287.14667667048064,296.0049216263318,286.320583478428,292.8597412109375,18287000
2023-08-24,133.3126319409684,133.6112075089515,128.95348331867828,129.1624755859375,28500700,179.3554281049967,179.78230726575964,174.72933102048285,175.09664916992188,54945800,136.39999389648438,136.77999877929688,131.8300018310547,131.83999633789062,43646300,329.05048294908903,329.1790038104103,316.3076093798751,316.3175048828125,23281400,297.0997265497289,298.0552146528907,285.2953767847942,285.40484619140625,18360900
2023-08-25,128.92361491657198,130.13781111641472,126.64451789723837,129.2620086669922,26762900,176.08939374478845,177.84650437604776,174.54074667761984,177.31044006347656,51449600,132.47000122070312,133.8699951171875,130.5800018310547,133.25999450683594,44147500,317.8003790491066,321.64595850158366,315.16084417438077,319.29315185546875,21684100,284.787785650487,287.0371938415798,274.73515808891875,284.1607360839844,23701400
2023-08-28,130.68520278468424,131.90934598829682,129.52077166131835,130.38662719726562,20543300,178.77967356057698,179.27603559399373,177.25088516267095,178.8789520263672,43820700,133.77999877929688,133.9499969482422,131.85000610351562,133.13999938964844,34108400,321.9425310997952,322.42692799992096,318.0475045559713,320.0049133300781,14808500,286.6490291486704,290.08285779345016,284.4593369151262,288.8984375,14239300
2023-08-29,131.61077243629086,135.92017096898465,131.61077243629086,133.9296875,43075600,178.3925260808221,183.55468861261488,178.19398428109324,182.78036499023438,53003900,133.3800048828125,135.13999938964844,133.25,134.91000366210938,38646100,318.20573519575873,325.2246945215674,318.20573519575873,324.66119384765625,19284600,287.2262708109696,297.7466947053678,286.82815326789597,296.5921325683594,20844500
2023-08-30,134.1386874276615,135.6315501147355,133.43207426004315,135.23345947265625,28315800,183.59440922711968,186.48324017846022,183.39586742396716,186.28468322753906,60813900,134.92999267578125,135.67999267578125,133.9199981689453,135.07000732421875,36137000,324.9181788505266,326.0451498323158,322.72351939208045,325.03680419921875,15222100,295.77602593765755,296.89076729736024,292.0535491568498,293.7157287597656,17717000
2023-08-31,135.36283712876264,137.34337385647325,135.14388270916908,135.52207946777344,30053800,186.47328650618994,187.7439721096439,186.11590523348306,186.50306701660156,60794500,135.05999755859375,138.7899932861328,135.0,138.00999450683594,58781300,325.44218047674366,327.1326523087655,323.0497916021966,324.01861572265625,26411000,294.4124706312979,299.68762799976724,294.2731431278623,294.5020751953125,17229900
2023-09-01,136.80594945032874,136.80594945032874,134.20836765107612,135.01451110839844,21524600,188.11129296200212,188.53815704908098,186.91009015003394,188.08151245117188,45732600,139.4600067138672,139.9600067138672,136.8800048828125,138.1199951171875,40948300,327.52806921372286,328.20029972236824,323.0497807085255,324.9083251953125,14931200,297.96568006190887,300.32455776626847,293.0886715524434,294.9897155761719,12819800
2023-09-05,134.7955460588322,135.77087872900177,133.93963753997775,135.1239776611328,19403100,186.91008160149724,188.5977094450193,186.24495831042893,188.3197479248047,45280000,137.72999572753906,137.8000030517578,135.82000732421875,137.27000427246094,40636700,325.24444329366247,331.0276711915423,324.9083280364007,329.74249267578125,18553900,295.62671241672155,299.97623891112556,294.1238162567697,298.7420349121094,14956000
2023-09-06,135.37279574679286,135.88036360473524,133.03397141020704,133.82022094726562,18684500,187.02920802693,187.47594597496703,180.14963751857883,181.57916259765625,81755800,136.32000732421875,137.4499969482422,134.61000061035156,135.36000061035156,41785500,329.5744010359564,330.64205933119945,326.41091765065016,329.0801086425781,17535800,300.29469528432116,301.877233083243,294.27308747477696,297.7666320800781,15418100
2023-09-07,132.95434213781053,134.93487869329522,132.3173880233416,134.61639404296875,18844300,173.90540860928058,176.9133767073295,172.27734161590178,176.26809692382812,112488800,133.89999389648438,138.02999877929688,133.16000366210938,137.85000610351562,48498900,327.50826429163334,329.2778093480337,325.27405300686524,326.1440124511719,18381000,296.60211147258366,305.60964666787106,290.84922609591115,297.26898193359375,33748700
2023-09-08,134.2680724669895,136.00974558565406,134.2083603898534,135.7310791015625,23558300,177.05235186894313,178.9285998393183,176.4964136407334,176.88357543945312,65551300,136.86000061035156,138.85000610351562,136.75,138.22999572753906,38348200,326.32194649198414,332.3226633487049,325.69913325335335,330.4542236328125,19530100,297.8163623609764,303.81807445964967,295.38780595336004,296.49261474609375,17548000
2023-09-11,135.8903121579024,136.825841903566,135.143880788854,136.2685089111328,20763400,178.7598487610702,178.98817107904816,176.04970086757123,178.0550079345703,58953100,138.75,143.6199951171875,138.63999938964844,143.10000610351562,56764500,333.3903759343724,334.556929093658,331.60103960424,334.0823974609375,16583300,299.9961637762891,307.5903781906325,299.86676871427363,306.1173095703125,19489300
2023-09-12,135.6116349892628,136.21873306242523,134.54673421670935,134.69601440429688,18405500,178.18403438275146,178.8193771303141,173.54801516810818,175.01724243164062,90370200,142.32000732421875,143.0,140.61000061035156,141.22999572753906,42668500,331.98654397967573,332.9454724112578,327.6960897075164,327.9827575683594,17565500,304.8930413632468,307.21212871378674,298.82167979186084,300.2449645996094,13480400
2023-09-13,134.4472223587194,136.2486077375473,133.5116925587083,136.0595245361328,20749500,175.22571224634177,176.00997270905043,172.71412167424248,172.9424591064453,84267900,140.9499969482422,144.97999572753906,140.8699951171875,144.85000610351562,60465200,327.52809814281835,333.00486756053664,327.3897119290355,332.223876953125,16544400,300.94168127568264,305.7390790074787,299.9065815561391,303.6290283203125,13210900
2023-09-14,136.94528070062265,138.0400375924637,135.59175121605634,137.44290161132812,24751000,172.73400399416633,174.81873079113439,172.31706166432645,174.4613494873047,60895800,145.0800018310547,145.86000061035156,142.9499969482422,144.72000122070312,64033600,335.27855480966366,336.9690265009899,332.7280191029121,334.8337097167969,20267000,305.3010712203956,311.40232021593397,303.59910134482067,310.2577209472656,19343100
2023-09-15,137.32345788063844,137.86089695130053,135.83059519619755,136.7462158203125,38908400,175.19592350235882,175.2157822233053,172.5552892315787,173.7366180419922,109205100,142.69000244140625,143.57000732421875,140.08999633789062,140.38999938964844,102861700,333.07403125618623,333.54853269059,325.88699986571044,326.45050048828125,37666900,310.1482880653082,310.5364732365787,297.34862621611495,298.90130615234375,28106400
2023-09-18,135.95997529868072,138.4978447839275,135.95997529868072,137.5523681640625,21861300,175.19594549627539,178.07485448429676,174.8882034479176,176.67510986328125,67257600,140.47999572753906,141.75,139.22000122070312,139.97999572753906,42823500,324.058114839662,326.6284415872305,322.63455018467687,325.3037414550781,16834200,296.79123455641644,302.17586064275775,296.4030494125245,301.1307678222656,14234200
2023-09-19,136.7661336216356,137.75142852316634,135.96993710197103,137.3831787109375,20353700,176.2283646497479,178.32301284726324,175.84120290460362,177.76708984375,51826900,138.6999969482422,138.83999633789062,135.55999755859375,137.6300048828125,61482500,322.446705559853,325.6299497048408,320.8056512322667,324.89837646484375,16505900,301.06106941766114,304.7337619620083,298.4035810920952,303.638916015625,15924400
2023-09-20,137.4229832645566,137.4229832645566,132.98419835818402,133.1036376953125,29927500,177.95570880879336,178.3925098170354,174.1237933470795,174.21315002441406,58436200,138.5500030517578,139.3699951171875,135.1999969482422,135.2899932861328,46263700,325.7486204721018,325.827693989748,316.8513563606588,317.1083679199219,21436500,303.6190505715031,306.6149408970922,298.0254178884066,298.2643127441406,19379500
2023-09-21,130.81459306049098,131.6008274512888,129.45111656611377,129.81935119628906,31488700,173.28000428145347,175.01727155266988,172.59502219087378,172.6645050048828,63047900,131.94000244140625,132.24000549316406,129.30999755859375,129.3300018310547,70234800,315.6156002828941,321.6360782353787,311.40421928226147,315.88250732421875,35529500,294.31291537923755,298.8515224816691,291.8942911622861,294.3427734375,21300500
2023-09-22,130.1378168923183,131.4017782750434,128.9833479050883,129.6302490234375,26397300,173.39909696300535,175.7915654067452,172.7836129384518,173.51821899414062,56725400,131.11000061035156,132.02999877929688,128.52000427246094,129.1199951171875,59904300,317.6520947233704,317.78061558235316,312.54109771841047,313.39129638671875,21447900,297.89600168783267,303.94749802972694,296.87083452909513,297.6770324707031,25369600
2023-09-25,129.2122519182116,130.54587235985892,128.34639636353074,130.4861602783203,20094600,172.93253251615403,175.6823824720043,172.88289328236814,174.79885864257812,46172700,129.36000061035156,131.77999877929688,128.77000427246094,131.27000427246094,46017800,312.9760849775433,314.04377354761226,311.404238631424,313.9152526855469,17836000,294.2532269478099,299.5383163784786,292.3223246667054,299.4188537597656,18987000
2023-09-26,129.1525314353715,129.73972044721884,126.61466183176898,127.95824432373047,25718700,173.54802313417602,173.92524796713502,170.41101154694528,170.70883178710938,64588900,130.1199951171875,130.38999938964844,125.27999877929688,125.9800033569336,73048200,311.5327634853885,312.27420215829727,306.4810789726441,308.576904296875,26297600,296.26369704779074,298.89129715910343,294.62144318141753,297.5575866699219,19417200
2023-09-27,127.95824144738631,130.27714140382253,127.95824144738631,129.91885375976562,22746500,171.36400935593267,171.78095161168793,167.81999260813018,169.18994140625,66921800,125.76000213623047,127.4800033569336,124.12999725341797,125.9800033569336,66553400,308.73505530094553,310.71222512078947,306.15486316727345,309.219482421875,19410100,299.0406322939545,299.8866207323841,285.44470629532236,296.34332275390625,36429800
2023-09-28,129.2222017860651,132.66574536563317,129.1724366549313,131.68045043945312,22513100,168.1078907839796,170.77832096236608,166.40040416763804,169.4480743408203,56294400,124.04000091552734,126.58000183105469,123.04000091552734,125.9800033569336,54555000,307.43997954346224,311.8787458429494,305.9175806621763,310.05975341796875,19683600,297.537708362619,304.8930269053858,295.30822567161914,302.5341491699219,22167100
2023-09-29,132.64581840280536,133.41215879768615,129.739714333163,130.23733520507812,30848100,170.76839850543928,171.81076180692196,169.10061419351356,169.96429443359375,51814200,128.1999969482422,129.14999389648438,126.31999969482422,127.12000274658203,62377600,314.12283006246753,315.82319717862225,311.38446094140835,312.1456604003906,24140300,305.9381066890614,309.18282397593697,297.95570851083454,298.8017272949219,25356600
2023-10-02,130.58567857530397,133.78039613443357,130.545860400469,133.53158569335938,22288000,169.97421860938772,173.03181060107437,169.6863201427267,172.48580932617188,52164500,127.27999877929688,130.47000122070312,126.54000091552734,129.4600067138672,48029700,312.66960950158256,318.21558609786393,311.58216015238867,318.1265869140625,20570000,301.31985927401985,305.7390339915228,300.2150807818553,305.3807373046875,16265600
2023-10-03,133.3026905762113,133.62116005886995,131.21267669893393,131.79986572265625,22989400,171.0066491138284,172.366691440067,169.57713912474932,171.1456298828125,49594600,128.05999755859375,128.52000427246094,124.25,124.72000122070312,51565000,317.1676656330005,317.7213009072656,307.657484158639,309.8126220703125,21033500,302.8327846391416,305.3309900577834,298.23446102955893,299.5283508300781,17362300
2023-10-04,132.15815718510046,134.9249434701971,131.8993997738575,134.5965118408203,26752300,169.8451609338146,172.94247039530038,169.7260388902924,172.39646911621094,53020300,126.05999755859375,127.36000061035156,125.68000030517578,127.0,44203900,310.4453144529802,316.38671934680445,310.4156581127954,315.31903076171875,20720100,297.32870228509904,305.46036072928314,297.09977025429816,304.14654541015625,16880500
2023-10-05,134.4273223876953,134.84532213743643,132.81502028305357,134.4273223876953,19832600,172.52551359241795,174.17343922355133,171.42358924241523,173.6373748779297,48527900,126.70999908447266,126.7300033569336,124.33000183105469,125.95999908447266,39660600,315.4475094779053,316.327364401189,311.3053368933147,315.71441650390625,16965600,303.20100691360363,304.77358187976694,298.0950665235925,303.3602600097656,19130000
2023-10-06,133.3723635946971,137.50262665466772,133.3723635946971,136.92538452148438,27583200,172.53546893670554,176.69498575707453,171.91996963241104,176.19862365722656,57224100,124.16000366210938,128.4499969482422,124.12999725341797,127.95999908447266,46795900,312.93649686639475,325.4322228400408,312.6893506739022,323.5242614746094,25645500,300.02595389091397,314.8261941816982,299.4984413244606,313.9503173828125,21784000
2023-10-09,136.28841418957376,138.27889778472175,134.96474077645817,137.76136779785156,19278100,175.52353680032698,177.74724412480685,174.52089096334598,177.68768310546875,42390800,126.22000122070312,128.7899932861328,124.76000213623047,128.25999450683594,38773700,321.0429214154338,326.5295551178962,319.49083600200555,326.0550537109375,19891200,311.034110603699,318.8273679142384,310.3573076688873,316.8666076660156,22503700
2023-10-10,137.8409849799401,139.05518115278088,136.67655393277659,137.403076171875,27786600,176.8041729428218,178.4123811800482,176.65525523522464,177.09205627441406,43698000,128.82000732421875,130.74000549316406,128.0500030517578,129.47999572753906,42178600,327.1820587892371,327.3204751601556,323.92963610326484,324.64141845703125,20557100,317.6230496572654,323.1370708282648,316.6675613824087,320.3302917480469,19038000
2023-10-11,137.9206132443408,140.43857383416284,137.9206132443408,139.88124084472656,25884300,176.90342620076967,178.54143000452555,176.30780084757703,178.49179077148438,47551100,129.74000549316406,132.0500030517578,129.61000061035156,131.8300018310547,40741800,327.42918731045415,329.020824643838,325.3828395521265,328.6253967285156,20063200,321.4948224363608,327.297461491469,321.43510631653925,326.2822570800781,22036300
2023-10-12,140.37885098714375,140.54804026123193,137.60211801793758,138.30874633789062,24765500,178.759844529376,181.01331743803624,177.73732472140046,179.3951873779297,56743100,132.1699981689453,134.47999572753906,131.22999572753906,132.3300018310547,55528600,326.7964688409997,329.82153576980227,324.9675810152199,327.3797302246094,19313100,326.4613876290649,328.9894812698115,321.176298692219,322.639404296875,20530500
2023-10-13,138.71681368426044,139.33385877066547,135.96993646362293,136.7064208984375,23420500,180.09999903884182,180.60628286156256,176.84386529966793,177.5487060546875,51427100,132.97999572753906,133.30999755859375,128.9499969482422,129.7899932861328,45786600,328.5858665652145,330.019296623983,322.6345659293272,323.98895263671875,21072400,322.012365849934,323.52522481264265,310.904712168084,313.2138366699219,21341000
2023-10-16,137.51255809555218,138.9656178098258,137.33342186038425,138.43814086914062,28501900,175.4639946753042,177.77704377786506,175.22573542452864,177.41966247558594,52517000,130.69000244140625,133.07000732421875,130.42999267578125,132.5500030517578,42832900,327.27098859672117,332.3029118179807,326.8261435346823,328.8428649902344,22158000,317.14528860458284,320.31036407708376,314.03989887039273,319.64349365234375,16536100
2023-10-17,137.97038107958892,139.23432728179327,136.5272682632598,139.05519104003906,23515800,175.3646914585386,177.12181720914745,173.52816111664285,175.86105346679688,57549400,130.38999938964844,132.5800018310547,128.7100067138672,131.47000122070312,49344600,325.827664522765,329.653482917614,323.6725568735075,328.26947021484375,18338500,316.6874270803916,322.87825060281386,315.81155025415745,322.4801330566406,16387800
2023-10-18,138.7864742597851,140.0504356733887,136.7263315075888,137.30357360839844,23375000,174.30248985254676,176.28793794498117,173.83590833900334,174.5605926513672,54764400,129.89999389648438,130.6699981689453,127.51000213623047,128.1300048828125,42699500,328.6945726494821,331.759191769858,324.55239964479256,326.34173583984375,23153600,319.88240332612423,324.4110475402622,314.07973431610037,315.4831237792969,16851000
2023-10-19,137.8410054118577,138.99548967948655,136.72633932514654,137.09457397460938,26066000,174.75914678442408,176.54605322348112,173.91534037415258,174.18338012695312,59302900,130.57000732421875,132.24000549316406,127.47000122070312,128.39999389648438,60961400,328.35847607866697,333.0344936244933,327.13264042852785,327.5379638671875,25052100,318.3794943155827,320.3800754178104,310.2876261029342,311.3426513671875,18709200
2023-10-20,136.6765521940106,137.213976060409,134.43725824267983,134.9547882080078,26315200,174.03445888939677,174.14365914589465,171.38388737014972,171.6221466064453,64189300,128.0500030517578,128.1699981689453,124.97000122070312,125.16999816894531,56343300,327.93341266679295,328.1311417316229,321.73499566730453,322.9410705566406,25012600,312.66641606529106,313.8209478947954,305.03238188372967,307.2021484375,22287400
2023-10-23,134.39744989145308,137.0049938097521,133.31263994264685,135.8505096435547,26317900,169.66648220683237,172.7439178760632,168.69360166729962,171.74127197265625,55980100,124.62999725341797,127.87999725341797,123.9800033569336,126.55999755859375,48260000,321.7547029032871,328.93183835802176,320.6870445710428,325.5607604980469,24374700,308.048164095756,315.8712789822451,305.81868144861016,312.5370178222656,17796800
2023-10-24,137.17417294722958,138.6968916178538,136.76612018289654,138.14950561523438,44814300,171.7909082758531,172.4063923696406,170.20254365913797,172.17807006835938,43816600,127.73999786376953,128.8000030517578,126.33999633789062,128.55999755859375,46477400,327.5181575017648,328.0520017824309,323.86041156041205,326.7569580078125,31153600,315.294030938864,316.85667359232696,309.1728857486877,311.0838623046875,19525500
2023-10-25,127.5501988505263,127.69947905321253,124.47489759261396,125.0123291015625,84366200,170.62944146713008,171.8008487599163,169.4083797866938,169.85511779785156,57157000,126.04000091552734,126.33999633789062,120.79000091552734,121.38999938964844,74577500,341.08150860571766,342.24806157017446,333.765987296064,336.78118896484375,55053800,308.5458266475626,309.42170353150215,297.43817324331945,298.12493896484375,42192500
2023-10-26,122.68346083906891,123.73842237481327,120.69297711748168,121.69817352294922,57061100,169.13041133026712,170.1330724325947,164.46461077917579,165.6757354736328,70625300,120.62999725341797,121.63999938964844,118.3499984741211,119.56999969482422,100419500,336.6526868052071,337.7302406507204,323.20792706940125,324.1470947265625,37828500,293.6161747076541,293.6161747076541,278.0893471906022,286.99737548828125,66684100
2023-10-27,122.29531249468846,122.72326678236502,119.63801864923039,121.58869171142578,44566500,165.69558183671225,167.73066925493364,165.6161620916175,166.9960479736328,58499100,126.19999694824219,130.02000427246094,125.5199966430664,127.73999786376953,125309300,326.6581143687127,332.876322086507,324.65128814798715,326.0451965332031,29856500,293.09862830435657,297.9059577876648,291.59570187635046,295.33807373046875,29596300
2023-10-30,122.62373800525754,124.80331991907411,122.16592770060555,123.86779022216797,28940100,167.7902309189435,169.92458166587582,167.64131321590813,169.0509796142578,51131000,129.72000122070312,133.0,128.55999755859375,132.7100067138672,72485500,329.60408920215934,335.5751503381647,328.04210819348634,333.4595642089844,22828100,297.68700400906636,307.94863870811275,297.6471831390327,301.2402648925781,28435100
2023-10-31,124.46493382160276,124.7734639348329,122.10621567689739,123.4896011352539,26292300,168.11782995408234,169.6565401685357,166.67836791176023,169.52749633789062,44846000,132.75,133.57000732421875,131.7100067138672,133.08999633789062,51589400,334.9819700053902,335.1302516935357,330.86945356194263,334.2503967285156,20265300,301.8871894817279,302.2554489751464,295.4674338753294,299.85675048828125,19434200
2023-11-01,123.47965479092001,125.88813822149176,123.13132166552205,125.84832763671875,30082400,169.75581666227828,172.9623111800798,168.88221462983017,172.70420837402344,56934900,133.9600067138672,137.35000610351562,133.7100067138672,137.0,61529400,335.9112561909914,343.45416345864317,335.7728398301243,342.11956787109375,28158800,300.4340550895294,311.27295529207805,300.4340550895294,310.38714599609375,20434600
2023-11-02,127.80895995342698,128.36629297445822,126.3260516835586,126.88338470458984,27124600,174.2429429068373,176.4864939793014,174.18338188289627,176.2780303955078,77334800,138.72999572753906,138.80999755859375,136.47000122070312,138.07000732421875,52236700,343.27618356893754,344.84802981392585,340.834377854448,344.3438720703125,24348100,315.8115735548844,317.3244628661548,306.8836494789848,309.4117431640625,21631800
2023-11-03,127.41085484625512,128.91366444247774,127.25161251937237,128.4857177734375,26380100,172.97224682902157,175.53347673875106,172.08872301559984,175.3647003173828,79763700,138.99000549316406,139.49000549316406,137.4499969482422,138.60000610351562,44007200,345.6389384028993,350.34461211282445,343.36517506433484,348.7727355957031,23624000,311.0838655769867,314.0697930547671,309.5610437782957,313.124267578125,16754100
2023-11-06,128.43596185853923,129.7198171439132,128.0577651016171,129.6302490234375,19052700,175.09666426298327,178.12446034988363,174.9279030004302,177.92591857910156,63841300,138.75999450683594,140.72999572753906,138.36000061035156,139.74000549316406,44970400,349.41537658510777,353.4586855716093,349.31651205231987,352.460205078125,23828300,314.4977822392614,316.8367343387527,312.9749605221039,314.318603515625,12887700
2023-11-07,130.088074849574,131.28236208699965,129.2620222539232,130.34683227539062,29757300,177.87627966042598,181.11256960611928,177.66781610245852,180.49708557128906,70530000,140.5500030517578,143.3699951171875,140.5,142.7100067138672,53553500,355.29741447617323,358.3224819200667,353.54763002740117,356.4145202636719,25833900,315.5727394578857,319.4942602220292,313.6418371374931,317.3244934082031,14055600
2023-11-08,130.3468063259873,131.580911497814,130.1577079736882,131.21266174316406,26425800,181.023246561535,182.11523398810698,180.26876654734838,181.55931091308594,49340300,142.97000122070312,143.1199951171875,141.22000122070312,142.0800018310547,44521700,357.55137827923454,359.7163816170377,356.4342725186346,359.0540466308594,26767800,316.64764664068247,319.8226546749476,313.4029293062361,318.2799377441406,13609700
2023-11-09,131.33211744076144,131.91930647073386,129.45111100566407,129.62030029296875,23747800,181.62878013143776,182.7803283984379,180.48713850295357,181.08277893066406,53763500,142.02000427246094,142.64999389648438,139.83999633789062,140.60000610351562,36235400,358.1642694379123,360.62586616316025,356.2464124670446,356.5726623535156,24847300,317.92165189456364,322.65930264250363,317.3045347267746,319.04632568359375,16103100
2023-11-10,129.48096408570086,132.16811390496133,128.79424481480643,131.9591064453125,26913300,182.87206148972973,185.4565506612299,182.43468499907056,185.2875518798828,66133400,140.4600067138672,143.64999389648438,139.91000366210938,143.55999755859375,49287800,357.3635478564213,365.8752795812783,356.94835909084804,365.4501953125,28042100,318.4392166419731,327.5562522372138,317.96145730803715,327.227783203125,19096200
2023-11-13,131.15296428561638,131.95910772056664,130.62548734210117,131.46148681640625,18324800,184.7110299042217,184.91976812620925,183.11063780884533,183.69711303710938,43627500,142.0800018310547,143.22999572753906,140.6699981689453,142.58999633789062,35680600,364.01669171567505,364.2638379125878,361.7231677677131,362.4942626953125,19986500,324.66984842707564,330.7710678432152,324.17219386503194,327.64581298828125,16908900
2023-11-14,133.55148695631235,135.05429646532818,132.68563153168148,132.98419189453125,32395200,186.57977766288278,186.98733436699092,185.1881391216873,186.3213348388672,60108400,145.0,147.25999450683594,144.67999267578125,145.8000030517578,56674600,366.77487775321134,367.70414993309754,363.15665355329156,366.0433044433594,27683900,332.97073559288077,336.51403377999327,331.7663896371569,334.732421875,17179400
2023-11-15,134.2282568614201,134.38749919428832,132.93445466887385,133.9794464111328,23861500,186.72890587030213,188.36905250310778,186.65931635404164,186.887939453125,53790500,147.05999755859375,147.2899932861328,142.58999633789062,143.1999969482422,63875700,367.78673199342217,369.6193319212851,363.65595302337914,366.19189453125,26860100,336.34480686348525,336.81260336935696,328.4719080037081,331.1492919921875,14531200
2023-11-16,134.54673149706534,136.56707098789275,133.68087605419174,136.2784423828125,28013200,188.43865594913416,189.82035984023278,187.52413314974999,188.57781982421875,54412900,140.91000366210938,143.32000732421875,139.52000427246094,142.8300018310547,49653500,367.4697650343208,372.8090670130161,366.6971049772861,372.6307678222656,27182300,327.82494789944064,333.0104997184818,324.84898346025403,332.6223449707031,18932600
2023-11-17,135.35288749837048,135.41259957777135,133.01406314727024,134.66616821289062,37240600,189.11457782649978,189.24380683321974,187.44461143684416,188.55792236328125,50922700,142.66000366210938,145.22999572753906,142.5399932861328,145.17999267578125,49636700,370.09481157714856,370.84767066024057,363.5470174090878,366.3702087402344,40157000,328.71077721812145,333.9261869305451,327.80504233591273,333.4683532714844,14494400
2023-11-20,133.05388316485448,136.0097526255653,132.98420894713303,135.60169982910156,27815500,188.75671623264228,190.76466491067268,188.7467813740569,190.30740356445312,46505100,145.1300048828125,146.6300048828125,144.72999572753906,146.1300048828125,41951200,367.7273146646205,375.3053322916461,367.5093833628424,373.8887939453125,52465100,333.31908715486327,340.2663254015602,332.6223586182126,338.375244140625,16960500
2023-11-21,135.64148033201138,136.52724480962092,135.3130639452131,136.31825256347656,22635300,190.26765186097265,190.37699597796984,188.60762038854105,189.5022430419922,38134500,143.91000366210938,144.0500030517578,141.5,143.89999389648438,71226000,372.13548017935176,372.6802933507884,367.62827122388927,369.5599365234375,28423100,336.74293505993177,338.30557773248745,334.32434108868193,335.3992919921875,12027900
2023-11-22,136.81588856208788,138.75660699373168,136.81588856208788,137.83103942871094,17813900,190.34717704028523,191.77857025832532,189.6911123355231,190.16824340820312,39617700,144.57000732421875,147.74000549316406,144.57000732421875,146.7100067138672,45669100,374.44353505087355,376.2167020543969,371.4420444315091,374.2949523925781,23345300,337.618758212851,341.31137648148615,336.9917086814065,339.8880615234375,10702700
2023-11-24,137.3732168512701,137.4727471002464,135.3429303733346,136.0395965576172,12514300,189.73086532541635,189.76068506922263,188.1205384889839,188.83624267578125,24048300,146.6999969482422,147.1999969482422,145.32000732421875,146.74000549316406,22378400,373.7798105540461,374.4138035112927,371.61044336899096,373.8788757324219,10176600,338.5344832825469,340.25634855661747,335.1902289687512,336.6434020996094,5467500
2023-11-27,135.3827437999076,137.76137114648046,135.35288776014943,135.7609405517578,23436500,188.78653185384877,189.53205575999598,187.77261509452617,188.6573028564453,40552600,147.52999877929688,149.25999450683594,146.8800048828125,147.72999572753906,53762400,373.2349912204299,377.05868938301023,372.6604615641083,375.0477600097656,22179200,334.60301242210414,338.3055635607188,332.6323198056057,333.1299743652344,15684500
2023-11-28,135.43249901776102,136.59693004167585,134.77563581877808,136.5471649169922,18730000,188.64737693705334,189.9396214691522,188.26963995303524,189.263671875,38415400,146.97999572753906,147.60000610351562,145.52999877929688,147.02999877929688,42711700,374.7902561506727,379.3965000397917,374.6020413692927,379.0993347167969,20453100,331.8360367532549,337.78799590674,331.8360367532549,337.3998107910156,12637200
2023-11-29,136.9154278069515,137.63198796354249,134.19840663801398,134.3477020263672,23967200,189.76067465041663,190.9435749821963,187.84220045483752,188.23980712890625,43014200,147.85000610351562,148.5399932861328,145.97000122070312,146.32000732421875,40610900,380.1493603159181,380.68425789892774,373.88881549531266,375.2855529785156,28963400,338.0965485080961,338.3055549129589,329.2283408372704,330.6416931152344,16024500
2023-11-30,134.4074124729324,134.9050333890216,130.65534651348793,131.89939880371094,38988300,188.70701635554832,189.1841625986753,187.06686975200412,188.8163604736328,48794400,144.75999450683594,146.92999267578125,144.3300018310547,146.08999633789062,65814000,374.9288785524772,376.51383062398844,371.937303812454,375.3449401855469,30554400,330.3331420956273,331.9355751199318,320.8876383588967,325.6153564453125,23146400
2023-12-01,131.2325897216797,131.48140018185381,130.04824950146127,131.2325897216797,31431200,189.19409067360718,190.41674564636727,188.10064953196948,190.09866333007812,45679300,146.0,147.25,145.5500030517578,147.02999877929688,39924600,373.2151890748226,374.60201085324076,367.8164543800959,370.9863586425781,33020400,323.95323336811543,325.32673448183385,319.2553729609138,323.29632568359375,15264700
2023-12-04,129.26202064151303,129.41130084950933,127.29143837193935,128.65492248535156,36669900,188.84618961175903,188.91577913023963,186.33128993843854,188.29946899414062,43389500,145.25,145.35000610351562,142.80999755859375,144.83999633789062,48294200,365.6272685167618,366.0432999492324,359.4855901354516,365.6669006347656,32063300,315.80162449657615,319.3548548050956,312.18864769916655,318.518798828125,19037100
2023-12-05,128.33642794624606,131.51125173964408,127.63976171874135,130.36672973632812,27384800,189.07482149235318,193.23980256929687,189.0449865799245,192.26565551757812,66628400,143.5500030517578,148.57000732421875,143.1300048828125,146.8800048828125,46822400,363.002209215325,369.5698044164444,362.1800014727598,369.01507568359375,23065000,317.48370173130104,320.37009199258137,313.9105457738759,316.79693603515625,16952100
2023-12-06,130.814578133484,131.2126687592651,129.2620034322801,129.40133666992188,23576200,193.2895190534562,193.59766654612127,190.9634878174767,191.1722412109375,41089700,147.5800018310547,147.85000610351562,144.27999877929688,144.52000427246094,39679000,370.0255016850389,370.65946442979055,364.5673336677576,365.330078125,21182100,320.41987260768275,320.7383788307514,315.55282657931986,315.9609069824219,11294300
2023-12-07,134.39743612631167,137.90069125733066,134.05905758383045,136.2784423828125,56767100,192.4744158469115,193.83623479668313,192.43464607405332,193.110595703125,47477700,146.14999389648438,147.9199981689453,145.33999633789062,146.8800048828125,52352800,364.76549002661096,367.95519561310016,362.8734567838674,367.45989990234375,23118900,316.2793501686438,326.7002372783023,316.2793501686438,325.0579833984375,15905100
2023-12-08,133.56145246512227,135.75098148530094,133.39226317393695,134.3477020263672,32233900,193.04099429291227,194.8203199094653,192.5141585929263,194.5419921875,53377300,145.47999572753906,147.83999633789062,145.39999389648438,147.4199981689453,41858000,365.7263114622475,370.93680102116286,364.765436714598,370.708984375,20144800,321.5744274624733,331.6071606365716,321.48485328450766,331.1891174316406,14077500
2023-12-11,131.75011845279244,132.70554210632815,130.73496753299872,132.65577697753906,31138000,191.957494748212,192.3352317119437,190.27757846347603,192.02706909179688,60943700,145.66000366210938,146.19000244140625,143.63999938964844,145.88999938964844,50907300,365.0131044942587,368.10374460980563,362.6554922898368,367.8065490722656,27708800,327.85481911844187,328.3425412434348,318.4989194349257,323.754150390625,25802500
2023-12-12,131.18282170000637,132.3671618941117,130.63543566245536,131.8894500732422,29032800,191.92769665062553,193.5579084922386,190.5758125501861,193.5479736328125,52696900,145.52000427246094,147.5,145.3000030517578,147.47999572753906,44944300,367.3607883950642,370.8972065792804,366.9744432787704,370.8575744628906,24838300,323.0773526216057,332.90104896445854,323.0375317512035,332.6522216796875,18485500
2023-12-13,132.74535238978922,132.86477654283303,130.94396721251857,131.939208984375,30104800,193.925682544677,196.8183190559037,193.68712459255818,196.778564453125,70404200,148.1199951171875,149.4600067138672,146.82000732421875,148.83999633789062,52766200,372.48215648382853,374.086939898613,367.28155178547297,370.8476867675781,30955500,332.36357131975313,336.7827462979258,331.07964440843716,333.1697692871094,16353300
2023-12-14,132.74536075457883,133.0837393336483,129.0729159552244,131.3122100830078,38722400,196.83819885132337,198.42864077264184,194.98929893159502,196.9276580810547,66831600,149.92999267578125,150.5399932861328,145.52000427246094,147.4199981689453,58400800,369.79769131060294,370.2434695547166,360.70406906648043,362.48712158203125,43277500,332.2839806968504,333.1299995871577,327.09842829774954,331.607177734375,19607300
2023-12-15,130.99372252410018,132.87472894259986,130.5558136967356,131.9690704345703,50815200,196.3511298862745,197.2159328291742,195.82429416614897,196.39089965820312,128256700,148.3800048828125,150.57000732421875,147.8800048828125,149.97000122070312,110039100,363.39844407099264,368.8962139906386,362.8337997442001,367.241943359375,78478200,330.43265923327004,337.0713843119748,329.6662821591047,333.34893798828125,30001600
2023-12-18,131.99892443621175,136.4974064259798,131.79986392780293,135.15383911132812,32258000,194.91972010314345,195.45650584640038,193.22986883323685,194.72091674804688,55751900,150.55999755859375,154.85000610351562,150.0500030517578,154.07000732421875,62512800,365.9739856872879,369.4905728812435,365.2112110016812,369.14385986328125,21802900,335.89692677315173,345.92962915941496,335.43906271651696,343.00341796875,18993900
2023-12-19,136.1888694694067,136.81587659485692,135.43249125061917,135.99977111816406,25476800,194.98930475456203,195.77458329630363,194.72091188963017,195.7646484375,40714100,154.39999389648438,155.1199951171875,152.69000244140625,153.7899932861328,43171300,367.9947723838569,369.7481384277344,366.3603026960237,369.7481384277344,20603700,343.95891527972447,351.94131393033064,343.50108158543,348.71649169921875,17729400
2023-12-20,138.30875463223933,141.02576050336694,137.41304308366068,137.68174743652344,49107200,195.72488988877126,196.50023361616374,193.66725158691406,193.66725158691406,52242800,152.89999389648438,155.6300048828125,151.55999755859375,152.1199951171875,50322100,371.47172920429006,372.49203701128664,367.04378498295705,367.1329345703125,26316700,347.0145214343162,353.29491960262146,346.1585701638808,347.6415710449219,16369900
2023-12-21,138.82627876474274,140.02056584118617,138.51774106231403,139.75184631347656,27488300,194.9296507492267,195.90379770975298,192.34516188676014,193.5181121826172,46482500,153.3000030517578,153.97000122070312,152.10000610351562,153.83999633789062,36305700,369.0547222595686,370.88732235937965,366.5584428639484,370.0255126953125,17708000,351.324207105706,354.7381099321862,347.5718724653155,352.4289855957031,15289600
2023-12-22,140.10018194492363,141.3143780648777,140.0404698711855,140.81675720214844,26514600,194.01515250091973,194.24379077463595,191.8183503425399,192.44459533691406,37122800,153.77000427246094,154.35000610351562,152.7100067138672,153.4199981689453,29480100,370.16416841117154,371.6500554361655,369.20329359245756,371.0556945800781,17091100,353.91196809724534,355.5243942247528,349.5724353481685,351.7322692871094,11764200
2023-12-26,140.91629294532333,142.00110294060704,140.51820227118546,140.8466339111328,16780300,192.45452839560733,192.73285613100865,191.67918468017166,191.8978729248047,28919300,153.55999755859375,153.97999572753906,153.02999877929688,153.41000366210938,25067200,371.47174615266005,373.393495737859,369.98585916804944,371.13494873046875,12673100,353.32474991909316,355.3054355830845,351.79199585176616,353.1654968261719,9898600
2023-12-27,140.91628362015615,141.40395757196106,139.2243755877538,139.70208740234375,19628600,191.34121910492223,192.34518593287333,189.94956524818429,191.9972686767578,48087700,153.55999755859375,154.77999877929688,153.1199951171875,153.33999633789062,31434700,370.17407704899347,371.53118233613856,369.3023518404904,370.5505065917969,14905400,354.3997352959561,357.3159838070823,353.643290624348,356.1514587402344,13207900
2023-12-28,140.11013013169483,140.4684177634693,139.08503236032027,139.562744140625,16045700,192.98135331561093,193.49825415286705,192.01714115491455,192.42469787597656,34049900,153.72000122070312,154.0800018310547,152.9499969482422,153.3800048828125,27057000,371.83826458273074,372.9180055102288,370.6396575319042,371.7491149902344,14327000,358.0127221944581,360.2023841535624,356.1315732750495,356.6391906738281,11798800
2023-12-29,138.9656175115826,139.6921397740678,138.11965590639036,139.02532958984375,18727200,192.7427850763616,193.23980104114617,190.58573760932344,191.38096618652344,42628800,153.10000610351562,153.88999938964844,151.02999877929688,151.94000244140625,39789000,372.46235152363494,373.61144112939365,369.96607217829995,372.5019836425781,18723000,357.3059944879482,358.3112663717508,350.1696454423874,352.2995910644531,14980500
2024-01-02,137.89075472780192,138.78646627528045,135.83059690794266,137.51255798339844,23711200,186.03305662356883,187.3153662175252,182.79251821875232,184.53207397460938,82488700,151.5399932861328,152.3800048828125,148.38999938964844,149.92999267578125,47339400,370.3424737462839,372.3632885983454,363.319184585885,367.380615234375,25258600,349.67202277628337,351.5033879930597,338.4150785617212,344.6656188964844,19042200
2024-01-03,136.59695053777565,138.96563111524162,136.42776123741183,138.25900268554688,24212100,183.1205708792931,184.77066759112085,182.3352771284137,183.150390625,58414500,149.1999969482422,151.0500030517578,148.3300018310547,148.47000122070312,49425500,365.5381225658885,369.7481357898977,365.04282689247566,367.1131591796875,23083500,343.3617433360226,346.31781257010687,341.57016873615214,342.8541259765625,15451100
2024-01-04,137.7613829471732,138.49786742539402,135.70124009646156,135.7410430908203,27137700,181.06292931922462,181.99732186004985,179.80051955406512,180.82437133789062,71983600,145.58999633789062,147.3800048828125,144.0500030517578,144.57000732421875,56039800,367.18247442785434,369.58960392636413,363.7154050293527,364.4781494140625,20901500,342.88396387932653,346.5168357961971,341.7891178617216,345.4916687011719,12099900
2024-01-05,136.09931838527314,136.50737117465926,134.50692540464604,135.08416748046875,22506000,180.90387243418792,181.6692660827433,179.09472708075188,180.09869384765625,62303300,144.69000244140625,146.58999633789062,144.52999877929688,145.24000549316406,45124800,365.4985007136341,368.559424433647,363.0517388090319,364.28997802734375,20987000,345.3622868572737,351.8417586673994,344.6357306708017,350.2990417480469,13920700
2024-01-08,135.6415124314593,138.34857162557788,135.6116563892304,138.17938232421875,21404000,181.0032684531674,184.49233019548157,180.41679326133186,184.4525604248047,59144500,146.74000549316406,149.39999389648438,146.14999389648438,149.10000610351562,46757100,365.8253710003868,371.66988411040546,365.53812127674354,371.1646728515625,23134000,353.0361540033264,357.2960757856238,350.39856055827886,356.9775695800781,13890200
2024-01-09,137.84098804206727,140.8167664639369,137.49264734077235,140.27932739257812,24759600,182.82234457021028,184.04499955584959,181.63944418662982,184.03506469726562,42841800,148.3300018310547,151.7100067138672,148.2100067138672,151.3699951171875,43812600,368.50986917545833,372.4524030948654,367.69757707621847,372.2543029785156,20830000,354.72812882232535,358.9482597237445,353.69299893619376,355.7532958984375,13463900
2024-01-10,140.3291037059296,142.31958744643927,140.23953558229127,141.60301208496094,21320200,183.24979649333252,185.2875498615879,182.82235486658107,185.0788116455078,46792900,152.05999755859375,154.4199981689453,151.8800048828125,153.72999572753906,44421800,372.8288615431399,380.5554922110054,372.7793440678221,379.16864013671875,25514200,358.4805057581702,371.190592521309,357.3955920677726,368.732177734375,22117200
2024-01-11,142.80725580814243,144.5290199237723,139.97081051510136,141.40396118164062,24008700,185.42671870400414,185.93368472067908,182.52414714521402,184.48239135742188,49128400,155.0399932861328,157.1699981689453,153.1199951171875,155.17999267578125,49072700,382.3682441685505,387.0042042259602,376.80112586493703,381.0111389160156,27850800,370.3844263067636,371.031371227338,361.2275692981771,367.93597412109375,17205400
2024-01-12,141.9911462708172,142.51862321173218,141.14519984962567,141.9712371826172,18768600,184.9495734055796,185.6255229866903,184.08477050382692,184.81040954589844,40444700,155.38999938964844,156.1999969482422,154.00999450683594,154.6199951171875,40460300,381.8630294927209,385.0230181492978,381.03093643070736,384.81500244140625,21645700,368.42360154598225,375.29122791522275,367.80651479496834,372.7332763671875,19295700
2024-01-16,141.3243377622621,143.66316210251998,140.77695172665017,141.81201171875,22670500,181.07284484780743,183.16030262539027,179.85017475552078,182.53407287597656,65603000,153.52999877929688,154.99000549316406,152.14999389648438,153.16000366210938,41384600,389.9562027545636,390.32271672497956,383.9730224089054,386.59808349609375,27202300,371.89723274281795,373.84803004042226,365.5073654404121,365.73626708984375,15306900
2024-01-17,140.67743558387372,141.16509435045725,138.2390810062168,140.79685974121094,20968600,180.18816351220838,181.83824490899738,179.22395137316974,181.58973693847656,47317400,151.49000549316406,152.14999389648438,149.91000366210938,151.7100067138672,34953400,384.32963163268903,386.4395657529972,381.1894438434919,385.80560302734375,22234100,364.5817315665266,366.811244729802,356.92780172958845,366.64202880859375,12724800
2024-01-18,141.37411363155687,143.5238397604635,141.31440154789604,142.79730224609375,25746400,184.97940747954695,188.01120805146246,184.72096462518135,187.50425720214844,78005800,152.77000427246094,153.77999877929688,151.82000732421875,153.5,37850200,388.0344497047316,390.2830812145117,386.4494974787357,390.1642150878906,23392100,369.74735198029634,375.08222432217764,369.2099069589327,374.3656005859375,16354300
2024-01-19,144.05130622298188,145.75316122771846,143.69301856100813,145.68350219726562,33300700,188.2000611602168,190.80441988057507,187.69311035236996,190.416748046875,68741000,153.8300018310547,155.75999450683594,152.74000549316406,155.33999633789062,51033700,392.0364126276258,394.9190368652344,389.79766667261197,394.9190368652344,29272000,377.22210795319336,382.5569495703824,376.1969409064504,381.6512451171875,21470100
2024-01-22,146.40006807538688,147.68392325601644,145.1460537462961,145.29534912109375,32200400,191.15234200232317,194.16425751836653,191.11257223144145,192.73284912109375,60133900,156.88999938964844,157.0500030517578,153.89999389648438,154.77999877929688,43687500,396.2563743199646,396.8507352261163,389.8868786582818,392.7794189453125,27016900,386.13014469715955,388.51888025937745,379.37198797735385,379.98907470703125,17680500
2024-01-23,145.19584043631022,146.47969580762322,144.80769670208198,146.34036254882812,21636100,193.8561183903394,194.58175747905844,192.67321792314553,194.01515197753906,42355600,154.85000610351562,156.2100067138672,153.92999267578125,156.02000427246094,37986000,392.02652441578425,395.6223758316309,390.22364091426874,395.1468811035156,20525900,382.81577013523196,386.5581419630543,380.2876765893463,383.39306640625,15506100
2024-01-24,147.83320457288815,149.1369840368619,147.39531095421805,147.99244689941406,25233500,194.25371040083746,195.20798769039715,193.18015413797895,193.33920288085938,53631300,157.8000030517578,158.50999450683594,156.47999572753906,156.8699951171875,48547300,397.7620381791371,401.8135529594447,396.6822972921996,398.7724304199219,24867000,388.17055053021846,394.2916954444642,385.99082116267186,388.8672790527344,15698500
2024-01-25,149.3559462690805,152.3217626217301,148.82845413653732,151.14736938476562,29149100,194.0549059471631,195.0986424607324,191.95749806154728,193.01116943359375,54822100,156.9499969482422,158.50999450683594,154.5500030517578,157.75,43638600,400.5159168098495,403.18061005906736,398.74274976275865,401.06072998046875,21021200,388.3397422451109,393.63476326348916,383.8508887463011,391.3356018066406,15091100
2024-01-26,150.38104092093948,151.8141763457417,150.29145761811435,151.46585083007812,26115500,193.1106022428928,193.59766821896898,190.7945058465033,191.27163696289062,44594000,158.4199981689453,160.72000122070312,157.91000366210938,159.1199951171875,51047400,400.5654097210854,402.34849224643625,398.6436601299057,400.1295471191406,17803300,392.5001440985125,394.92870069805593,389.7530813016205,392.2911376953125,13163700
2024-01-29,151.33645876754892,153.04827580027492,150.70945160260163,152.77955627441406,27784300,190.8640668648328,191.05293535979936,188.44857653714126,190.5857391357422,47145600,159.33999633789062,161.2899932861328,158.89999389648438,161.25999450683594,45270400,402.23951388406,406.1226452071924,400.52577999660826,405.8650817871094,24510200,393.13717222125285,401.0399297199735,391.2560536230114,399.1388854980469,18742400
2024-01-30,152.07293911887135,152.88902943924788,150.47059932888845,150.73931884765625,36331800,189.80047228297695,190.6553404086777,186.35118003362723,186.9177703857422,55859400,160.6999969482422,161.72999572753906,158.49000549316406,159.0,45207400,408.3812111979871,409.16375662074074,402.6258777098208,404.7457275390625,33477600,401.69675867313003,404.45375368898425,397.6956273979593,398.1833190917969,18614700
2024-01-31,142.936604633283,143.31480132970376,139.2044483486553,139.43336486816406,71910000,185.92372797618197,185.98338263365994,183.24979478995033,183.2994842529297,55467800,157.0,159.00999450683594,154.80999755859375,155.1999969482422,50284400,403.1310461052013,411.41240548584386,393.47278047208044,393.83929443359375,47871100,387.17523905461377,396.1330209350547,385.2841578436275,388.3099060058594,20180800
2024-02-01,141.44376595073413,142.37929571349378,140.12009247642374,140.48834228515625,40466500,182.8919601744576,185.83428651369454,182.7229765480854,185.7448272705078,64885400,155.8699951171875,159.75999450683594,155.6199951171875,159.27999877929688,76542400,398.0493222591689,404.161284395668,398.01960572688716,399.9809875488281,30657700,392.09204463941774,398.62126949507626,391.2062050163731,392.9281005859375,29727100
2024-02-02,138.59735029359018,141.94136293145306,135.85048873563179,141.7025146484375,62470600,178.78657309445222,186.21199239128737,178.1802130458578,184.74082946777344,102518000,169.19000244140625,172.5,167.3300018310547,171.80999755859375,117154900,400.01066704989324,408.7674904401441,399.7630192269887,407.3509521484375,28245000,457.44407970616504,483.68041364889706,450.88499622048204,472.7618713378906,84615500
2024-02-05,142.14045966873405,144.77784470758604,142.10064148728722,142.99635314941406,38505400,187.02710222804,188.120543422021,184.73089088840356,186.55990600585938,69668800,170.1999969482422,170.5500030517578,167.6999969482422,170.30999755859375,55081300,406.0434180871643,407.2915729534139,400.189019151807,401.8334045410156,25352300,467.6758622466783,469.68637576902626,457.06586319921274,457.2549743652344,40832400
2024-02-06,143.96170795232408,144.6683362516594,142.50866355317078,143.41433715820312,29128200,185.74481710103248,188.18019242781668,185.6553578627436,188.17025756835938,43490800,169.38999938964844,170.7100067138672,167.64999389648438,169.14999389648438,42505500,402.0611803021498,404.1315123814108,399.11912308836935,401.6748352050781,18382600,461.823411597042,464.9287710564939,450.8750117531467,452.5869445800781,21655200
2024-02-07,144.07120099538642,144.9271095715937,143.24514845900856,144.8474884033203,25208900,189.5022571462235,189.9098139006124,187.48437342868021,188.27960205078125,53439000,169.47999572753906,170.8800048828125,168.94000244140625,170.52999877929688,47174100,403.60656325348486,410.4020057606588,403.5669311328783,410.15435791015625,22340500,455.85154818594935,469.3081157041575,454.04007841203037,467.3871765136719,23066000
2024-02-08,145.13610759667097,145.6337284763745,144.40958536443537,145.21572875976562,22563800,188.25971226684047,188.40881099372643,186.23189374257132,187.19610595703125,40962000,169.64999389648438,171.42999267578125,168.8800048828125,169.83999633789062,42316500,410.15431205814707,411.6501145817078,408.6486241783777,410.2137451171875,21225300,466.1231456396784,468.38248626803585,462.84857033186177,467.7952575683594,18815100
2024-02-09,145.9820775978342,148.72895501735275,145.48445663762422,148.29104614257812,26829500,187.76340641648085,189.0971204380579,187.11646725876852,187.9624786376953,45155200,170.89999389648438,175.0,170.5800018310547,174.4499969482422,56986000,411.34304822902254,416.8606491715924,411.18454998916735,416.5931701660156,22032800,470.73141542708163,471.36839740825224,465.2771110364075,465.9140930175781,18413100
2024-02-12,147.71378276281595,148.62940337557924,146.66877585942618,146.82801818847656,21564100,187.53449778464588,187.78332288230948,185.91215328801408,186.2704620361328,41781900,174.8000030517578,175.38999938964844,171.5399932861328,172.33999633789062,51050400,416.6031191844753,416.7814183822025,410.8477855354943,411.3529968261719,21202900,465.99374801266606,476.9023267300807,464.39128464243504,466.7004089355469,19382000
2024-02-13,144.23043219737744,145.97210525516456,143.00628910032142,144.4493865966797,27837700,184.89694454758455,185.33487911795885,182.64755610649428,184.1703643798828,56529500,167.72999572753906,170.9499969482422,165.75,168.63999938964844,56345100,401.13001904718067,406.2117569440249,399.5946147177296,402.4970397949219,27824900,454.7268240757076,465.69514884260815,452.9551752468965,457.9615783691406,20916600
2024-02-14,145.38492345402256,145.82283227426896,143.40438681197526,145.24559020996094,22704200,184.44906062504626,184.65806518525375,181.58259087415234,183.2845458984375,54630500,169.2100067138672,171.2100067138672,168.27999877929688,170.97999572753906,42815500,404.97813565927675,406.73471379055,401.50465451788693,406.3873596191406,20401200,465.7349658882902,471.8859686517295,463.9036008442123,471.05987548828125,16858400
2024-02-15,142.45890230948538,142.83709903093674,139.79166173091048,142.09066772460938,37590700,182.68738521978767,183.62296999377594,180.4977274519665,182.9959259033203,65434500,170.5800018310547,171.1699981689453,167.58999633789062,169.8000030517578,49855200,405.0476293953427,406.03011869599004,401.22679392364836,403.4795837402344,21825500,473.05050586053267,486.32792555423873,470.00486245718605,481.75946044921875,24212300
2024-02-16,142.30962780983683,142.5086731289085,139.47318265796596,139.85137939453125,31451100,182.5579699194549,183.981257173353,180.81619448303394,181.45318603515625,49701400,168.74000549316406,170.4199981689453,167.1699981689453,169.50999450683594,48074600,404.86897976610464,405.19649639829663,400.3832375883185,400.99853515625,22281100,475.8672403766746,476.71325922417026,467.00899506775255,471.0997314453125,23306500
2024-02-20,138.99547233345777,141.40395564806843,138.82628305113792,140.44851684570312,25144700,180.93564089848354,181.5726325042779,179.15405998428736,180.70672607421875,53665600,167.8300018310547,168.7100067138672,165.74000549316406,167.0800018310547,41980300,400.1847314590158,401.4252604899609,394.9943773768075,399.7381591796875,24307900,467.51657216609806,473.94626017906677,464.37139189635786,469.53704833984375,18015500
2024-02-21,140.7769473233704,142.01105260267784,140.0106068974836,141.87171936035156,23315700,181.08496152111414,182.03049388623003,179.81097819372195,181.4631805419922,41529700,168.94000244140625,170.22999572753906,167.13999938964844,168.58999633789062,44575600,397.1379710817067,399.2419032387698,394.21031077919827,399.1327209472656,18631100,464.8043588697144,467.2952718325746,460.1114873615484,466.32879638671875,12977100
2024-02-22,144.2403879015234,144.31006211743158,142.1205331777144,143.40438842773438,27191900,182.6177080564135,184.09076354210745,181.60251261136847,183.50352478027344,52292200,173.10000610351562,174.8000030517578,171.77000427246094,174.5800018310547,55392400,407.08207646174907,409.70205797134184,405.4743557171247,408.531005859375,27009900,478.49440112549854,488.20896156578334,474.3296019984396,484.3630065917969,21625800
2024-02-23,142.98639577127176,143.99158457980388,142.7475322585676,143.2750244140625,19493800,184.1405042298665,184.17036202409395,181.37357059288817,181.66221618652344,45119700,174.27999877929688,175.75,173.6999969482422,174.99000549316406,59715200,412.5205281414921,412.70906066926193,405.8712811789626,407.23089599609375,16295900,486.27600690207765,492.5630686643995,480.5967437022228,482.2706298828125,18374300
2024-02-26,141.4636518564305,141.762227397812,136.73625387413543,136.9154052734375,53641800,181.38355052297356,181.90109579673225,179.80101134340092,180.30862426757812,40867400,175.6999969482422,176.3699951171875,174.25999450683594,174.72999572753906,44368600,408.34243031561954,409.0371386513167,404.2734892487182,404.4521484375,16193500,481.7126140921578,484.3729221664699,478.8530512509444,479.9888916015625,12101400
2024-02-27,137.36328390942444,138.5874271285175,136.43770109534037,138.2191925048828,33099200,180.24888975946536,183.05562869813585,178.71611879819,181.77169799804688,54318900,174.0800018310547,174.6199951171875,172.86000061035156,173.5399932861328,31141700,404.898754425873,405.22627106063214,400.7901378959309,404.39263916015625,14835800,478.2353540897984,485.4988341169133,478.1755746135247,485.2796325683594,10809600
2024-02-28,137.24383567629263,137.35331287977036,134.76569335803654,135.7310791015625,37328600,181.6522565198894,182.25939032452453,179.28345207788615,180.5673828125,48953900,172.44000244140625,174.0500030517578,172.27000427246094,173.16000366210938,28180500,405.0873045429746,406.1988137086949,402.24898865810695,404.63079833984375,13183100,483.2370688521899,489.26506548655226,480.99524739875187,482.2606201171875,12715500
2024-02-29,136.62678482870294,138.19926859997335,135.75096723807542,137.80117797851562,42133000,180.41808835882694,181.71198177710176,178.6862603817135,179.90052795410156,136682600,173.00999450683594,177.22000122070312,172.85000610351562,176.75999450683594,53805400,405.5438348800808,411.06170550216336,402.84444253870316,410.5059509277344,31947300,486.66459019212726,489.91275027049954,480.8557644127886,488.34844970703125,17732000
2024-03-01,137.7713278936221,138.20923675612528,136.2685181029281,136.4874725341797,31119500,178.7061901764464,179.6815803178056,176.54639012704013,178.815673828125,73488000,176.75,178.72999572753906,176.07000732421875,178.22000122070312,31956200,408.153876143975,412.71902889421233,407.76684684717014,412.3518371582031,17800300,490.3212491333128,502.4171368903274,490.06221486567847,500.4742126464844,16273600
2024-03-04,135.01452152533,135.01452152533,131.28236435260098,132.71551513671875,55999400,175.32213749041347,176.0686126971914,172.97322823226915,174.27708435058594,81510100,177.52999877929688,180.13999938964844,177.49000549316406,177.5800018310547,37381500,410.307447886493,414.18782621068357,409.19593875466035,411.7762451171875,17596000,501.1716642705007,502.586516144982,494.6155950432643,496.379150390625,12324100
2024-03-05,131.2525076403091,132.60603724215898,130.048258250132,132.0387420654297,40194800,169.95748724050745,171.2314705105848,168.82284541599856,169.32049560546875,95132400,176.92999267578125,176.92999267578125,173.3000030517578,174.1199951171875,37228300,410.8235170993726,411.1113283199567,397.60446252322527,399.5992126464844,26919200,493.20073440898324,493.7786127996676,486.11659300084636,488.4381103515625,15325300
2024-03-06,132.48656664828954,132.9443844997834,130.2273789846634,130.77474975585938,35318600,170.256065044738,170.43522699407845,167.88724549652,168.32518005371094,68587700,175.5399932861328,176.4600067138672,173.25999450683594,173.50999450683594,32090900,399.9167637441042,402.09017289690905,395.37147897743796,399.0434265136719,22344100,495.8211538833542,501.1417397001386,492.4932982034921,494.2867431640625,11757900
2024-03-07,132.1581545511722,134.29793357515936,130.98377649333827,133.7406005859375,37738200,168.35505375316498,169.92763018116116,167.6981670423948,168.2057647705078,71765100,174.8300018310547,177.99000549316406,173.72000122070312,176.82000732421875,34063300,403.04290164123864,406.67517415608603,399.19229481283145,406.0400390625,18718500,501.45063030973444,517.9603770393106,499.55754268597104,510.3282470703125,18586400
2024-03-08,133.57139899877532,137.43292657686754,133.36239155397143,134.76568603515625,39343100,168.20574707517525,172.88365534695112,168.1460314883945,169.9276123046875,76114600,176.44000244140625,178.7899932861328,174.3300018310547,175.35000610351562,37853500,404.8689575439801,407.3103404061873,401.2664565057241,403.14215087890625,17971700,512.32100105428,521.666911065442,497.5349458152221,504.1109619140625,18575200
2024-03-11,135.48228773494432,138.4381574589102,135.48228773494432,137.01495361328125,32437800,172.12725037151972,173.56048535052068,171.2414336396481,171.93814086914062,60139500,174.30999755859375,174.47000122070312,171.47000122070312,171.9600067138672,28484800,400.70079606171487,402.6062316222378,398.21973809181884,401.45501708984375,16120800,495.2034165473883,495.5122872886625,474.269776553824,481.8321838378906,20428300
2024-03-12,136.37798151039325,138.7168057955102,136.37798151039325,137.8409881591797,27563400,172.3362371923594,173.2121062975323,170.20629520329734,172.41586303710938,59825400,173.5,176.75999450683594,171.97999572753906,175.38999938964844,36610600,404.5315189350478,412.4212950799544,403.70782104780903,412.13348388671875,22457000,491.4671018638421,500.48419464342277,482.96810803510033,497.9335021972656,15448200
2024-03-13,138.3385978832427,140.41864941536429,138.3286509331548,139.1248321533203,23347200,171.9580519129805,172.37607625258147,169.95748841772314,170.3257598876953,52488700,175.89999389648438,177.6199951171875,175.5500030517578,176.55999755859375,30772600,414.9321647542621,415.0115452878592,408.3325562328795,411.95489501953125,17115900,493.5893383312873,499.1590157815925,489.24517053555513,493.7686767578125,12090700
2024-03-14,140.5181825478973,142.90675662983335,139.7916603357875,142.41909790039062,42753400,172.0973925529764,173.49080701178275,171.2414336176872,172.1869659423828,72913500,177.69000244140625,179.52999877929688,176.47000122070312,178.75,43705800,417.05592096351893,424.5785058716351,414.8229687362819,421.9981994628906,34157300,498.4416172742984,499.52765159020504,486.3855934196416,490.042236328125,12620000
2024-03-15,141.82195090080685,142.49870800871952,139.3637025369648,140.5082244873047,49460600,170.3655638276482,171.80874633789062,169.48969463541124,171.80874633789062,121664700,176.63999938964844,177.92999267578125,173.89999389648438,174.4199981689453,72115500,416.1131423873529,419.39806083838096,409.6623914264508,413.264892578125,45049800,487.2325497829524,490.0422765009941,479.55055229905554,482.34039306640625,29141700
2024-03-18,147.9028930046686,151.4260424972047,146.46974230052322,146.97731018066406,69273700,174.74487603101005,176.87481800543844,172.70450743615612,172.903564453125,75604200,175.8000030517578,176.69000244140625,174.27999877929688,174.47999572753906,31250700,411.111304092611,417.54221722990445,410.6448639845401,414.1580505371094,20106000,490.12197495792776,495.61195655671753,485.04050671141175,495.1735534667969,11755300
2024-03-19,147.45502663716707,148.08201863565114,145.38492190024363,146.3303985595703,24070400,173.52065910891577,175.77999515234478,172.2168180823409,175.2524871826172,55215200,174.22000122070312,176.08999633789062,173.52000427246094,175.89999389648438,26880900,414.6641794557911,418.4751112612702,412.40145573236146,418.2170715332031,19837900,486.3955748386632,494.8248152543735,479.5306045549658,494.43621826171875,10903100
2024-03-20,147.29578793217973,148.15169649653035,146.04178871816205,148.0322723388672,21311500,174.89418909629194,177.830322265625,174.26714497871419,177.830322265625,53423100,176.13999938964844,178.52999877929688,174.63999938964844,178.14999389648438,29947200,418.8025799169323,422.7325672103819,417.472736496582,422.00811767578125,17860100,497.68438791493736,506.35277680404414,493.37014023346006,503.6824951171875,11711100
2024-03-21,148.75880250267042,149.6545141050477,146.20102362495862,146.897705078125,24755600,176.2179350177799,176.65586961417029,170.03711298613993,170.5646209716797,106181300,179.99000549316406,181.4199981689453,178.14999389648438,178.14999389648438,32824300,426.57326646256405,427.55578606152034,423.9235133811952,426.11676025390625,21296200,512.8390865503119,513.1678432375028,504.17069828747856,505.9143371582031,9712500
2024-03-22,148.41045420254932,150.85875574292584,148.2711209562635,150.0526123046875,29175700,170.95279171103329,172.23673773536032,169.26078406375387,171.47035217285156,71106600,177.75,179.25999450683594,176.75,178.8699951171875,27964100,426.4442947841674,426.6030558566972,422.8417934382558,425.4915466308594,17636500,505.1570831858848,508.1162886172633,502.50674848920835,507.7276916503906,8117000
2024-03-25,149.22655548099812,149.6644642956251,147.11664775908744,149.35594177246094,19229300,169.76839047714014,171.13194711675717,168.65364374159117,170.0470733642578,54288300,178.00999450683594,180.99000549316406,177.24000549316406,179.7100067138672,29815500,422.0180389961963,424.1716107025241,418.41553787360243,419.65606689453125,18060500,503.95154029526157,505.3763351694112,498.4216954406482,501.19158935546875,8380600
2024-03-26,149.505223453737,151.53551003081748,149.26635995623974,149.9530792236328,22149100,169.20107551486385,170.61440032318552,168.78305115074727,168.91244506835938,57388400,180.14999389648438,180.4499969482422,177.9499969482422,178.3000030517578,29659000,422.3852180529654,422.76234370981615,418.1575158713517,418.4552307128906,16725600,503.2939285876756,508.1462219597566,493.40997300906133,494.0875244140625,11205400
2024-03-27,150.46063737451573,150.91845525200065,148.19148744617945,150.15211486816406,22879200,169.609133760084,172.78414425918754,169.31054062211945,172.49549865722656,60273300,179.8800048828125,180.0,177.30999755859375,179.8300018310547,33272600,421.2241115258407,421.23404544961727,415.83526074059097,418.2369079589844,16705000,497.48510924151634,498.07299144024375,486.29594802208385,492.06488037109375,9989700
2024-03-28,150.13223178829975,150.70945866916398,149.45545946665504,150.2118377685547,24485400,170.94283813483634,171.4205780589011,169.70866021166748,170.67410278320312,65672700,180.1699981689453,181.6999969482422,179.25999450683594,180.3800048828125,38051600,417.7704594727013,418.6735682140503,415.94440442920035,417.53228759765625,21871200,491.04862355350235,491.0984600577005,483.38657270122803,483.81500244140625,15212800
2024-04-01,149.972988921802,154.99896303730998,149.89336775564567,154.75015258789062,31730800,170.38547862745995,170.4451942217802,168.68350825393796,169.23092651367188,46240500,180.7899932861328,183.0,179.9499969482422,180.97000122070312,29174500,420.7378213676411,424.64797113919235,419.0209183546172,421.3531188964844,16316000,485.4290862996602,495.62188175816783,480.0287741074697,489.5639953613281,9247000
2024-04-02,152.7696006730611,153.96388767365946,151.42601830602345,153.82455444335938,24586000,168.28537106183597,168.54414366405445,167.43935975957754,168.04649353027344,49329500,179.07000732421875,180.7899932861328,178.3800048828125,180.69000244140625,32611500,416.9269168072685,419.17973696688534,414.6741269340057,418.2468566894531,17912000,483.3367442463119,495.72155586314705,482.8883677625335,495.5621337890625,11081000
2024-04-03,152.8691348903896,154.3420883898699,152.0032642638509,154.18284606933594,24705000,167.99673277562965,169.8778497555363,167.78772821512752,168.85269165039062,47691700,179.89999389648438,182.8699951171875,179.8000030517578,182.41000366210938,31046600,416.54979735190346,420.0530500088036,415.91463197146663,417.26434326171875,16502300,497.1164618244484,505.3962538689054,496.9371233933013,504.8980712890625,12099200
2024-04-04,152.7696206660751,154.03358204033015,149.73413005208545,149.81375122070312,34724700,169.4897042530356,171.1120488206033,168.02662658691406,168.02662658691406,53704400,184.0,185.10000610351562,180.0,180.0,41624300,421.76992047315406,425.4220608182633,414.4061573873391,414.71380615234375,19370900,514.5428746566774,528.0735304456318,508.7241058190558,509.0628967285156,26476300
2024-04-05,149.31611992588236,152.6899888823038,148.8881732587718,151.7743682861328,23449300,168.7929675547899,169.58921080070664,168.15597599547186,168.78302001953125,42055200,182.3800048828125,186.27000427246094,181.97000122070312,185.07000732421875,42335200,416.8276673390752,423.2784179752705,415.1504697507563,422.2958984375,16544300,514.9812697911904,528.7709900364625,512.5401630444132,525.4232177734375,19242000
2024-04-08,152.0530470584528,154.5312047063974,151.8838577680416,154.1132049560547,20702000,168.23561647794648,168.40481571452685,167.4493358859462,167.65834045410156,37425500,186.89999389648438,187.2899932861328,184.80999755859375,185.19000244140625,39221300,421.9485777283347,424.0425761054586,420.09272093696904,421.3729553222656,14272400,527.3561816187679,529.5581097041235,517.0039330005043,517.3626098632812,13260600
2024-04-09,155.34727540542815,157.80552365250796,154.45156393780977,155.8548583984375,31113000,167.90716183961618,169.2806811483862,167.55881583801002,168.8726043701172,42451200,187.24000549316406,187.33999633789062,184.1999969482422,185.6699981689453,36546900,423.20896224870864,424.4991003259259,418.4254750382327,423.0501708984375,12512300,520.3317617542822,523.9585455577184,504.8980750460345,515.0211791992188,10881400
2024-04-10,155.46672316327985,155.86481379575542,153.9439892879095,155.3970489501953,22838600,168.0066961691415,168.29532657810816,166.3246362072623,166.99148559570312,49709300,182.77000427246094,186.27000427246094,182.6699981689453,185.9499969482422,35879200,418.9911394928746,420.8171944866389,416.5200154975315,420.05303955078125,16216600,507.4387939785179,520.6605480051569,503.9614590777392,517.9404907226562,11418500
2024-04-11,156.16338491032602,158.92019359328873,155.7155291650152,158.6514892578125,27166400,167.5488670137579,174.63541624491384,167.36972023014152,174.21737670898438,91070300,186.74000549316406,189.77000427246094,185.50999450683594,189.0500030517578,40020700,422.5936238068228,426.11671379812606,419.1598179763637,424.6876220703125,17966400,519.2158254344968,521.9558295796515,515.4097032879945,521.2583618164062,10369500
2024-04-12,157.20840874623565,159.4576498521726,156.39230314278245,156.9794921875,25329200,173.44102962389059,177.52176704196785,173.39127675717174,175.72027587890625,101593300,187.72000122070312,188.3800048828125,185.0800018310547,186.1300048828125,38554300,420.8370731015467,421.9585162359949,416.58950274190113,418.703369140625,19232100,515.8680487630246,518.2991821255071,507.4786409454992,510.039306640625,11944900
2024-04-15,158.1041210913814,158.48231785442226,153.85443413456358,154.12315368652344,27136500,174.53585255667426,175.7998881273465,171.68929323241036,171.87840270996094,73531800,187.42999267578125,188.69000244140625,183.0,183.6199951171875,48052400,423.36774724307367,423.5860815606245,410.2975202475589,410.5059509277344,20273500,514.8417641277158,516.6452434055009,495.4724538488081,498.4117431640625,13512900
2024-04-16,153.456321466177,154.9093658563506,152.699928048546,153.66531372070312,20779500,170.94284143183614,172.94338974194338,167.47920033817573,168.583984375,73711200,183.27000427246094,184.8300018310547,182.25999450683594,183.32000732421875,32891300,411.4289086182102,415.2298762897989,410.59527673352017,411.4388122558594,16765600,496.29945454209275,502.93525041440466,495.303089343367,497.9434814453125,9847900
2024-04-17,154.8795200598381,156.33257973226392,153.84447529646815,154.73023986816406,21763100,168.81289870293196,169.84800441976404,167.21046447753906,167.21046447753906,50901200,184.30999755859375,184.57000732421875,179.82000732421875,181.27999877929688,31359700,414.0885872118868,415.70624190109544,407.22100522560083,408.7195739746094,15855500,501.2713127841246,501.3310922605612,485.36933351230493,492.373779296875,12193700
2024-04-18,154.6008594858019,156.19325246003623,153.88428416601494,155.26766967773438,19883000,167.24031189258443,167.8474456964944,165.7672716683895,166.2549591064453,43122900,181.47000122070312,182.38999938964844,178.64999389648438,179.22000122070312,30723800,407.5187363707615,408.76919927263555,400.88935677884103,401.2069091796875,21029900,498.00322967417003,510.34820830690745,497.22606608419835,499.97601318359375,14808700
2024-04-19,155.4567878815994,155.61603023657244,151.57535039279975,153.35682678222656,32239100,165.42888374733738,165.6179780634261,163.3088890664717,164.2245635986328,67772100,178.74000549316406,179.0,173.44000244140625,174.6300048828125,55950000,400.9687488676842,402.4077746386735,394.7561698730406,396.095947265625,30276500,500.972375440201,500.972375440201,474.00079446729563,479.3213806152344,25111000
2024-04-22,153.57574952252133,156.88990631862524,153.3269390890557,155.536376953125,26446200,164.74210446317437,166.4739172082034,163.99562926284756,165.0605926513672,48116400,176.94000244140625,178.8699951171875,174.55999755859375,177.22999572753906,37924900,397.04865981007964,399.7976914523607,392.7514806878664,397.9219970703125,20286900,487.9399518780483,490.22163662938425,471.67926501906925,479.97900390625,17271100
2024-04-23,156.21317098136774,158.21360167796144,155.53639861128644,157.50697326660156,21151600,164.5728973951299,166.26490473113174,164.14491040339777,166.1156005859375,49537800,178.0800018310547,179.92999267578125,175.97999572753906,179.5399932861328,37046500,401.1771473553241,405.10716505974153,400.0060952402287,404.48193359375,15734500,489.46437591061385,496.947087855681,487.19266460356954,494.2967529296875,15079200
2024-04-24,156.74063729958468,158.8107420758396,156.42215263269097,158.37283325195312,22779100,165.75730653407012,168.50434510258808,165.42887079721268,168.2256622314453,48251800,179.94000244140625,180.32000732421875,176.17999267578125,176.58999633789062,34185100,406.45687447977747,409.34482984718727,403.6979389840594,405.9606628417969,15065300,506.2132815965154,508.14623244265294,482.8186166545257,491.7062072753906,37772700
2024-04-25,150.60992875719558,155.74537959003683,150.15211089183458,155.25770568847656,57109700,168.73327450279362,169.80820075027214,167.3597550998357,169.09158325195312,50558300,169.67999267578125,173.9199981689453,166.32000732421875,173.6699981689453,49249400,391.04452101034235,396.8601368410158,385.08998167747234,396.0165710449219,40586500,419.8682490278648,444.1496617636814,412.99333588695123,439.775634765625,82890700
2024-04-26,173.54030395897186,173.8786977049699,168.84276155222324,171.13182067871094,64665300,169.081624768213,170.53475474394267,168.38490238817732,168.5043487548828,44838400,177.8000030517578,180.82000732421875,176.1300048828125,179.6199951171875,43919800,409.0470757072221,409.87077362119237,402.6856394846956,403.24139404296875,29694700,439.85534570558576,444.81725504370945,430.3898768860217,441.6787109375,32691400
2024-04-29,168.25559361627805,168.74326761555741,164.42392140315033,165.35943603515625,45610000,172.55520693212748,175.20270935632288,172.28648678772151,172.68460083007812,68169400,182.75,183.52999877929688,179.38999938964844,180.9600067138672,54063900,402.1795096483343,403.24140976178137,396.1654273618807,399.2022399902344,19582100,437.96226190943185,438.16154710164096,427.0022452842576,431.0474853515625,21502600
2024-04-30,164.8220143504815,167.30017218886394,161.8263416497257,162.00547790527344,33562900,172.51541154910535,174.1676137755898,169.20105955998108,169.52951049804688,65934800,181.08999633789062,182.99000549316406,174.8000030517578,175.0,94639800,398.44799719369325,399.112934090919,386.2213658866136,386.380126953125,28781400,429.4831600152305,438.0220161367784,428.15800782404466,428.60638427734375,18429500
2024-05-01,163.51823108824746,166.3248050727695,162.31398182603573,163.080322265625,33493200,168.78303163206596,171.89832652202932,168.31523926242042,168.5043487548828,50383100,181.63999938964844,185.14999389648438,176.55999755859375,179.0,94645100,389.635268755834,398.6762601059751,387.35270744745037,391.9476318359375,23562500,427.04212427181926,448.324470023217,425.55751946999504,437.5936279296875,20344900
2024-05-02,164.00588469256783,165.9366561572897,163.1101731735162,165.82717895507812,24294500,171.69925171807526,172.60497864880503,170.08687006909776,172.21681213378906,94214900,180.85000610351562,185.10000610351562,179.91000366210938,184.72000122070312,54303500,394.6469631564577,396.89975263086836,391.65976001272753,394.8255920410156,17709400,437.24485073008907,442.3462351057961,430.70869819788334,440.07452392578125,15221300
2024-05-03,166.76272915248109,167.16083502137172,162.27419368231517,166.4442596435547,34662400,185.7727942523785,186.12115543095717,181.80155578938326,182.51817321777344,163224100,186.99000549316406,187.8699951171875,185.4199981689453,186.2100067138672,39172000,399.23197820235123,404.0650740320478,398.8151471589616,403.57879638671875,17446700,444.30908875789413,452.5191579879948,442.2366626961111,450.3171691894531,16489100
2024-05-06,166.66320148373052,167.3399586304374,165.2399977875199,167.30015563964844,21871300,181.4930249418685,183.3343214775735,179.5720873686165,180.8560333251953,78569700,186.27999877929688,188.75,184.8000030517578,188.6999969482422,34725300,405.66292597330005,410.7937370714025,403.29101993493754,410.4067077636719,16996600,453.92401083119677,464.465570894487,451.69216267855865,463.9873046875,15094600
2024-05-07,167.69823532661383,170.94271797332505,167.58875812637166,170.43515014648438,28039700,182.58783874817743,184.0310211595987,180.46785941606433,181.5427703857422,77305800,188.9199981689453,189.94000244140625,187.30999755859375,188.75999450683594,34048900,411.5181933814727,411.52812730475875,405.9903890817075,406.2384948730469,20018200,464.59513103388576,469.8160748777237,459.63322146185084,466.53802490234375,13406800
2024-05-08,168.19586940682248,169.34039143777946,167.93711199783866,168.57406616210938,19569100,181.9906634485607,182.20963072654146,180.5972339353124,181.8811798095703,45057100,187.44000244140625,188.42999267578125,186.38999938964844,188.0,26136400,405.07740513834375,409.1066410493604,403.6284454091321,407.429443359375,11792300,461.81524276810575,473.8513202902337,461.31706019769786,470.8821716308594,11683900
2024-05-09,168.58401102643612,169.87782842770906,167.37976174414283,169.15130615234375,15346700,181.70202754035518,183.79216432803474,181.25414542501753,183.7025909423828,48983000,188.8800048828125,191.6999969482422,187.44000244140625,189.5,43368400,407.45921271703617,409.59291660377954,406.00034935781423,409.1959533691406,14689700,468.29161264745665,474.34949927894843,465.93023214661764,473.6919250488281,9437700
2024-05-10,167.23045867860054,169.04180582993442,165.3992176276704,167.84750366210938,29799900,184.28062242398164,184.46998840191682,181.51991222172592,182.43682861328125,50759500,189.16000366210938,189.88999938964844,186.92999267578125,187.47999572753906,34141800,409.8112151541409,412.23273004632824,408.6798382335046,411.5975646972656,13402300,475.35583484503064,475.76434819594465,467.89306977309053,474.4690856933594,10750000
2024-05-13,163.47842001430308,168.474538328996,163.2196626015956,168.335205078125,31327600,184.81883849593646,186.47328168344126,184.00157793065927,185.65602111816406,72044800,188.0,188.30999755859375,185.36000061035156,186.57000732421875,24898600,414.84283115281045,415.18025140614657,407.7073059282806,410.5853271484375,15440200,471.03159871129895,471.6294238496924,461.1675903510808,466.308837890625,14668800
2024-05-14,168.9622000666333,170.43515363864887,167.99681433185833,169.52947998046875,25127100,186.8819036535792,187.66926595480425,185.6659889969534,186.8021697998047,52393600,183.82000732421875,187.72000122070312,183.4499969482422,187.07000732421875,38698200,408.8981987547859,414.3267549073316,408.43175863614476,413.40380859375,15109300,461.68573050507666,470.82241262247226,458.4076805354275,470.1349182128906,10478600
2024-05-15,169.81810379537313,171.82848118606026,169.69866445937762,171.68914794921875,26948400,187.28056849688068,190.0113806876588,186.74236879853999,189.08450317382812,70400000,185.97000122070312,186.72000122070312,182.72999572753906,185.99000549316406,75459900,415.48169669269,421.3575004372611,414.85533751236306,420.6317138671875,22239500,473.2535200362329,480.74617486177766,469.48726106394446,479.7896728515625,13100500
2024-05-16,172.46544694250113,174.28674128104558,171.86831096693263,173.35121154785156,27867900,189.83199615864385,190.45989075478766,189.02471179656044,189.2041015625,52845200,185.60000610351562,187.30999755859375,183.4600067138672,183.6300048828125,38834500,419.35914332573157,422.9582208339026,417.91755229509,418.5538330078125,17530100,473.27344305250324,475.9536677204274,471.0316214801493,471.5098876953125,16608200
2024-05-17,173.35120017781833,175.43126697024482,172.8635414410171,175.22225952148438,24479300,188.87521403256983,190.17086260921994,188.5463175718117,189.2340087890625,41282900,183.75999450683594,185.3000030517578,183.35000610351562,184.6999969482422,33175700,420.09485405964773,420.4726599302369,415.6109428181483,417.7783203125,15352200,469.1186107116518,471.0814513592593,466.7173973529921,470.1947021484375,10807300
2024-05-20,175.3516485419678,177.9193741112275,175.24217134065958,176.0781707763672,22554400,188.69582178398366,191.27714266640717,188.37688635675946,190.40008544921875,44361300,184.33999633789062,186.6699981689453,183.27999877929688,183.5399932861328,30511800,417.778343258253,424.30037978174784,417.55961512858175,422.878662109375,16272100,468.2417842794584,471.47997080862024,465.34235823070327,467.13580322265625,11745100
2024-05-21,176.05826183810862,177.3023140421263,174.9734519608894,177.00375366210938,16989400,190.44991454290118,192.08442053272114,190.28048580582154,191.70570373535156,42309400,182.3000030517578,183.25999450683594,180.75,183.14999389648438,50839100,424.36004826198655,430.46453247000767,422.3915253519068,426.5572814941406,21453300,465.4221016970654,468.9891060973983,460.5897244545208,462.941162109375,11742200
2024-05-22,175.79949834923147,176.3070661638398,174.3763099665658,175.54074096679688,17880000,191.6259804985601,192.17414127105863,189.63267965869522,190.26055908203125,34648500,183.8800048828125,185.22000122070312,181.97000122070312,183.1300048828125,28148800,427.60118209872775,429.9077641693655,424.6583193119375,428.0286865234375,18073700,466.16935060979057,471.9980927279,463.9574187949519,466.0796813964844,10078600
2024-05-23,176.22746793765114,177.40184593977742,172.12706150853876,172.72421264648438,21024900,190.34027016979292,190.36020743395642,186.0048504863481,186.25401306152344,51005900,183.66000366210938,184.75999450683594,180.0800018310547,181.0500030517578,33670200,430.4645069803894,431.09086617504613,422.95820916796526,424.529052734375,17211700,471.16117399926424,472.63577501421946,459.86239643933766,464.08697509765625,11747900
2024-05-24,174.1474170125974,174.93366658897898,172.82374351187994,174.15737915039062,16572500,188.1875250894915,189.94162421863646,187.41012383078694,189.3436279296875,36294600,181.64999389648438,182.44000244140625,180.3000030517578,180.75,27434100,424.71796179341015,428.565562226306,421.95405016489985,427.6707763671875,11845800,465.9202736564943,478.10583057251955,464.6050643409165,476.48175048828125,12012300
2024-05-28,173.61993514476987,176.42652440990983,173.54031397559726,175.56065368652344,20572200,190.868504773859,192.35351928350596,188.4665889665476,189.35360717773438,52280100,179.92999267578125,182.24000549316406,179.49000549316406,182.14999389648438,29927000,427.1438244451224,428.32694058725485,424.1313596453095,427.829833984375,15718000,474.8476813275343,479.1121228771075,473.11401572762514,478.1755676269531,10175800
2024-05-29,174.59525395863238,175.99854847921964,173.88864081616407,175.06301879882812,23388700,188.97487295416659,191.6060292626522,188.8752018363686,189.652587890625,53068000,181.6999969482422,184.0800018310547,181.5500030517578,182.02000427246094,32009300,423.22665032702537,428.44627000677747,423.22665032702537,426.6865234375,15517100,472.9346699665159,478.10580735499315,471.9781679682956,472.6357421875,9226200
2024-05-30,174.36635482166008,174.3862639091637,170.97257674604643,171.2910614013672,22958700,190.12102272627732,191.53626445370173,189.99146851693155,190.6492462158203,49947900,181.30999755859375,181.33999633789062,178.36000061035156,179.32000732421875,29249200,421.84466424386284,421.84466424386284,411.84288150879064,412.2704162597656,28424800,469.95552709814706,470.01530656996175,463.0208043011561,465.352294921875,10735200
2024-05-31,171.0422451160524,172.23653216033742,168.63376194065896,171.67919921875,37638900,190.79874896001851,191.92496874276912,189.27387511297837,191.6060333251953,75158300,178.3000030517578,179.2100067138672,173.8699951171875,176.44000244140625,58903900,414.3383733012913,414.3383733012913,402.1692127903504,412.7277526855469,47995300,464.10689326409187,467.41483299195215,452.80811566012204,465.1331481933594,16919800
2024-06-03,171.71901635552842,173.69955303760383,170.3455929752159,172.3460235595703,27459100,192.25383098769495,194.33684160969634,191.8751142263389,193.3800506591797,50080500,177.6999969482422,178.6999969482422,175.9199981689453,178.33999633789062,30786600,413.1254229827006,414.02020882309534,406.553688084388,411.1270446777344,17484700,469.1484585058271,477.85671019560755,466.5379867971225,475.7543640136719,11279400
2024-06-04,172.45550585604707,173.0228009976231,171.07212029758608,172.96307373046875,26879600,193.98801176077237,194.66574186569684,192.38340418619828,193.69898986816406,47471400,177.63999938964844,179.82000732421875,176.44000244140625,179.33999633789062,27198400,410.04337212748766,414.03017705380546,407.30928563189894,413.6623229980469,14348900,475.26616844981777,477.1493131464151,471.5098828447324,475.2561950683594,7088700
2024-06-05,174.36635570479385,175.80945323933747,173.10239440013726,174.5753631591797,22068500,194.74547082752238,196.24044634116564,194.2172473626493,195.21389770507812,54156800,180.10000610351562,181.5,178.75,181.27999877929688,32116400,415.39223173706347,421.6259378345122,413.89096003424896,421.5563659667969,16988000,482.68907905808396,494.84471488804246,482.1510333966867,493.260498046875,15690500
2024-06-06,175.06303132341756,176.30708360737074,174.9137511238172,175.8890838623047,23251000,195.03450583879902,195.84179017422778,193.5195930765027,193.82855224609375,41181800,181.75,185.0,181.49000549316406,185.0,31371200,421.5563568996983,422.848821948627,418.14618249774657,422.0633850097656,14861300,491.1881073877741,500.99233691067286,489.1057078527464,491.96527099609375,10667300
2024-06-07,176.2075553066339,177.02364564681855,173.47064048742553,173.6298828125,19661400,193.99798178181695,196.28031956711487,193.48969558531903,196.23048400878906,53103900,184.89999389648438,186.2899932861328,183.36000061035156,184.3000030517578,28021500,423.73371564550735,423.81323935854607,420.55222098628695,421.3973083496094,13621700,494.10747188704767,497.09656749857953,488.3883453471124,491.1681823730469,9380700
2024-06-10,174.3373180757214,176.41975708694557,172.13530264029285,174.37716674804688,23779200,196.2404356269631,196.63910486677477,191.50634675889475,192.4730987548828,97262100,184.07000732421875,187.22999572753906,183.7899932861328,187.05999755859375,34494500,422.24237348386436,425.6027887352665,421.4370631899479,425.3940124511719,14003000,492.06488020447483,500.8329118009078,491.61653412930673,500.77313232421875,11236900
2024-06-11,175.58279097950916,176.20054419886765,173.14165320239113,175.98133850097656,21540600,193.00133588013964,206.46609195915696,192.9814138224934,206.45611572265625,172373300,187.05999755859375,187.77000427246094,184.5399932861328,187.22999572753906,27265100,423.01786084549974,430.3153823959729,422.78918087724,430.1761779785156,14551100,498.34200038373547,505.75495958151856,496.4588556425314,505.62542724609375,9673700
2024-06-12,177.6054686269621,179.75766196578337,175.47320722746744,177.14712524414062,27864700,206.67538853844061,219.46241499269527,206.20696163392407,212.35630798339844,198134300,188.02000427246094,188.35000610351562,185.42999267578125,186.88999938964844,33984200,432.8009161252906,440.8341457768561,430.7428874309175,438.5076904296875,22366200,512.1217225274808,512.1416692910807,502.63633708271516,506.9904479980469,11983200
2024-06-13,175.47320369586276,176.100930541289,174.24765551520585,174.52664184570312,20913300,214.02069454325613,216.02395620562416,210.89121315624297,213.52236938476562,97862700,186.08999633789062,187.6699981689453,182.6699981689453,183.8300018310547,39721500,438.2989324414096,440.8242426789463,436.8274858579273,439.0246887207031,15960600,503.8717723317906,507.50849876531447,499.53757818481336,502.26763916015625,9954600
2024-06-14,173.59002726213419,176.419754263997,173.52027308216327,176.15072631835938,18063600,213.13367378271622,214.44924427717243,210.59221246372425,211.77822875976562,70122700,183.0800018310547,183.72000122070312,182.22999572753906,183.66000366210938,25456400,435.74378876375306,440.5756810111054,434.19281849694386,440.00897216796875,13582000,501.32018749550235,505.80828233509834,499.42522020615223,502.8262023925781,10243300
2024-06-17,174.82554352922475,177.715051051079,174.17788480631722,176.59910583496094,19618500,212.65527993528355,218.21659070332575,212.0074632920053,215.94422912597656,93728300,182.52000427246094,185.0,181.22000122070312,184.05999755859375,35601900,440.0288392462003,448.3305259626429,438.16966532085047,445.775390625,20790000,500.3427732497189,509.3987374114916,494.6977439414019,505.2896423339844,11266600
2024-06-18,176.49946899358264,176.74856500464978,173.47046818859647,174.45687866210938,21869900,216.86113841241473,217.89766325641614,212.28651711595563,213.5721893310547,79943300,183.74000549316406,184.2899932861328,181.42999267578125,182.80999755859375,36659200,447.10763493198164,447.53516969127554,442.3155500964385,443.75714111328125,17112500,503.2251427888674,504.6613355859566,493.71037311736205,498.1685485839844,13060400
2024-06-20,174.73586105725994,176.64891655489416,174.35724546739127,175.66250610351562,20160100,213.21341001933183,213.5223844137921,208.15043943546107,208.97764587402344,86172500,182.91000366210938,186.50999450683594,182.72000122070312,186.10000610351562,44726800,443.7173532757514,443.946033241849,438.7164619327626,443.120849609375,19877400,500.67190532482755,502.3375005534766,495.45573089177043,500.3727111816406,11801200
2024-06-21,176.3599738775111,180.19605848680078,175.9713847127052,178.98046875,58582700,209.6852627905662,211.18023828891836,206.41625091745033,206.79498291015625,246421400,187.8000030517578,189.27999877929688,185.86000061035156,189.0800018310547,72931800,444.79114029939626,447.97260457820744,443.9261796037789,447.17724609375,34486200,502.1181153843255,502.1181153843255,491.0873774845861,493.4710388183594,23130700
2024-06-24,179.50854860133447,180.23590467855502,178.02393093898397,178.5719451904297,18298000,207.02420349475855,211.98751777765062,205.89798377862786,207.4427947998047,80727000,189.3300018310547,191.0,185.3300018310547,185.57000732421875,50610400,447.1971472141421,450.1300886970985,443.82677977625036,445.0794982910156,15913700,497.879329189251,506.4565526889867,492.98231542757276,497.590087890625,13525300
2024-06-25,178.97049060645827,183.6236020982057,178.77121684563144,183.3645477294922,23235600,208.44940858434205,210.67194975002218,207.91122410230182,208.36968994140625,56713900,186.80999755859375,188.83999633789062,185.4199981689453,186.33999633789062,45898500,445.65606632861267,448.80773551860256,444.1647465305247,448.3404541015625,16747500,495.73500529039063,509.3588704025715,494.18911810475925,509.2491760253906,12109800
2024-06-26,181.96962309255457,183.84281475961373,181.82015636356306,183.21510314941406,19839000,210.79155216910215,214.1402980033581,209.9344322470105,212.5356903076172,66213200,186.9199981689453,194.8000030517578,186.25999450683594,193.61000061035156,65103900,446.4017395883299,450.9751265075422,445.59642930053803,449.54345703125,16507000,505.3095975439335,512.4506586561395,503.34480817062513,511.7624816894531,8882300
2024-06-27,183.51401486664113,185.37726345815258,183.3546049665816,184.7395782470703,18848900,213.97087836680484,215.01736433595826,211.63872006367095,213.3828582763672,49772700,195.00999450683594,199.83999633789062,194.1999969482422,197.85000610351562,74397500,449.56332546408174,453.53025683427376,449.15569440393773,450.2294616699219,14806300,512.8894756293444,521.4966485589007,512.5404259555387,518.1854248046875,10121200
2024-06-28,183.65349958942755,184.46056816789698,181.30203282563852,181.4913330078125,29156600,215.0472324898511,215.34623061165473,209.5955543096767,209.9144744873047,82542700,197.72999572753906,198.85000610351562,192.5,193.25,76930200,450.4482280145607,452.74485831487965,443.82676378238773,444.3636474609375,28362300,515.7818631585335,520.4993300901835,502.5070478134148,502.88604736328125,15855100
2024-07-01,182.36815677467078,183.2150892304388,180.64441676394287,182.32830810546875,16006100,211.37956216985054,216.78140506529675,211.2101334408119,216.02395629882812,60402900,193.49000549316406,198.3000030517578,192.82000732421875,197.1999969482422,41192000,446.0637277902953,454.72331684606445,443.0810879907853,454.0870361328125,17662800,503.6141232864657,505.2397854135722,491.8652895125617,503.3448181152344,10328200
2024-07-02,181.39172281674388,184.89899899691764,180.9034891495935,184.5701904296875,17372500,215.42595595595571,219.64179766849512,214.3794853085834,219.53216552734375,58046200,197.27999877929688,200.42999267578125,195.92999267578125,200.0,45600000,450.57745029839504,456.9304570935814,450.48794440717063,456.62225341796875,13979800,499.4352013362723,509.149423496295,498.12866950132707,508.1520690917969,7739500
2024-07-03,184.18159282875,185.4170992875996,183.33466032731423,185.14808654785156,10242100,219.26308073535034,220.80789184570312,218.29632866276663,220.80789184570312,37369800,199.94000244140625,200.02999877929688,196.75999450683594,197.58999633789062,31597900,455.5385808076234,458.3521910129211,455.23037712106725,458.1036376953125,9932800,505.0303412104344,509.927354952818,504.68126108406693,508.61083984375,6005600
2024-07-05,185.1879463493014,190.16986676631305,185.1281657368756,189.9108123779297,20967500,220.90754038733803,225.69146503075916,220.90754038733803,225.5818328857422,60412400,198.64999389648438,200.5500030517578,198.1699981689453,200.0,39858900,456.95033221316646,465.6397765538939,456.3140515175161,464.8543395996094,16000300,510.246556070779,539.4391106295718,510.246556070779,538.4816284179688,21354100
2024-07-08,189.2133152781957,189.48234321486567,187.10098606603526,188.34646606445312,21035900,226.32931907748747,227.08678305881674,222.50218547217585,227.056884765625,59085900,200.0399932861328,201.1999969482422,197.9600067138672,199.2899932861328,34767300,463.8501958785038,464.99356542878803,461.77229375422786,463.5419921875,12962300,540.9151123448542,541.3739172645955,525.2566976048726,527.9196166992188,14917500
2024-07-09,189.62183867706156,190.6680449292031,188.03759174863737,188.29664611816406,15121400,227.1664984715379,228.631575647805,225.6117264169712,227.9139862060547,48076100,199.39999389648438,200.57000732421875,199.0500030517578,199.33999633789062,32700100,464.29759021110544,464.6256672353131,455.3496709136752,456.8807678222656,17207200,532.3378569405033,536.0579689951438,526.7925694745807,528.5977783203125,8753200
2024-07-10,188.46603485485895,191.05663943714717,188.3464736353611,190.4886932373047,15952500,228.53191911989683,232.2992560750062,228.48208356286247,232.1995849609375,62627700,200.0,200.11000061035156,197.69000244140625,199.7899932861328,32883800,458.55104934272356,463.7607172108967,456.20469022907776,463.55194091796875,18196100,529.3856843777168,537.4543077142633,526.9621206539213,533.275390625,10983300
2024-07-11,189.16352474556632,190.16986719879003,184.4107683999166,184.8990020751953,25625800,230.61492037011672,231.61157070495582,225.01375035477759,226.80772399902344,64710600,200.08999633789062,200.27000427246094,192.86000061035156,195.0500030517578,44565000,460.30084022096906,462.0904118522062,448.9369602373819,452.0687561035156,23111200,529.485444227768,534.0433607291557,507.02500568774724,511.34356689453125,16458300
2024-07-12,184.41074571984632,186.43340394870364,183.82288283046884,184.40078735351562,22898400,228.1531925563972,231.86073301422448,227.91399100155513,229.76776123046875,53046500,194.8000030517578,196.47000122070312,193.8300018310547,194.49000549316406,30598500,451.70090017355875,453.71915189160546,448.0422026334216,450.9254150390625,16324300,496.4431221547364,506.7457794296081,492.92246243757324,497.5501708984375,19750500
2024-07-15,184.25132048016474,187.5593225326645,184.25132048016474,185.85549926757812,16474000,235.68787221439834,236.43535998230433,232.3092281117703,233.61483764648438,62631300,194.55999755859375,196.19000244140625,190.8300018310547,192.72000122070312,40683200,450.6768844175797,454.61399099803907,448.8177103695207,451.33306884765625,14429400,497.3107869320338,505.33947699262376,492.06469349562315,494.8473205566406,12539200
2024-07-16,186.6825227917543,187.99774187820162,182.70694481891954,183.2549591064453,18290700,234.21283703260292,235.4785872610991,231.55178236868576,234.033447265625,43234300,195.58999633789062,196.6199951171875,192.24000549316406,193.02000427246094,33994700,451.5915769633523,451.671100679191,444.0753266658107,446.91876220703125,17175700,500.1732127210178,502.6167430835234,484.5047842107364,488.49420166015625,14075800
2024-07-17,182.3083784640881,182.88628299827582,179.24947234058598,180.3654327392578,20734100,228.68140979310064,230.68468664215072,225.88082486496336,228.1133270263672,57345900,191.35000610351562,191.5800018310547,185.99000549316406,187.92999267578125,48076100,440.0288496296795,442.2757813397234,436.63857872187197,440.9534606933594,21778000,477.9023333900859,477.9023333900859,457.9053588995914,460.76776123046875,28076600
2024-07-18,181.27212839599844,181.8400745567317,175.83188043287228,177.04747009277344,25315700,229.50863493701104,229.66810263837593,221.52547133243425,223.42906188964844,66034600,189.58999633789062,189.67999267578125,181.4499969482422,183.75,51043600,441.7687136228689,442.07691730431753,431.886231451246,437.8216857910156,20794800,473.74333764754465,477.97211054275687,463.31101919766354,474.5910949707031,19267200
2024-07-19,178.2331677734678,179.63805760345338,176.4894958420638,177.017578125,18881900,224.06692564873424,226.04028896611686,222.5320756847993,223.55862426757812,49151500,181.13999938964844,184.92999267578125,180.11000061035156,183.1300048828125,43081800,430.59376141790096,438.58724438350157,429.5001207828966,434.5805358886719,20940400,474.8005457997421,485.4223643535943,474.4514656631318,475.52862548828125,15149400
2024-07-22,179.9369802536856,182.0393510707807,179.5782814108386,181.01307678222656,24100300,226.24957960487185,227.01700459563804,222.34271224556252,223.20980834960938,48201800,185.0,185.05999755859375,182.47999572753906,182.5500030517578,39931900,439.23349185507885,442.0272287343498,436.37015276462773,440.3768310546875,15808800,485.29269674470385,490.7582098836229,482.61979422348026,486.11053466796875,12023100
2024-07-23,181.39169894871614,182.94605545937614,180.88353341003798,181.13262939453125,36352700,223.61843101438217,226.17982967750157,221.93408951337017,224.25628662109375,39960300,184.10000610351562,189.38999938964844,183.55999755859375,186.41000366210938,47537700,441.33127259326983,445.7953108894537,440.53591409904936,442.2757873535156,13107100,488.54407671929795,493.9098482730073,486.42969025653684,487.3971252441406,9455500
2024-07-24,172.97227682395808,175.5529078595556,171.1987144347076,172.0057830810547,49585200,223.24967028544495,224.04699357799979,216.40268749627205,217.80795288085938,61777600,183.1999969482422,185.4499969482422,180.41000366210938,180.8300018310547,41532400,437.90124163761953,438.9252800797557,425.11564336198785,426.4180603027344,26805800,471.06045317324583,475.0398874805375,459.36147513020455,460.0496520996094,17649700
2024-07-25,171.89616735748663,172.79290685215108,166.58543895453738,166.67510986328125,44852000,218.19665359620475,220.11023564894725,213.9010930254534,216.76148986816406,51391200,182.91000366210938,183.89999389648438,176.8000030517578,179.85000610351562,44464200,426.31863260886945,427.3128458662045,415.0939867790631,415.97882080078125,29943800,462.0343958650566,462.3236067182569,441.4789064419887,452.21044921875,18240500
2024-07-26,166.54558494627688,167.48218836937892,163.4667619348052,166.39613342285156,41336900,217.96741565742542,218.75477790382115,215.2864239407029,217.2299041748047,41601300,180.38999938964844,183.19000244140625,180.24000549316406,182.5,29506000,415.7799870015666,426.4379540941027,414.8553456338981,422.8090515136719,23583800,462.97192494204035,468.5271658214887,458.2045721245555,464.46795654296875,14222400
2024-07-29,168.21951117511102,169.81371643996607,167.38255227079114,168.91697692871094,20293800,216.23326096996,218.5654190781,215.0273073866339,217.50897216796875,36311800,183.83999633789062,184.75,182.3800048828125,183.1999969482422,33270100,429.0825299821325,429.6492388018038,422.2423684855505,424.2606201171875,15125800,468.63688647936897,472.70607900562055,463.78972830816224,464.4779052734375,11339600
2024-07-30,169.62441781635252,170.6108282471045,167.83092357369438,169.67422485351562,18959700,218.45578591171193,219.59196666736065,215.3960621319004,218.0670928955078,41643800,184.72000122070312,185.86000061035156,179.3800048828125,181.7100067138672,39508600,425.2448982961915,426.5671885866718,414.9448331085773,420.4726867675781,32687600,465.7645175423859,471.4793693679955,455.49177911608064,461.964599609375,11390400
2024-07-31,172.61355784032972,173.61990013827557,169.39522679360476,170.91969299316406,25729100,220.6982497488722,223.07028238181744,219.89096542123676,221.3361053466797,50036300,185.0500030517578,187.94000244140625,184.4600067138672,186.97999572753906,41667300,418.0666907004293,419.33928250485553,409.8246539863894,415.92913818359375,42891400,469.7738735533383,475.2393867973792,465.515181086415,473.57379150390625,24285800
2024-08-01,169.63438196406787,173.42064433790932,168.2693407012315,170.1425323486328,24531400,223.61843367222977,223.72806581879624,216.29306274041448,217.62857055664062,62501000,189.2899932861328,190.60000610351562,181.8699951171875,184.07000732421875,70435600,418.3550170132677,424.9864026383823,410.69956257647107,414.6962890625,30296400,519.621629234288,525.7752886817411,490.79809389196134,496.42315673828125,43083100
2024-08-02,165.83816733480066,167.90067445744558,164.0745632707895,166.057373046875,29130100,218.41590675319648,224.84431334230803,216.98074309833058,219.12353515625,105568600,166.75,168.77000427246094,160.5500030517578,167.89999389648438,141448400,410.1030126570464,412.59849761680636,402.0001807599968,406.12615966796875,29437900,487.70631248838725,499.82416263155864,474.89030207489265,486.8486022949219,24044700
2024-08-05,154.93772354006205,163.83542602504582,154.36977732002595,158.67416381835938,53630700,198.42310739676375,212.7848420736874,195.34346157584417,208.5690155029297,119548600,154.2100067138672,162.9600067138672,151.61000061035156,161.02000427246094,83149400,386.9179667314658,398.71927263220283,383.34871462184185,392.86334228515625,40709200,450.15590063766496,482.2009013908008,449.60733747248656,474.4714050292969,21396200
2024-08-06,158.7538687510913,159.98939041713092,155.8444292184306,157.71762084960938,49004600,204.61231506511243,209.28660752946874,200.39648844230862,206.5358428955078,69660500,161.7100067138672,165.0800018310547,158.5399932861328,161.92999267578125,59950800,397.6853041219084,403.3225066578681,396.1939842314513,397.29754638671875,24946500,477.73276251562584,501.2304299864576,477.3836823846658,492.7828369140625,20955000
2024-08-07,160.66692482795222,162.3906649427379,157.89697844100593,158.3652801513672,25138600,206.2069550428707,212.9243839975228,205.69866882998738,209.1171875,63516400,166.5500030517578,167.5800018310547,161.42999267578125,162.77000427246094,48408200,406.27532907710327,407.70696828580475,395.1699533956427,396.1243896484375,20650900,501.798891953922,508.80030843555227,485.57191742722586,487.6264953613281,20105300
2024-08-08,159.92958392090395,163.0980928190794,159.63068089584155,161.444091796875,25578800,212.39614722358988,213.4824924067945,208.13048513245963,212.59547424316406,47161100,165.1699981689453,166.69000244140625,162.5500030517578,165.8000030517578,44616200,400.11118789524573,403.51138026295973,397.62565473832814,400.3597412109375,20203000,496.1837944972908,508.610821310526,493.4111505917444,508.2817077636719,16156800
2024-08-09,159.43140161323996,163.1977319936456,158.48483983468753,163.0781707763672,28602300,211.38955402452135,216.05387055494424,211.259984607228,215.51568603515625,42201600,166.39999389648438,168.5500030517578,165.85000610351562,166.94000244140625,36401000,401.6919660750819,405.68869229684987,399.93221959838144,403.6704406738281,19276700,506.3667343975276,516.9686457304114,504.3620729861511,516.400146484375,13696600
2024-08-12,163.75571936475353,164.30371841151174,161.25478575040617,161.70315551757812,15895300,215.59550663031672,219.02793942662467,215.12653755613,217.0522918701172,38028100,168.13999938964844,168.5500030517578,166.11000061035156,166.8000030517578,30072800,404.7044554196647,406.39463013243375,401.9007666876047,404.4559020996094,16762900,515.4925265619871,516.6494916340242,507.7530779259636,514.5849609375,9767400
2024-08-13,162.81911822642027,164.13433724204145,162.3807068200086,163.56640625,18551700,218.52902632127157,221.40270642093424,218.52902632127157,220.78407287597656,44155300,167.80999755859375,171.0399932861328,167.10000610351562,170.22999572753906,39237900,407.21979148714996,412.5487901543895,407.19991814538804,411.6142272949219,19414300,518.634261382388,530.0938534798205,516.7791968434872,527.1416625976562,13743800
2024-08-14,161.8127429859203,162.62978510037354,157.1397151588883,159.7900848388672,40591100,220.08562480803565,222.54021400164925,219.21752501736546,221.23309326171875,41960600,172.11000061035156,172.27999877929688,168.86000061035156,170.10000610351562,28843800,412.3996465083127,415.30276256625774,410.0632696291805,414.4477233886719,18267000,526.663003726039,532.5872917660244,521.7460534495959,525.366455078125,11444200
2024-08-15,159.9196408139774,161.05551802843678,159.03285961324696,160.7167510986328,31524300,224.10676986474735,224.8551228159093,222.27079905335071,224.22650146484375,46414000,174.86000061035156,177.91000366210938,173.99000549316406,177.58999633789062,51698500,418.1229861127925,419.42775054091777,415.991550712489,419.34808349609375,20752100,530.3831254346013,538.3420557056077,525.3066251399796,535.9085083007812,13482100
2024-08-16,160.88612516941268,164.46314006883134,160.54735825938926,162.37074279785156,24208600,223.42826155403992,226.33187474025672,223.15885022096822,225.5535888671875,44340200,177.0399932861328,178.33999633789062,176.25999450683594,177.05999755859375,31489200,418.919805326896,419.6568394696199,415.6329698343419,416.7983093261719,22775600,530.4928474587254,532.2481401275614,523.2719502272357,526.024658203125,14776700
2024-08-19,164.68234860612503,166.08725371463413,163.66603265490428,166.06732177734375,22416200,225.2243113108782,225.4937226434457,222.5501887780633,225.39393615722656,40687800,177.63999938964844,178.3000030517578,176.16000366210938,178.22000122070312,31129800,417.2863590170559,420.06522222853687,414.7963458443911,419.8460998535156,15234000,525.4761633303383,530.2534694961323,521.3770509232963,527.8798217773438,9879700
2024-08-20,166.2964988999767,168.03021269363555,166.21680155178487,166.5754852294922,18341500,225.27420804373648,226.6711275207631,224.95490346311303,226.0125732421875,30299000,177.9199981689453,179.00999450683594,177.42999267578125,178.8800048828125,26255200,420.015435317403,424.15879050030776,419.9556774327427,423.10302734375,16387600,526.9521349229415,529.6849369159322,524.4886989518025,525.33642578125,7944400
2024-08-21,164.5528089649255,166.2466739015297,164.07454890935912,165.2502899169922,22902000,226.02254833732334,227.47933353511345,224.5557753561492,225.90280151367188,34765500,179.9199981689453,182.38999938964844,178.88999938964844,180.11000061035156,35599100,422.38589043229285,424.69662989295495,420.03533264675815,422.4456787109375,16067300,525.7553832138777,537.9729743095602,525.5359335970294,533.744140625,13423300
2024-08-22,166.65518277106005,166.98399131629145,162.71946900223335,163.20770263671875,22493300,227.28976176117078,227.8385569948794,223.4083048904395,224.03692626953125,43695300,181.3800048828125,181.47000122070312,175.67999267578125,176.1300048828125,32047500,422.66478826233237,425.0851042062188,412.953736731063,413.8899841308594,19361900,535.5792990612545,542.7901517087026,527.1915755568373,530.522705078125,15708300
2024-08-23,164.12437861861332,165.57909078821876,163.237597440162,165.0211181640625,13955700,225.16444130741013,227.7188169640382,223.83736023691762,226.3418426513672,38677300,177.33999633789062,178.97000122070312,175.24000549316406,177.0399932861328,29150100,415.3142739439322,417.58516466451346,410.44379375355777,415.1250305175781,18493800,535.4994719940111,538.4416794541969,523.6708642018493,526.6030883789062,11323900
2024-08-26,165.77836400723294,166.94413138700807,163.86530867604202,165.5591583251953,14190400,226.2620154817008,226.7808777924977,223.39832305195915,226.68109130859375,30602200,176.6999969482422,177.47000122070312,174.3000030517578,175.5,22366200,414.70669574720716,415.6130641605339,409.6967906199474,411.83819580078125,13152800,526.2041702012604,526.6031363206736,513.5876732511208,519.7413330078125,9584000
2024-08-27,165.2403275821356,165.83816409495242,163.86532792843937,164.0845184326172,11821900,225.5036798955901,228.3474270817302,224.39611696496783,227.5292205810547,35934600,174.14999389648438,174.88999938964844,172.25,173.1199951171875,29842000,411.21070203411466,412.70470986954564,408.6111429903849,412.1867980957031,13492900,517.606945881941,522.6236675283147,513.9466724281382,517.7266235351562,6282700
2024-08-28,164.44320708392877,165.0011948895807,160.9459047509701,162.26113891601562,16407400,227.4194670399241,229.35520907583674,225.18438078371824,225.99261474609375,38052200,173.69000244140625,173.69000244140625,168.9199981689453,170.8000030517578,29045000,413.22267925405737,413.3421950254565,405.68291191971673,408.95977783203125,14882700,516.3004409587714,519.7114368738459,511.09428015210347,515.412841796875,9106100
2024-08-29,163.71585770644296,165.36985884682494,159.67054097302747,161.19500732421875,19699800,229.59470189609323,232.4085012026452,228.37737982242845,229.28536987304688,51906300,173.22000122070312,174.2899932861328,170.80999755859375,172.1199951171875,26407800,413.2824329478728,420.3640158924635,408.95977368399144,411.4696960449219,17045200,517.6767591369255,525.8052213752129,514.3156798736528,516.8489379882812,8317400
2024-08-30,162.03196874119254,163.06821666334946,161.10533887588517,162.7892303466797,22123800,229.6844899472923,229.89402024722435,226.98043458769098,228.49710083007812,52990800,172.77999877929688,178.89999389648438,172.60000610351562,178.5,43429400,413.93977626013776,415.822210323597,410.48363692465733,415.4736328125,24308300,519.9707194315399,522.1549281173368,513.837026073228,519.9308471679688,9157500
2024-09-03,161.1352199073359,161.26475469105404,155.91416233200027,156.79098510742188,38945300,228.04808224732741,228.49709095305272,220.68428466242796,222.28077697753906,50190600,177.5500030517578,178.25999450683594,175.25999450683594,176.25,37817500,416.2405478075573,418.20267931936957,405.4040060811421,407.80438232421875,20313600,518.2652549529001,524.0997538426082,507.2743899868656,510.4060974121094,12459100
2024-09-04,156.09353995742268,158.425075150391,155.3960741138358,155.88429260253906,19353800,221.17322424578342,221.29295584608857,217.0023958735564,220.36500549316406,43840200,174.47999572753906,175.97999572753906,172.5399932861328,173.3300018310547,30309200,404.2884945573242,409.5971891641853,402.7546379619835,407.26654052734375,15135800,504.73114710194517,515.2233348401941,502.73643830752104,511.38348388671875,8335200
2024-09-05,155.73481389394826,158.87341724428614,155.41596373330302,156.67141723632812,18688700,221.14327916881817,224.98481497811864,221.03352013282222,221.89163208007812,36615400,175.0,179.8800048828125,175.0,177.88999938964844,40170500,405.9916319874654,411.44975138862225,404.50759397621573,406.7585754394531,14195500,510.36616818924125,520.2499534305978,509.79766890602514,515.4925537109375,8640900
2024-09-06,156.73120219936595,157.25928448946016,150.00561037278717,150.374267578125,37912100,223.4581991238727,224.74537478911404,219.28738577978086,220.3350830078125,48423000,177.24000549316406,178.3800048828125,171.16000366210938,171.38999938964844,41466500,407.4258901774711,409.0095348193582,399.19887738785627,400.0953063964844,19609500,520.4993164684229,523.1921855093276,496.9318272475794,498.94647216796875,14744500
2024-09-09,152.16015223667844,153.04811005909767,146.8822936520537,148.36888122558594,39260500,220.33506702469683,220.7840757397734,216.23409233980902,220.42486572265625,67180000,174.52999877929688,175.85000610351562,173.50999450683594,175.39999389648438,29037400,405.6131601713445,407.01753119323797,400.5434971977151,404.0992431640625,15295100,504.82089944691495,509.9772045756239,500.751676509204,503.45452880859375,11047800
2024-09-10,150.10488755816476,150.92301391041104,147.9997269680091,148.31900024414062,31118800,218.4392435287618,220.99361925876318,216.25405039598212,219.6266326904297,51591000,177.49000549316406,180.5,176.7899932861328,179.5500030517578,36233800,406.56934824108026,414.66684525245614,406.0713456246143,412.5453796386719,19594300,506.81560821803276,512.8196706618348,498.70711219354445,503.45452880859375,9899000
2024-09-11,149.57610185215293,151.15247937146228,147.18161321895167,150.81326293945312,29607700,220.9736588702828,222.6000688776049,217.4114916314568,222.1710205078125,44587100,180.10000610351562,184.99000549316406,175.72999572753906,184.52000427246094,42564700,413.84017908445105,422.29625388353406,407.9438146629927,421.3500671386719,19266900,505.6686660188839,511.7624868165202,494.2888486189147,510.47589111328125,10782500
2024-09-12,153.4472166512295,154.46488123819847,152.29984538660895,154.33517456054688,29695000,222.01136566399225,223.059062794204,219.33725854525207,222.28077697753906,37498200,184.8000030517578,187.41000366210938,183.5399932861328,187.0,33622500,421.6189886086143,425.6627675750461,418.07321227741465,425.29425048828125,17418800,515.6820442723355,525.3165211916474,513.856868803379,524.2094116210938,11993300
2024-09-13,155.07347350460154,158.0167190902818,154.8539921377882,157.0988311767578,29591200,223.08901316997165,223.5479944694599,221.42268236911949,222.01138305664062,36766600,187.0,188.5,185.91000366210938,186.49000549316406,26495400,424.12890877471926,430.10494036688726,423.76039168984255,428.8699035644531,15874600,518.9634105254878,526.1842465755389,515.7419144489008,523.2320556640625,10321400
2024-09-16,156.949153850456,157.88700007819574,156.2407910010188,157.6974334716797,18379800,216.0644583037111,216.74297289953918,213.4502168549942,215.84495544433594,59357400,185.2899932861328,185.80999755859375,183.36000061035156,184.88999938964844,26065500,428.87987866290234,431.79816683164466,426.50938123863534,429.6169128417969,13834700,523.6513423732874,533.1951441126126,516.5234847252611,532.3765869140625,9527600
2024-09-17,158.65524442097214,160.18173369132347,158.01671306098063,158.95455932617188,20715600,215.27619443719672,216.42366284814068,214.02893954474482,216.31390380859375,45519300,186.85000610351562,189.4499969482422,186.13999938964844,186.8800048828125,26091700,438.47140586333086,440.08492951868885,430.5431821213062,433.41168212890625,18874200,536.6891766997394,541.1815528247878,529.6711185711189,535.411376953125,11690800
2024-09-18,159.4933240269204,160.1318554271487,158.23621961441162,159.4434356689453,23677300,217.07224903728172,222.22092099435915,217.06226125375574,220.20535278320312,59894900,186.4499969482422,188.8000030517578,185.05999755859375,186.42999267578125,34448100,433.2622842089649,434.28816840172493,428.6906237541022,429.0890197753906,18898000,536.1601821813024,543.278108456814,532.9955693907114,537.0386962890625,10323500
2024-09-19,163.3344876968325,163.41429079540828,160.96991366518583,161.76808166503906,26587700,224.49591687958383,229.31531179988679,224.1367068474718,228.3673858642578,66781300,190.0399932861328,190.99000549316406,188.47000122070312,189.8699951171875,39543200,439.46742297057807,439.73633345516527,435.1547030637013,436.93756103515625,21706600,549.0682722628771,561.1178323859846,545.5941870565406,558.15283203125,15647000
2024-09-20,163.12496229374892,163.35443045510996,161.68826294232812,163.21475219726562,40896400,229.46496974860833,232.57811312113958,227.12012443578536,227.6988525390625,318679900,190.22999572753906,191.83999633789062,187.41000366210938,191.60000610351562,100378600,435.47341133704515,437.4853309751932,432.4853956233,433.53118896484375,55167100,559.0512982379992,563.5436747416974,555.3575542597183,560.3989868164062,22066800
2024-09-23,163.97300985155823,165.1103942398001,161.29914948564644,161.47874450683594,24150900,226.8407407931877,228.94610768522742,225.31410200503296,225.97265625,54146000,191.63999938964844,194.4499969482422,190.57000732421875,193.8800048828125,36993100,432.5451724016005,434.7164566201473,428.6707276626035,431.77825927734375,15128900,568.535200139111,573.0075909949846,561.4571846215243,563.4537963867188,12830700
2024-09-24,162.65603264196153,162.84559924653018,160.32140390143587,161.917724609375,23332100,228.14786961487798,228.8463445678705,225.2342838755063,226.8706817626953,43556100,194.27000427246094,195.3699951171875,190.1300048828125,193.9600067138672,43478900,431.27028375011014,431.6188916752313,424.39785343692114,427.4555969238281,17015800,565.7199717295323,566.7881663385376,553.251140972108,562.3756713867188,12993000
2024-09-25,161.09960948590057,162.43653204188453,160.93000127122684,161.11956787109375,18869200,224.43603888049125,226.79085685048213,223.52804884217394,225.8728790283203,42308700,193.75,193.9499969482422,192.16000366210938,192.52999877929688,26391100,428.11292879639643,431.38979462226376,426.8579828341436,430.3838195800781,13396400,563.0943755026146,575.9026560047768,562.764917527023,567.34716796875,16543400
2024-09-26,163.26463623457852,163.70362938299246,161.90775524120266,162.35671997070312,20319300,226.80083714120576,227.99819881641105,224.9149883158055,227.02035522460938,36636700,194.30999755859375,194.52999877929688,189.5399932861328,191.16000366210938,36334900,433.3519348863203,433.56108748494046,427.41575191106693,429.5870361328125,14492000,574.7545771548597,576.421791707134,561.3972407130617,566.8779907226562,14400800
2024-09-27,162.4365443712631,165.31991468714682,162.25696456225583,163.5739288330078,21101300,227.9582911728241,229.01596089620384,226.80083496693393,227.2897491455078,34026000,190.67999267578125,190.89999389648438,187.33999633789062,187.97000122070312,36002300,429.7961684722898,430.1248672217253,425.762359424982,426.3101501464844,14896100,569.1341520453253,569.8729495717097,563.5536563544842,566.3988037109375,9398400
2024-09-30,162.9453785886578,165.76887364583845,162.88550343062403,165.46957397460938,20413900,229.53482055042815,232.4883270263672,229.14567760776433,232.4883270263672,54541900,187.13999938964844,188.49000549316406,184.64999389648438,186.3300018310547,41583900,426.49940732473704,428.7006008520287,423.67075601092984,428.5810546875,16807300,566.7382547675098,573.706410244188,563.8431433708773,571.47021484375,12792300
2024-10-01,167.30535540779766,168.7719847422779,164.2024885113937,166.60696411132812,28338100,229.01597026460064,229.14567442683443,223.24866456606327,225.71324157714844,63285000,184.89999389648438,186.19000244140625,183.4499969482422,185.1300048828125,36044900,426.73847108913304,426.7683500314763,417.1369656739266,419.00946044921875,19092900,577.0007987585797,582.052223949219,569.1341437441329,575.4933471679688,15259300
2024-10-02,166.03826626655388,167.13574919120185,164.3521403294987,165.47955322265625,17760200,225.39393750024195,226.8706831083472,222.5302449869956,226.281982421875,32880600,184.44000244140625,186.60000610351562,184.0399932861328,184.75999450683594,23704100,420.89186366215563,421.13092557899313,415.0453180067373,415.4636535644531,16582300,573.8861145161185,575.0241978646806,568.3755073868431,571.839599609375,6524700
2024-10-03,164.0328822574666,166.25776285148348,163.54400073216186,165.47955322265625,15073100,224.64557310138042,226.3119038145279,222.82957789090332,225.17440795898438,34044200,183.0500030517578,183.44000244140625,180.8800048828125,181.9600067138672,30204300,415.9616796785687,417.8739927473743,412.63502577299244,414.87603759765625,13686400,569.1840999965109,582.3716811685491,567.7664618304881,581.78271484375,11581000
2024-10-04,167.67450983826666,167.84411807380985,165.10042588796134,166.6768035888672,19047400,227.39951613756347,227.49930262356304,223.63780617480538,226.30194091796875,37245100,185.75,187.60000610351562,183.60000610351562,186.50999450683594,40890300,416.5692334072243,418.07321108796054,413.3123071245128,414.39794921875,19169700,582.7410829589448,595.8388514800449,580.4449915774629,594.930419921875,14169500
2024-10-07,167.3352883566198,168.09353960289477,162.37668722767793,162.6061553955078,22463100,224.0069821228032,225.1943712346882,220.84394549402703,221.20315551757812,39505400,182.9499969482422,183.60000610351562,180.25,180.8000030517578,42364200,414.3381769946468,415.4437282135342,407.3661403625253,407.90399169921875,20919800,597.2065408042621,601.9285692599291,583.0505701091017,583.7893676757812,12014200
2024-10-08,163.5639517960843,164.35213297119705,162.49639888774195,164.00294494628906,23072700,223.80742742544692,225.4837307412941,222.75973024040246,225.27420043945312,31855700,181.9199981689453,183.08999633789062,180.9199981689453,182.72000122070312,26372100,409.25856700863125,413.99956190900485,406.5394920239681,413.0533447265625,19229300,588.6909682347708,592.5544069282686,584.9772388569517,591.8855590820312,7857400
2024-10-09,163.07507293573457,164.46188392429227,159.37359151374716,161.4887237548828,31181800,224.73538646570117,229.24546472466872,224.33627096325682,229.03591918945312,33591100,182.82000732421875,185.85000610351562,182.0500030517578,185.1699981689453,26343100,414.19871346026423,418.70067647812056,412.6449477589923,415.7923278808594,14974300,592.9836672926635,593.383013995398,580.6246363035814,589.5095825195312,9529700
2024-10-10,160.50099024469034,162.69595604624766,160.0320671165202,161.70822143554688,14144100,227.27979028338342,228.99601435408132,226.67112924406288,228.53701782226562,28183500,187.1300048828125,188.1300048828125,185.8300018310547,186.64999389648438,27785000,413.57128437543724,415.68281071093077,411.49957636636015,414.1788330078125,13848400,586.5745352205768,589.2300017888213,581.5331032114448,582.8408813476562,7740400
2024-10-11,161.75810039177787,163.52402928799188,160.87014254138842,162.8655548095703,15344300,228.79644988971887,228.9062089337624,226.84074743911052,227.05029296875,31759200,186.6300048828125,189.92999267578125,186.3000030517578,188.82000732421875,25751600,414.47761722865823,415.4636526469778,411.59914761969196,414.6568908691406,14144900,583.8392403320302,590.2084366715601,581.722836757389,588.9505615234375,8587100
2024-10-14,163.26463978878337,165.84869515872447,163.02518482340258,164.5816192626953,19016100,228.19775690140833,231.22110160659443,228.09798564307096,230.79205322265625,39882100,189.77999877929688,189.8300018310547,187.36000061035156,187.5399932861328,22614400,416.10111495840073,422.3460875183581,415.8521136383557,417.4656677246094,16653100,593.21322748736,599.0832703101336,588.9604960748801,589.419677734375,8252000
2024-10-15,165.40970450318616,167.29536861569628,164.25237687914083,165.08047485351562,20247200,233.0969778733182,236.9684620133565,231.85969551276995,233.33645629882812,64751400,187.6300048828125,188.41000366210938,184.5800018310547,187.69000244140625,32178900,420.4934907291295,420.7923105426525,413.60115139482065,417.0672302246094,18900200,589.1601579101996,589.609407732317,579.1571746540536,585.2767944335938,9564200
2024-10-16,164.1525986742248,165.41968980167007,163.36441748042412,164.78115844726562,16406000,231.09139869260778,231.61024577942743,229.33525401328018,231.27099609375,34082200,187.0500030517578,187.77999877929688,185.61000061035156,186.88999938964844,23456800,413.51151588006746,414.6967341717602,408.84024879356656,414.45770263671875,15508900,580.4150414195622,581.0938820809059,573.0575322321221,575.8128051757812,11268400
2024-10-17,165.3498394792033,165.9883708197769,162.3866509330354,162.55625915527344,21453400,232.9173703418766,233.3364614020046,230.0137723986246,231.6401824951172,32993800,188.22000122070312,188.94000244140625,186.0,187.52999877929688,25039400,420.6727515049861,420.81220682616237,413.9298070859751,415.0552978515625,14820000,582.3417573737693,583.9789326282403,574.2255260943747,575.9525756835938,8701200
2024-10-18,162.81568258592537,164.3322003226238,162.7059342913527,163.04515075683594,19757700,235.66131853389138,235.66131853389138,233.4960858911256,234.48391723632812,46431500,187.14999389648438,190.74000549316406,186.27999877929688,188.99000549316406,37417700,415.47364856596283,417.97360109842316,414.5971590742364,416.48956298828125,17145300,580.1155081526317,582.9806410828543,574.2754432717226,575.4933471679688,7694300
2024-10-21,162.57622324771475,164.12267091200812,162.24697837282997,163.69366455078125,20946500,233.9351372634737,236.32987592195377,233.9351372634737,235.96067810058594,36254500,188.0500030517578,189.4600067138672,186.39999389648438,189.07000732421875,24639400,414.457708513249,417.2863598354636,412.09718088424023,417.1070861816406,14206100,575.0541901204554,576.2621012910602,568.1458692618588,574.1856079101562,8171900
2024-10-22,162.60615092256947,165.38975972379467,162.60615092256947,164.76119995117188,16568100,233.376366009758,235.70125104779564,232.08920560922664,235.342041015625,38846600,188.35000610351562,191.52000427246094,186.97999572753906,189.6999969482422,29650600,416.8182287379404,428.85992860317606,416.3700446113444,425.8022155761719,25482200,573.3170341117068,582.5414311786456,571.150727517959,581.0239868164062,8544500
2024-10-23,164.38207025094962,165.43965162521155,161.5585598399715,162.4066162109375,18280500,233.56595129753524,234.62362105235994,227.25982300232985,230.25323486328125,52287000,188.85000610351562,189.16000366210938,183.69000244140625,184.7100067138672,31937100,429.13881136450993,429.3579337373482,420.8421009299413,422.9038391113281,19654400,578.9874344994295,584.0089423449544,561.5470599470716,562.7350463867188,14248400
2024-10-24,162.45648900457678,162.95534206352698,160.64065656258018,162.34674072265625,22412500,229.47495899723685,230.3131259260407,227.90841463888628,230.0636749267578,31109500,185.25,187.11000061035156,183.86000061035156,186.3800048828125,21647400,423.6309040350223,424.27833177082186,420.71261591698874,423.0333251953125,13581600,566.1691920700792,567.9162272782188,560.568710969321,566.818115234375,7184700
2024-10-25,163.29456372883286,165.21015770980458,163.04513719135548,164.89089965820312,19828900,229.23547896644118,232.7078323586645,229.0658541264054,230.9018096923828,38802300,187.85000610351562,190.4499969482422,187.52999877929688,187.8300018310547,29362100,425.0552047565001,430.79217425375066,424.8659613297776,426.43963623046875,16899100,572.9576492363118,580.3051654129531,570.7513714491723,572.27880859375,11337900
2024-10-28,168.3629124526984,168.3629124526984,163.5739198981752,166.3375701904297,32138600,232.80762499530724,234.21451699403664,232.03931169048735,232.88743591308594,36087100,189.57000732421875,190.2100067138672,188.2100067138672,188.38999938964844,27930800,429.9356180313113,430.21449827781026,424.5970142324742,424.8858642578125,14882400,581.0140022146043,582.7610374446309,573.147347275715,577.1804809570312,10925100
2024-10-29,167.34524754513916,169.98917796535144,166.70671622088258,169.290771484375,42169000,232.58810476348472,233.815399347975,231.8098189074392,233.15684509277344,35417200,188.5800018310547,191.4600067138672,187.82000732421875,190.8300018310547,35690200,426.29025434116863,431.43961494644003,424.09903059516625,430.2244873046875,17644100,579.1672018209299,592.6642563781992,574.4252487176307,592.2749633789062,13019100
2024-10-30,180.26553244445503,181.6024702004282,173.660722875302,174.059814453125,68890800,232.09916306464564,232.95727501758805,229.04588560251634,229.5946807861328,47070900,194.6999969482422,195.61000061035156,192.4199981689453,192.72999572753906,37707600,435.69254402246366,436.7483071680008,430.3738795735308,430.8021545410156,29749100,599.961803260404,600.18146222204,588.3814802937598,590.79736328125,26864900
2024-10-31,172.73288489023227,176.41442332366287,170.60776574356834,170.71751403808594,44769000,228.83635490362704,229.325284321648,224.8750719925984,225.4138946533203,64370100,190.50999450683594,190.60000610351562,185.22999572753906,186.39999389648438,75146800,413.70073237613923,414.4975548257246,404.67692710480617,404.72674560546875,53971000,584.0089406317576,588.9006638234266,562.0562040483729,566.6184692382812,26838400
2024-11-01,169.67989197256162,171.924730806551,168.49261922011235,170.89707946777344,31796500,220.48472918772245,224.8551151455125,219.78626950218685,222.42047119140625,65276700,199.0,200.5,197.02000427246094,197.92999267578125,99687800,407.37612978056814,413.8401943287888,405.8721520793777,408.7306823730469,24230400,566.6483464807679,572.6980772551971,561.6069143240354,566.1990966796875,15303200
2024-11-04,169.54019582543023,170.33836377636248,167.6246018774653,168.85179138183594,21492700,220.5046966292777,222.3007315284092,219.2275088130919,221.52244567871094,44944500,196.4499969482422,197.3300018310547,194.30999755859375,195.77999877929688,38492100,408.1629515330161,408.78050033889826,403.9498686523884,406.82830810546875,19672300,563.144352806453,567.7266038519388,556.9449119547328,559.7301635742188,12064600
2024-11-05,169.04136050984187,170.1388434605921,168.45271748343447,169.3506622314453,18242100,221.31291912362707,223.45819152571042,220.65436486265338,222.95928955078125,28111300,196.0399932861328,199.82000732421875,195.99000549316406,199.5,30564800,406.73866209939297,413.24257521436044,406.4498120639611,409.8163146972656,17626000,566.3388912408113,572.5084140245058,565.7099536866323,571.460205078125,9775400
2024-11-06,173.40134249175,176.53413938489027,173.1020275837351,176.10511779785156,33695500,222.12113695305962,225.5735453041769,220.7042571772517,222.23089599609375,54561100,200.00999450683594,207.5500030517578,199.13999938964844,207.08999633789062,72292200,410.77248502778195,418.77040570560524,408.8800507986786,418.50146484375,26681800,561.7966390012363,572.0292743628759,554.229463302176,571.0808715820312,18305400
2024-11-07,177.00306824410018,180.66464832946426,176.78357165271254,180.3354034423828,25352900,224.13670611072257,227.37956894750107,224.0768403097807,226.98043823242188,42137700,207.44000244140625,212.25,207.19000244140625,210.0500030517578,52878400,419.5970836269586,425.14484007349097,418.2026823789465,423.7304992675781,19901800,575.9127234281675,593.7923558507847,574.2355767751123,590.6976318359375,14653700
2024-11-08,180.23561473741785,180.48504128160124,177.6715177795822,177.94090270996094,22006200,226.92049995960826,228.4088689967903,226.16134014604208,226.7107391357422,38328800,209.72000122070312,209.9600067138672,207.44000244140625,208.17999267578125,36075800,423.6209440547306,424.7962229099081,420.095077093531,420.85205078125,16891400,590.5378379587844,592.0951926933623,583.5297721190619,588.3416137695312,9415700
2024-11-11,178.17038077952392,180.13586327493155,178.06063248502642,179.9363250732422,17450400,224.7528927426808,225.45212091614073,221.25673663335022,223.98373413085938,42005600,208.5,209.64999389648438,205.58999633789062,206.83999633789062,35456000,420.83211176857736,423.11297221775334,414.3381687204943,416.34014892578125,24503300,585.366604942105,586.00553531121,575.5333166694651,582.1820068359375,10209100
2024-11-12,179.40752552521292,182.07139909398467,178.9785039683493,181.20338439941406,25134900,224.30339000560164,225.34224111445195,223.11469448970428,223.98373413085938,40398300,208.3699951171875,209.5399932861328,206.00999450683594,208.91000366210938,38942900,416.57918414479684,422.744458901271,415.533390819855,421.340087890625,19401200,587.5428920783899,598.6440480490492,579.3967433041139,583.8292236328125,16287700
2024-11-13,180.04607372180914,180.54492683890805,178.130464355215,178.46969604492188,23184000,223.76397540644066,226.4010754152989,222.5153482196322,224.8727569580078,48566200,209.39999389648438,215.08999633789062,209.13999938964844,214.10000610351562,46212900,419.9556581526565,427.6149103778975,416.5393371261829,423.5014343261719,21502200,581.6229586734983,584.6478546567904,574.1955606863224,579.0173950195312,10757600
2024-11-14,177.8710496301556,178.40981947170926,173.9201418364374,175.17724609375,31007500,224.77287777547028,228.61864039722624,224.7528954725484,227.9693603515625,44923900,214.16000366210938,215.89999389648438,210.8800048828125,211.47999572753906,42620300,423.30222788535474,426.4595778768523,418.3222016749388,425.1846923828125,30246900,576.0224878119504,579.7761276375875,572.0392571340474,576.1821899414062,11053700
2024-11-15,173.3314910172349,173.7405542062273,170.8272539769183,172.09434509277344,32504600,226.15134020310103,226.67077335813082,224.023689933323,224.7528839111328,47923700,206.75999450683594,207.33999633789062,199.61000061035156,202.61000061035156,86591100,418.14294637599176,421.1110226744225,411.98764100476023,413.3421936035156,28247600,570.252274465218,571.6000240070317,550.5657111050427,553.141357421875,17712900
2024-11-18,173.02219578168507,175.03756643328137,172.5033843297936,174.89788818359375,20206600,225.00261496304853,229.4876892234719,224.92270099550518,227.7695770263672,44686000,204.14999389648438,204.6699981689453,200.9499969482422,201.6999969482422,36512500,413.21269235073834,416.72858966014985,410.45376875637714,414.0991516113281,24742000,556.0962966980143,558.9514978806496,549.1581194372038,553.4608154296875,14346700
2024-11-19,173.32152453373092,178.45970544097182,173.16188788594766,177.71142578125,23434900,226.73070634208972,229.90722171238716,226.41106572007726,228.02928161621094,36211800,199.3300018310547,205.3000030517578,198.77999877929688,204.61000061035156,31197900,411.4597051471197,416.27042741990954,409.9059394231008,416.12103271484375,18133500,550.9250607524925,560.4788552047905,549.6671856118743,560.1394653320312,9522400
2024-11-20,176.9332054393086,177.27242187746617,173.38137397204065,175.57632446289062,18997100,227.80951934283004,229.67746064503265,225.64190448211673,228.7484893798828,35169600,202.97999572753906,203.1300048828125,199.4499969482422,202.8800048828125,32769000,415.2046922657536,415.62302783332285,408.93981090505724,413.8302001953125,19191700,561.9763116905509,565.390500678348,553.2611210117975,564.5619506835938,9797300
2024-11-21,173.50110570024947,173.73058909215166,163.32450529327863,167.24549865722656,59734400,228.6286329426038,229.90722593821596,225.46211628612434,228.26902770996094,42108300,203.49000549316406,203.49000549316406,195.75,198.3800048828125,58800000,418.6605301722443,418.9399686403921,409.4689690149979,412.0437927246094,20780200,568.555146432614,569.0343137249589,548.1197947446825,562.1360473632812,11154700
2024-11-22,165.4695761261647,166.0781775052239,163.52403689515066,164.38206481933594,38604600,227.80952873867182,230.46661102927646,227.80952873867182,229.61753845214844,38168300,198.25,199.25999450683594,196.75,197.1199951171875,31530800,410.5467888521348,416.56472079906104,410.2374116400306,416.16552734375,24814600,562.5952510232509,562.8748059092092,553.650469580645,558.1927490234375,9164000
2024-11-25,165.70900750846198,168.2431896044489,165.2301128286344,167.2654266357422,33135300,231.2058026888721,232.99383009111634,229.48769048234254,232.61424255371094,90152800,199.27999877929688,201.9499969482422,199.0,201.4499969482422,40685700,417.54278213072394,420.23736087052777,414.0198472532827,417.95196533203125,27691100,561.1476776202871,571.6199568654145,555.4473903786079,564.152587890625,13599800
2024-11-26,167.24549839943876,169.43047745533647,167.19561004372002,168.73207092285156,20486700,233.07373841155265,235.31128373473052,233.07373841155265,234.8018341064453,45986200,201.89999389648438,208.0,201.7899932861328,207.86000061035156,41673700,418.75036014607525,428.18146205416855,418.01185069672323,427.133544921875,23458900,565.0410943888924,576.5216113243557,564.2424619188627,572.5682983398438,10356600
2024-11-27,168.61234397565445,169.09123867813173,167.6345961844918,168.84181213378906,19266500,234.21249554010248,235.43115689965902,233.55321672420507,234.67198181152344,33498400,206.97999572753906,207.63999938964844,205.0500030517578,205.74000549316406,28061600,424.2593075311874,426.37509083138485,421.17549451394376,422.1435546875,18332400,573.9160190095296,574.0058324070926,563.1442607498313,568.2356567382812,7200200
2024-11-29,168.1134894922982,169.0413489221372,166.7765668794217,168.5624542236328,14257200,234.55211454995276,237.5488197625333,233.71304074851764,237.06935119628906,28481400,205.8300018310547,208.1999969482422,204.58999633789062,207.88999938964844,24892400,419.24935840992123,424.0297817162198,416.9639323784013,422.61260986328125,16271900,568.0360512532919,577.4800469055187,565.9396332575727,573.3470458984375,7130500
2024-12-02,168.38287195306333,171.6852768885628,168.18333376692627,171.0966339111328,23789100,237.00941446483552,240.52553753151284,236.89953466637493,239.3268585205078,48137100,209.9600067138672,212.99000549316406,209.50999450683594,210.7100067138672,39523200,420.72641076442574,432.13353107658475,420.4669212999132,430.1175842285156,20207200,576.5216376072835,593.4928373290564,574.5949145977398,591.82568359375,12522400
2024-12-03,171.0966254993042,172.28388297677475,170.4580942007859,170.94696044921875,22248700,239.54662188503684,242.49337894569658,238.6376176509325,242.3834991455078,38861000,210.30999755859375,214.02000427246094,209.64999389648438,213.44000244140625,32214800,428.9798333762607,431.60457529422956,426.88402964452257,430.3371276855469,18302000,593.9919840199593,613.1594686318281,590.2483370618503,612.6104125976562,14907200
2024-12-04,170.75740145903967,174.50878632573773,170.6676115592613,173.9700164794922,31615100,242.60325739533934,243.84190102311462,240.9850414761411,242.74310302734375,44383900,215.9600067138672,220.0,215.75,218.16000366210938,48745700,432.1634480898198,438.79017518476684,431.7642546343851,436.544677734375,26009400,611.9215552584485,616.7333966061125,604.0748252320993,612.7401733398438,14697000
2024-12-05,174.95774996584004,175.65614122166315,171.93470156837253,172.24398803710938,21356200,243.72204013219255,244.2714238935446,241.86408229295347,242.7730712890625,40033900,218.02999877929688,222.14999389648438,217.3000030517578,220.5500030517578,41140200,437.0436765362191,443.770179142923,435.2971785217715,441.7342529296875,21697800,616.0345935489895,618.8498233695451,606.0215565844734,607.8983764648438,8081200
2024-12-06,171.6354044780067,174.6784115765489,171.4657962428472,174.30926513671875,21462400,242.6432183998472,244.3613305629988,241.8141281502541,242.5732879638672,36870600,220.75,227.14999389648438,220.60000610351562,227.02999877929688,44178100,441.4148949698492,445.2073090094776,440.88595677867977,442.682373046875,18821000,609.0663720551125,628.7230165931262,607.4990854973933,622.7132568359375,16935500
2024-12-09,173.75989224042516,176.05723424799297,173.45023604553785,175.1682586669922,25389600,241.56440918324205,246.96847124510987,241.48449521514058,246.47900390625,44649200,227.2100067138672,230.0800018310547,225.6699981689453,226.08999633789062,46819400,441.7143023543043,447.4328163406456,439.6184986530788,445.12744140625,19144400,622.8629585822455,625.3387984829403,605.143030037455,612.530517578125,11426000
2024-12-10,182.6396622409938,186.14561898038454,180.8417298459591,184.9569854736328,54813000,246.61884065291167,247.93739821602466,245.0705399660552,247.4978790283203,36914800,226.08999633789062,229.05999755859375,224.1999969482422,225.0399932861328,31199900,443.500747434082,448.7202622082635,440.71632196493806,442.4428405761719,18469500,616.5137848674528,624.5302104357933,611.7019431511976,618.2708129882812,10938900
2024-12-11,185.0968273042346,195.3849818086967,184.637364997593,195.1752166748047,67894100,247.68767076725757,250.52454792031958,245.98952569372008,246.2192840576172,45205800,226.41000366210938,231.1999969482422,226.25999450683594,230.25999450683594,35385800,443.1614051498909,449.4488165759074,443.1614051498909,448.0915222167969,19200200,622.3139290288647,637.318495591936,620.4770803388628,631.608154296875,10837200
2024-12-12,194.77567768503926,194.9554633024938,191.48946911126617,191.7391815185547,34817500,246.61885092340057,248.46682524629017,245.41017310687806,247.68768310546875,32777500,229.8300018310547,231.08999633789062,227.6300048828125,228.97000122070312,28204100,448.2112581986308,455.24716851093444,448.2112581986308,448.6603698730469,20834800,630.4301936561714,635.5814254356923,626.1474831596408,629.7213745117188,7474700
2024-12-13,190.7902570178538,192.50827955283287,189.42183794011777,189.6016387939453,25143500,247.54782582286595,249.01619729452798,245.96955931284188,247.85748291015625,33155300,228.39999389648438,230.1999969482422,225.86000061035156,227.4600067138672,28768100,447.5426110314286,450.5266178755225,444.6883184556146,446.37493896484375,20177800,626.1574292737397,630.0109365523356,615.8449726718511,619.299072265625,8453300
2024-12-16,192.648128127054,198.77108139081074,192.39841571324646,196.43377685546875,44934900,247.71764416028498,251.10392039685559,247.3780059899919,250.7642822265625,51694800,230.22999572753906,233.0,228.00999450683594,232.92999267578125,37552100,446.37494735046533,451.27512549789225,444.38893932865295,450.6863098144531,23598800,629.420007736044,630.5890116598864,618.0301774865133,623.6851196289062,10885600
2024-12-17,197.02308705872431,201.18828813489583,194.7556941593745,195.1951904296875,43504000,249.80533943156328,253.5512208135588,249.50566587259755,253.20159912109375,51356400,232.38999938964844,232.72999572753906,227.85000610351562,231.14999389648438,35948100,450.10748972576295,454.3789237624039,448.67036888572403,453.5505676269531,22733500,625.613402725808,631.8079039629248,615.9919576111723,618.889404296875,12897800
2024-12-18,194.99541962680925,196.77337069091053,187.52402890568504,188.18325805664062,34166100,251.88305927654196,254.0007260278641,247.46791553993853,247.77757263183594,56774100,230.77000427246094,231.39999389648438,220.11000061035156,220.52000427246094,43281400,450.4168569277278,451.7441820228141,436.1454548251872,436.5147399902344,24444500,620.4480133143085,626.8023454819172,595.7899578806528,596.6591796875,17075500
2024-12-19,191.40955777871685,192.8079411518366,188.16329650997008,188.2931365966797,32265200,247.22817727073837,251.72323503929724,246.81862390484895,249.51565551757812,60882300,224.91000366210938,226.08999633789062,222.9199981689453,223.2899932861328,39918700,440.73626782337294,442.29314366547726,435.4468858542376,436.15545654296875,22963700,609.8474217814187,610.9764221710803,594.4710877502442,595.0405883789062,14958100
2024-12-20,185.56627599656574,192.66809720587494,185.00692266360085,191.18980407714844,63462900,247.76758181309805,254.71994465608725,245.42017186050566,254.21051025390625,147495300,219.83999633789062,226.2100067138672,218.72999572753906,224.9199981689453,88279200,432.2432815476765,442.85201454579715,427.7722660445124,435.726318359375,64263700,590.0550768385264,602.5739077699969,579.4844638542556,584.7297973632812,48989400
2024-12-23,192.3984151157297,194.87557322669755,189.93125525567427,194.40611267089844,25675000,254.49020366493687,255.36922684225433,253.17164603591402,254.98965454101562,40858800,225.00999450683594,226.8800048828125,223.89999389648438,225.05999755859375,28070000,435.86603695951885,436.7742196281346,431.96385754199804,434.3790283203125,19152500,589.0758836258183,600.5557214561685,585.7288858135305,599.3167724609375,10205800
2024-12-24,194.61585613024195,195.8843994140625,193.55707797257898,195.8843994140625,10403300,255.2094124344067,257.92641115938613,255.0096198916901,257.91644287109375,23234700,226.94000244140625,229.13999938964844,226.1300048828125,229.0500030517578,15007500,433.7802087154167,438.7203153724094,433.32113775673025,438.4508361816406,7164500,602.18421967186,607.4495547417749,598.7473359909974,607.2097778320312,4726100
2024-12-26,194.92550545907343,196.52367101490134,194.1564021929594,195.375,12046600,257.90642916266114,259.81433504408284,257.34704665632455,258.7355041503906,27237100,228.5,228.5,226.6699981689453,227.0500030517578,16146700,438.20133650274425,440.0576302640168,435.7562575113133,437.2332763671875,8194200,604.9417711960614,605.7610496183185,598.4076065348586,602.8136596679688,6081400
2024-12-27,194.72573696465102,195.09532170060632,190.43068040496257,192.5382537841797,18891400,257.54682582842287,258.41589596104086,252.78207543596488,255.30929565429688,42355300,225.60000610351562,226.02999877929688,220.89999389648438,223.75,27367100,433.73031978660106,434.3490742197977,425.49682901810996,429.66845703125,18117700,598.8771866170372,601.3150202583132,589.2757431165518,599.27685546875,8084200
2024-12-30,189.58165840021294,192.32849481864238,188.90243274221342,191.02000427246094,14264700,251.95298524244893,253.22159473829512,250.47461491371794,251.9230194091797,35557500,220.05999755859375,223.0,218.42999267578125,221.3000030517578,28321200,425.2074080072107,426.6944166190143,421.05572893712207,423.9798583984375,13158700,588.226639708199,596.4093617724204,585.059474705781,590.7144165039062,7025900
